sale_id;sale_date;department_id;product_id;purchase_hour;quantity;amount
1;2009-01-01;1;3382;15;1;293,92
2;2009-01-01;1;18346;17;1;22,15
3;2009-01-01;2;85600;16;1;32,16
4;2009-01-01;3;62535;14;4;202,72
5;2009-01-01;2;40315;15;3;47,52
6;2026-07-03;5;810;17;2;1530,0
7;2024-01-19;4;3382;10;3;2040,0
8;2024-11-01;5;40315;13;2;1020,0
9;2024-01-12;1;3382;16;3;1020,0
10;2025-12-30;2;774;17;4;1020,0
11;2025-11-27;4;824;13;5;510,0
12;2025-02-25;2;810;9;1;2040,0
13;2025-11-14;5;810;20;3;2040,0
14;2025-12-09;5;85600;21;2;1530,0
15;2023-08-19;3;898;17;4;2550,0
16;2023-01-26;5;18346;8;1;510,0
17;2024-10-18;1;62535;19;3;1020,0
18;2026-02-15;2;3382;15;4;510,0
19;2023-07-27;2;91200;19;5;2550,0
20;2023-02-18;1;824;8;2;1020,0
21;2024-10-23;5;774;17;1;1530,0
22;2025-02-24;2;810;20;1;2550,0
23;2026-02-08;5;91200;9;1;1530,0
24;2023-04-13;2;3382;10;4;1020,0
25;2026-05-12;1;3382;21;3;1020,0
26;2026-06-26;5;810;14;1;2550,0
27;2025-12-18;3;898;18;1;2550,0
28;2023-02-05;5;774;9;5;2040,0
29;2025-03-03;5;18346;13;4;1530,0
30;2026-03-27;1;824;17;4;1020,0
31;2026-04-23;3;40315;13;2;1020,0
32;2023-03-28;2;3382;17;1;2550,0
33;2025-04-21;4;824;11;2;1020,0
34;2026-02-19;3;85600;18;2;2550,0
35;2023-01-17;5;85600;21;1;2550,0
36;2024-03-01;3;91200;15;4;510,0
37;2024-04-03;5;40315;21;5;1530,0
38;2023-09-21;4;774;16;1;1020,0
39;2025-08-22;2;62535;17;3;1530,0
40;2025-12-07;5;898;19;5;1530,0
41;2024-04-16;4;91200;8;1;2550,0
42;2024-06-27;1;18346;9;5;2040,0
43;2023-02-13;1;62535;17;1;510,0
44;2023-10-20;5;18346;17;2;2550,0
45;2025-10-24;1;3382;16;1;2550,0
46;2023-09-13;3;85600;8;2;1020,0
47;2023-07-25;5;62535;19;1;2550,0
48;2025-05-10;2;824;12;2;1020,0
49;2026-07-26;2;898;20;4;510,0
50;2023-07-01;1;40315;17;2;2040,0
51;2024-02-27;1;18346;14;3;1020,0
52;2024-03-15;1;774;11;5;510,0
53;2026-06-08;2;774;13;4;1020,0
54;2023-02-26;1;62535;18;5;510,0
55;2024-10-27;3;62535;10;3;1020,0
56;2025-02-12;2;898;20;5;510,0
57;2026-06-23;5;18346;16;5;2040,0
58;2023-02-05;4;3382;14;3;1020,0
59;2025-06-04;4;91200;18;5;1020,0
60;2023-06-14;3;810;17;3;2040,0
61;2025-04-29;2;898;9;1;1530,0
62;2025-08-06;4;85600;12;5;2550,0
63;2023-10-04;1;62535;20;5;1020,0
64;2025-01-28;1;18346;12;3;1530,0
65;2024-06-18;5;824;17;5;1020,0
66;2024-01-13;5;85600;10;2;2550,0
67;2024-03-29;3;18346;9;1;510,0
68;2023-12-20;1;40315;12;3;510,0
69;2024-12-10;3;40315;11;1;2040,0
70;2023-08-22;3;40315;10;5;2550,0
71;2025-08-11;1;898;13;4;510,0
72;2024-12-22;4;3382;20;4;1530,0
73;2023-02-14;2;824;13;3;2040,0
74;2023-01-04;2;40315;13;3;2040,0
75;2024-03-31;5;85600;17;4;510,0
76;2024-09-04;5;824;12;4;2040,0
77;2025-08-05;1;898;16;5;2550,0
78;2025-03-22;2;824;9;1;1530,0
79;2026-07-22;3;3382;12;3;2040,0
80;2023-06-05;2;824;16;2;510,0
81;2025-01-02;2;774;17;1;1530,0
82;2025-05-18;1;91200;15;1;1020,0
83;2024-06-07;5;18346;21;1;1020,0
84;2025-08-12;4;18346;16;1;2040,0
85;2025-08-20;1;91200;10;4;510,0
86;2026-03-04;4;824;17;3;510,0
87;2025-08-09;3;91200;11;2;510,0
88;2026-08-12;3;40315;12;1;510,0
89;2025-04-03;4;774;19;5;1020,0
90;2024-01-08;3;824;16;3;2040,0
91;2023-03-07;4;898;17;1;510,0
92;2025-06-26;5;40315;21;5;510,0
93;2024-07-03;3;18346;21;4;510,0
94;2024-06-25;5;62535;16;2;2550,0
95;2023-01-07;4;810;8;3;1530,0
96;2024-01-28;2;3382;15;4;510,0
97;2026-02-03;4;85600;8;2;1530,0
98;2026-05-10;5;810;9;4;1020,0
99;2023-05-19;2;774;13;5;1020,0
100;2023-03-30;1;898;17;2;2550,0
101;2025-07-19;2;3382;11;3;510,0
102;2026-03-02;2;85600;15;3;2550,0
103;2024-04-04;3;18346;9;4;2040,0
104;2024-10-14;2;40315;8;3;1530,0
105;2023-02-20;2;898;10;2;510,0
106;2024-10-07;2;40315;16;1;2040,0
107;2025-09-27;1;3382;17;2;2550,0
108;2025-06-09;1;40315;19;4;510,0
109;2023-06-18;4;40315;14;5;2550,0
110;2025-07-09;4;3382;21;2;2550,0
111;2025-12-30;1;18346;13;3;2040,0
112;2023-03-10;5;85600;17;3;1530,0
113;2026-06-28;1;85600;15;3;1530,0
114;2025-05-25;4;40315;21;5;1020,0
115;2025-01-09;2;91200;14;5;1530,0
116;2023-11-25;2;774;13;5;2550,0
117;2023-05-10;4;3382;16;5;1530,0
118;2023-01-11;1;898;16;1;1530,0
119;2024-03-20;3;810;17;1;2550,0
120;2025-07-19;2;810;8;4;2040,0
121;2025-04-13;1;824;8;2;2040,0
122;2023-05-27;4;40315;9;3;2550,0
123;2023-07-04;2;898;14;1;1020,0
124;2025-06-20;1;3382;18;1;2040,0
125;2024-09-20;4;91200;20;1;2040,0
126;2026-06-05;1;18346;21;4;1020,0
127;2025-03-26;4;18346;11;2;2040,0
128;2023-04-15;5;91200;20;3;1530,0
129;2023-09-15;5;91200;11;3;2040,0
130;2023-10-23;4;3382;9;4;510,0
131;2023-09-28;2;62535;16;1;2040,0
132;2025-06-28;4;18346;18;5;1020,0
133;2023-09-14;5;40315;20;2;2550,0
134;2023-04-10;4;40315;20;5;1530,0
135;2024-10-18;1;40315;19;1;510,0
136;2023-07-16;3;18346;17;5;1020,0
137;2024-02-08;2;18346;14;5;2550,0
138;2025-07-16;2;824;17;4;2550,0
139;2023-05-01;2;824;10;1;2040,0
140;2023-06-20;4;774;18;1;2040,0
141;2026-08-21;4;898;12;3;2040,0
142;2023-05-24;2;898;17;1;510,0
143;2026-05-14;4;3382;16;5;510,0
144;2024-08-20;4;85600;8;2;1530,0
145;2025-05-15;4;3382;16;5;2040,0
146;2025-02-03;2;3382;19;4;2040,0
147;2025-07-03;3;810;14;1;1530,0
148;2024-02-07;4;40315;10;3;2040,0
149;2025-09-08;1;824;13;4;2040,0
150;2024-10-28;4;18346;17;2;1020,0
151;2026-04-15;1;62535;8;3;2040,0
152;2026-08-07;1;85600;13;4;1020,0
153;2023-03-29;2;824;9;2;2550,0
154;2024-02-02;2;85600;10;4;2550,0
155;2025-11-16;2;3382;14;5;1530,0
156;2023-05-21;3;85600;16;2;2040,0
157;2025-06-17;2;62535;20;1;1020,0
158;2024-11-19;2;91200;17;5;2040,0
159;2023-07-08;1;898;12;2;510,0
160;2026-07-06;1;3382;14;1;1020,0
161;2025-01-28;1;824;11;3;1530,0
162;2026-05-12;1;91200;16;1;2550,0
163;2024-01-13;1;810;15;2;1530,0
164;2025-09-14;1;774;10;1;1020,0
165;2023-03-26;1;810;9;5;2040,0
166;2023-07-01;4;3382;14;5;1530,0
167;2025-08-12;3;85600;15;5;1020,0
168;2026-01-13;4;62535;15;4;1530,0
169;2024-05-20;3;62535;19;3;2040,0
170;2023-06-08;2;810;16;4;1020,0
171;2026-03-04;5;40315;19;3;510,0
172;2023-11-01;1;824;14;5;2040,0
173;2025-04-21;3;3382;17;2;1530,0
174;2023-08-03;3;810;11;3;1530,0
175;2025-09-14;2;85600;17;1;510,0
176;2025-12-04;1;3382;18;5;1020,0
177;2025-09-07;1;898;20;1;1020,0
178;2023-01-05;3;898;11;2;2550,0
179;2023-03-30;5;62535;11;4;2550,0
180;2025-08-08;4;824;21;4;510,0
181;2024-01-25;1;18346;8;2;1530,0
182;2026-06-19;2;810;8;4;1530,0
183;2023-09-13;4;62535;14;4;1530,0
184;2026-01-29;2;62535;11;3;2040,0
185;2025-09-30;5;91200;16;1;1530,0
186;2023-07-30;5;824;9;3;1020,0
187;2024-10-11;4;824;14;3;1530,0
188;2023-12-15;4;18346;15;1;2550,0
189;2024-11-28;2;85600;15;2;1020,0
190;2025-12-25;2;91200;21;4;1530,0
191;2025-12-02;5;40315;21;2;1020,0
192;2025-11-16;1;85600;20;2;1020,0
193;2026-03-14;5;3382;18;4;510,0
194;2023-02-27;4;774;19;3;510,0
195;2025-12-05;5;3382;12;4;510,0
196;2023-07-24;2;18346;8;3;1530,0
197;2024-07-09;2;40315;8;5;2550,0
198;2023-09-19;4;40315;18;2;1530,0
199;2025-09-10;5;824;20;5;2040,0
200;2024-04-08;1;810;14;5;2040,0
201;2024-10-02;5;91200;9;4;2550,0
202;2025-05-30;5;898;12;4;2040,0
203;2026-06-09;2;91200;16;4;1530,0
204;2025-02-11;1;810;18;5;2550,0
205;2025-10-29;1;91200;10;4;1530,0
206;2025-06-24;5;85600;16;5;510,0
207;2024-10-21;2;18346;10;5;2550,0
208;2024-06-03;4;85600;19;1;2550,0
209;2024-06-27;4;3382;18;2;2550,0
210;2023-09-25;3;85600;9;4;2550,0
211;2024-02-23;3;774;18;4;2550,0
212;2023-02-21;2;91200;18;2;510,0
213;2025-06-24;5;91200;14;1;1530,0
214;2023-12-31;5;898;11;5;1020,0
215;2026-01-24;2;18346;10;2;1530,0
216;2025-05-11;5;18346;18;1;510,0
217;2026-05-29;2;810;9;3;510,0
218;2025-08-20;5;62535;11;4;1020,0
219;2025-12-26;2;810;16;3;2040,0
220;2024-05-13;5;18346;20;5;1530,0
221;2025-12-29;1;898;17;5;1530,0
222;2025-10-01;2;40315;19;4;2550,0
223;2026-08-19;5;18346;13;1;510,0
224;2025-08-01;2;824;15;4;2550,0
225;2026-06-16;2;91200;11;1;1020,0
226;2023-01-23;4;3382;19;4;2040,0
227;2024-04-27;4;91200;21;3;510,0
228;2023-10-10;5;774;21;1;1530,0
229;2023-04-06;1;810;17;2;2550,0
230;2023-08-19;1;3382;12;5;1020,0
231;2023-07-31;2;91200;9;4;2550,0
232;2026-06-06;1;85600;13;3;1020,0
233;2025-06-01;1;18346;9;3;510,0
234;2025-12-29;3;91200;9;5;510,0
235;2024-03-08;4;91200;17;3;1020,0
236;2024-11-26;2;85600;11;4;1530,0
237;2023-11-17;1;91200;9;1;1530,0
238;2023-05-26;1;810;17;5;2040,0
239;2025-09-11;2;3382;21;3;1020,0
240;2026-03-12;1;91200;12;4;1530,0
241;2024-03-10;2;85600;10;5;510,0
242;2025-05-21;5;3382;10;2;2040,0
243;2024-12-26;5;810;15;2;2040,0
244;2023-05-05;1;85600;9;4;1530,0
245;2026-04-30;3;824;20;4;1020,0
246;2025-02-20;3;3382;16;4;510,0
247;2024-01-28;2;40315;19;2;1020,0
248;2025-06-09;3;91200;9;3;1020,0
249;2024-04-03;5;824;20;1;2550,0
250;2024-03-02;3;810;12;1;1530,0
251;2024-04-15;2;18346;20;4;510,0
252;2025-04-17;1;898;12;4;1530,0
253;2023-04-01;5;62535;20;1;2550,0
254;2023-04-05;3;824;11;4;2550,0
255;2023-07-18;5;810;21;5;2550,0
256;2023-07-02;3;774;10;3;1020,0
257;2023-02-23;1;18346;9;4;1020,0
258;2023-11-07;2;774;8;4;1530,0
259;2024-03-16;4;774;18;3;2550,0
260;2024-12-17;4;898;20;5;2550,0
261;2025-03-01;4;62535;9;3;510,0
262;2025-08-17;1;62535;19;1;510,0
263;2023-09-29;1;18346;19;3;1020,0
264;2024-08-14;4;62535;10;1;2040,0
265;2023-11-14;3;824;9;1;2550,0
266;2024-09-02;5;85600;14;3;2550,0
267;2025-07-02;1;85600;14;3;2550,0
268;2023-03-21;3;810;18;5;1020,0
269;2026-02-22;4;91200;12;2;1020,0
270;2023-09-19;4;824;9;2;2040,0
271;2025-01-17;4;824;11;1;1530,0
272;2024-01-18;5;810;12;4;1530,0
273;2025-05-25;5;774;20;2;2550,0
274;2026-05-30;3;774;20;3;1020,0
275;2023-05-27;4;898;16;5;1020,0
276;2024-08-31;3;91200;18;3;510,0
277;2024-04-04;1;85600;18;3;2550,0
278;2024-04-15;5;824;10;1;2040,0
279;2023-04-27;3;774;9;3;510,0
280;2026-01-26;3;898;13;5;1020,0
281;2024-05-09;2;91200;12;2;510,0
282;2025-01-23;2;18346;16;1;2040,0
283;2023-02-08;4;774;13;3;2550,0
284;2023-02-08;5;62535;21;2;1530,0
285;2023-06-24;1;774;9;4;2040,0
286;2023-06-19;1;810;10;4;2550,0
287;2025-01-24;3;62535;18;5;1020,0
288;2024-02-27;1;18346;15;1;1530,0
289;2026-03-24;4;810;17;4;2550,0
290;2024-07-04;3;40315;19;5;1020,0
291;2024-05-30;3;85600;18;4;1530,0
292;2025-11-13;2;774;16;3;2550,0
293;2026-07-17;1;898;14;5;510,0
294;2024-01-13;1;85600;8;2;510,0
295;2023-03-14;4;810;17;2;1020,0
296;2024-12-01;1;3382;17;5;1530,0
297;2023-07-09;3;3382;21;4;510,0
298;2024-03-10;3;85600;18;1;2040,0
299;2024-01-28;3;40315;20;2;510,0
300;2024-12-02;2;85600;17;4;2550,0
301;2023-07-05;1;810;9;1;2550,0
302;2024-03-31;5;62535;17;3;1530,0
303;2024-01-29;5;774;8;4;1530,0
304;2025-06-18;2;824;10;3;1530,0
305;2024-06-14;2;40315;10;3;510,0
306;2024-08-04;2;18346;21;2;510,0
307;2024-01-10;4;774;17;3;1020,0
308;2025-01-03;5;774;9;5;510,0
309;2025-02-04;4;3382;18;3;2040,0
310;2025-04-10;4;898;15;5;1530,0
311;2024-04-27;4;810;12;1;2550,0
312;2026-05-11;2;91200;15;2;1020,0
313;2024-04-06;1;40315;15;2;1020,0
314;2026-02-18;3;810;10;4;1020,0
315;2024-02-25;3;85600;16;1;1020,0
316;2024-10-20;4;824;19;5;1020,0
317;2023-12-22;4;3382;13;5;1530,0
318;2025-12-03;2;774;11;2;2550,0
319;2026-03-14;4;91200;13;4;2550,0
320;2024-09-26;5;774;12;5;1020,0
321;2024-08-25;1;85600;8;4;1020,0
322;2023-01-07;5;18346;11;2;2550,0
323;2023-04-12;3;85600;21;4;1530,0
324;2024-02-10;2;91200;16;4;2550,0
325;2024-12-27;1;3382;14;3;1020,0
326;2025-12-11;2;774;9;2;510,0
327;2026-04-19;3;824;8;3;1530,0
328;2025-03-04;2;810;13;5;2040,0
329;2024-04-01;3;774;19;3;2040,0
330;2023-02-17;1;91200;13;1;1020,0
331;2024-11-29;3;824;21;2;2550,0
332;2026-05-21;3;3382;15;2;2550,0
333;2025-12-06;2;18346;15;5;2550,0
334;2025-08-02;5;91200;14;1;1530,0
335;2023-06-30;4;91200;10;4;2040,0
336;2025-11-06;5;18346;10;3;510,0
337;2025-11-30;5;774;17;4;2550,0
338;2026-02-24;4;40315;8;1;2550,0
339;2024-06-18;4;898;19;2;1020,0
340;2025-10-31;5;40315;18;2;1530,0
341;2024-03-25;3;40315;21;1;2040,0
342;2024-10-30;1;3382;15;1;510,0
343;2024-04-14;1;810;16;2;2550,0
344;2023-01-28;5;91200;20;2;510,0
345;2026-01-09;4;898;15;3;2040,0
346;2025-02-15;3;810;15;1;2550,0
347;2023-03-10;3;18346;13;2;1020,0
348;2025-04-23;1;91200;11;5;510,0
349;2023-12-26;2;824;10;5;510,0
350;2026-07-07;1;824;13;3;1530,0
351;2025-10-03;3;810;10;1;2550,0
352;2024-10-06;3;824;19;2;510,0
353;2023-05-23;3;810;10;3;2040,0
354;2023-03-09;4;40315;8;3;510,0
355;2024-12-14;4;18346;14;3;1530,0
356;2023-04-12;3;62535;8;5;2550,0
357;2024-11-25;1;774;14;5;1020,0
358;2023-09-08;2;85600;17;3;1530,0
359;2024-03-16;2;85600;9;1;1530,0
360;2024-09-12;1;3382;19;1;2550,0
361;2026-03-31;5;774;14;4;510,0
362;2024-09-19;1;40315;8;3;2550,0
363;2026-04-02;1;40315;12;1;1530,0
364;2023-05-13;1;85600;9;3;2550,0
365;2024-10-23;2;810;10;3;510,0
366;2024-09-02;3;18346;9;3;510,0
367;2023-08-12;2;62535;15;4;510,0
368;2023-12-13;3;85600;10;4;1530,0
369;2024-09-16;1;774;17;4;510,0
370;2023-05-23;1;774;10;4;510,0
371;2026-08-28;1;3382;13;3;1530,0
372;2023-02-25;2;18346;15;2;1020,0
373;2023-08-14;3;62535;19;5;1530,0
374;2024-04-01;4;18346;10;2;510,0
375;2024-11-25;5;62535;20;2;510,0
376;2024-11-10;2;824;9;5;2550,0
377;2025-01-05;3;40315;17;5;1530,0
378;2023-07-16;5;824;19;3;2550,0
379;2026-05-20;4;3382;19;2;1530,0
380;2024-10-29;3;810;16;5;1530,0
381;2025-10-27;5;3382;8;4;2550,0
382;2023-07-21;3;774;9;2;1530,0
383;2023-04-07;3;774;13;1;510,0
384;2024-05-24;5;774;9;4;510,0
385;2023-03-26;2;810;10;5;510,0
386;2024-05-12;2;85600;21;4;2040,0
387;2024-10-02;5;85600;14;1;2040,0
388;2024-05-13;2;62535;19;2;2550,0
389;2023-01-08;3;91200;11;5;510,0
390;2026-06-14;1;810;19;3;2550,0
391;2023-04-12;2;62535;11;4;1530,0
392;2024-05-26;2;774;20;4;1020,0
393;2026-03-23;5;824;14;3;2550,0
394;2024-03-10;1;91200;16;2;2040,0
395;2024-11-04;2;40315;20;1;1530,0
396;2026-06-30;5;18346;20;2;510,0
397;2025-04-20;1;18346;8;2;1530,0
398;2025-06-22;1;774;19;5;1020,0
399;2023-04-07;3;62535;15;3;2040,0
400;2023-03-27;4;85600;18;4;2550,0
401;2024-04-09;4;85600;9;1;1020,0
402;2024-09-24;3;18346;13;5;510,0
403;2024-02-27;5;40315;16;1;2040,0
404;2025-11-03;5;91200;9;4;1530,0
405;2023-11-06;3;91200;9;1;510,0
406;2023-10-03;3;898;14;3;2550,0
407;2026-03-12;4;3382;11;2;1020,0
408;2025-10-06;4;40315;12;3;2040,0
409;2026-06-11;5;774;17;2;1530,0
410;2023-07-08;5;85600;9;5;1530,0
411;2025-07-07;3;824;9;4;510,0
412;2025-12-21;5;62535;19;4;1530,0
413;2026-03-16;4;824;12;3;1530,0
414;2025-12-15;4;40315;18;2;1530,0
415;2024-07-13;5;810;15;2;1530,0
416;2025-05-09;3;824;17;1;1020,0
417;2023-05-23;4;85600;21;1;2040,0
418;2026-08-30;5;3382;18;2;2550,0
419;2025-02-09;5;774;19;5;2040,0
420;2024-12-20;3;898;13;2;510,0
421;2026-02-05;2;18346;17;5;510,0
422;2023-06-21;4;824;12;3;1020,0
423;2026-05-01;2;18346;17;2;2040,0
424;2025-11-15;5;62535;19;4;2040,0
425;2024-02-14;1;898;17;4;2040,0
426;2026-08-29;1;3382;15;4;510,0
427;2025-09-27;2;85600;10;4;510,0
428;2023-11-25;1;898;19;3;1020,0
429;2025-11-08;1;810;21;2;1530,0
430;2024-03-13;4;3382;11;4;510,0
431;2025-03-01;5;91200;9;2;2550,0
432;2024-06-18;2;824;11;1;2040,0
433;2026-03-08;5;824;17;5;2550,0
434;2026-01-05;2;18346;9;4;510,0
435;2024-01-24;2;91200;18;2;1020,0
436;2023-01-15;5;824;15;1;1020,0
437;2025-03-21;3;18346;20;4;2550,0
438;2023-06-15;5;3382;15;5;1530,0
439;2024-09-19;1;85600;12;3;2550,0
440;2023-09-05;1;85600;16;4;2040,0
441;2025-07-13;1;85600;8;2;2040,0
442;2025-07-15;4;3382;18;5;2040,0
443;2026-06-09;5;810;20;2;2550,0
444;2025-03-13;3;62535;12;2;1020,0
445;2025-09-25;3;774;8;1;2550,0
446;2023-10-19;3;85600;21;4;1020,0
447;2026-04-14;1;898;13;3;2550,0
448;2026-07-04;4;62535;9;1;510,0
449;2024-09-17;2;774;20;5;510,0
450;2026-03-08;4;85600;19;4;2550,0
451;2024-12-31;3;62535;10;5;2550,0
452;2023-10-23;4;40315;20;1;2550,0
453;2025-04-10;4;18346;12;3;2550,0
454;2023-06-13;2;824;15;2;2040,0
455;2024-07-15;5;774;20;4;1530,0
456;2024-11-25;4;824;9;3;1020,0
457;2025-09-30;4;824;21;4;1530,0
458;2023-05-29;3;18346;21;1;1020,0
459;2023-12-28;4;898;11;5;1020,0
460;2025-05-16;1;898;18;1;2550,0
461;2026-05-12;3;898;19;2;510,0
462;2026-01-11;5;774;13;1;2040,0
463;2024-08-04;1;18346;21;4;1020,0
464;2023-10-05;2;91200;17;3;2040,0
465;2026-08-23;5;3382;11;4;1020,0
466;2026-05-14;5;3382;14;4;2040,0
467;2023-02-21;4;824;16;2;510,0
468;2024-04-11;2;18346;9;5;2040,0
469;2026-02-11;5;85600;13;5;1020,0
470;2024-07-27;4;898;19;3;510,0
471;2024-11-27;1;18346;10;1;2040,0
472;2025-11-06;4;40315;21;5;510,0
473;2024-08-30;4;91200;20;4;2040,0
474;2024-06-12;4;18346;16;4;510,0
475;2025-01-23;4;85600;20;3;1530,0
476;2024-08-18;3;810;9;2;1530,0
477;2024-05-10;4;62535;20;1;1020,0
478;2026-01-15;2;85600;13;5;2550,0
479;2024-06-12;1;810;8;3;2040,0
480;2025-08-23;4;810;17;4;1530,0
481;2023-07-17;5;91200;18;3;2040,0
482;2025-10-26;1;18346;11;2;1020,0
483;2025-06-29;5;91200;13;1;2040,0
484;2025-03-03;3;18346;12;2;1530,0
485;2023-05-24;3;810;11;5;510,0
486;2024-08-07;5;824;21;4;1530,0
487;2023-03-06;3;824;14;1;2040,0
488;2026-03-21;5;824;16;5;1530,0
489;2023-07-16;5;62535;15;3;1020,0
490;2025-10-27;3;810;17;1;1530,0
491;2023-05-24;5;18346;9;5;2040,0
492;2024-07-18;3;824;12;4;2040,0
493;2025-08-29;3;18346;10;2;1020,0
494;2023-01-31;3;62535;11;4;2040,0
495;2024-08-07;3;898;16;4;1020,0
496;2024-05-21;4;62535;9;5;2550,0
497;2025-07-01;1;40315;8;3;2040,0
498;2026-01-02;1;3382;13;1;2550,0
499;2025-03-31;3;898;9;1;2040,0
500;2024-01-17;4;810;17;4;2550,0
501;2024-11-26;5;85600;9;5;2550,0
502;2023-03-13;4;3382;19;4;2040,0
503;2023-02-11;4;85600;17;4;510,0
504;2025-08-22;4;824;19;5;2040,0
505;2023-11-19;4;91200;8;5;510,0
506;2023-08-07;5;62535;20;5;2040,0
507;2026-06-04;5;18346;8;1;510,0
508;2023-04-26;3;62535;20;5;1530,0
509;2025-09-21;5;85600;11;5;2550,0
510;2025-08-05;2;91200;17;4;2550,0
511;2025-06-29;5;898;20;3;2040,0
512;2023-08-09;3;774;13;2;510,0
513;2024-01-25;5;18346;21;2;1020,0
514;2026-07-14;5;62535;17;5;2040,0
515;2023-04-02;3;810;20;3;1020,0
516;2024-12-16;1;898;19;4;1530,0
517;2023-03-10;2;18346;11;4;2040,0
518;2023-08-08;3;18346;13;5;510,0
519;2026-02-10;5;18346;9;2;1020,0
520;2025-07-02;2;824;20;3;1530,0
521;2025-06-08;3;91200;11;5;2040,0
522;2024-02-29;4;810;8;3;1020,0
523;2023-02-04;4;62535;16;4;1530,0
524;2026-04-16;3;40315;18;1;510,0
525;2024-05-22;2;824;20;2;510,0
526;2025-04-16;3;3382;14;5;2040,0
527;2025-07-31;2;824;21;2;2040,0
528;2023-12-31;4;85600;12;2;2550,0
529;2025-09-14;3;3382;15;4;2550,0
530;2026-01-12;4;810;9;4;1530,0
531;2025-08-25;4;62535;11;3;2040,0
532;2023-11-07;1;824;18;2;2550,0
533;2026-03-30;4;774;14;4;2550,0
534;2023-04-09;5;40315;12;1;2040,0
535;2025-11-15;2;18346;8;4;1020,0
536;2023-08-22;2;774;10;2;510,0
537;2026-02-03;4;774;18;4;510,0
538;2024-08-22;5;774;13;1;510,0
539;2024-03-09;3;810;14;2;2040,0
540;2025-11-10;5;40315;18;2;2040,0
541;2023-12-25;2;824;14;4;2550,0
542;2024-08-30;1;898;9;2;1530,0
543;2025-01-31;5;824;19;2;2550,0
544;2024-10-03;4;91200;13;5;2550,0
545;2024-07-30;4;898;12;5;2550,0
546;2024-09-04;3;91200;20;2;510,0
547;2024-12-04;3;85600;12;3;1020,0
548;2025-06-13;3;91200;18;4;510,0
549;2023-02-03;3;824;20;2;510,0
550;2024-08-12;3;824;16;2;1530,0
551;2023-07-02;5;810;11;1;2040,0
552;2023-11-04;1;3382;18;3;1530,0
553;2024-11-03;1;18346;18;3;2550,0
554;2026-03-31;1;774;17;1;1020,0
555;2023-07-01;1;40315;13;4;2040,0
556;2024-09-29;2;18346;11;4;1020,0
557;2025-02-02;3;85600;12;2;510,0
558;2026-06-01;1;774;9;4;510,0
559;2026-04-29;4;62535;17;1;1530,0
560;2023-05-19;2;18346;21;1;510,0
561;2026-06-21;1;62535;12;2;2040,0
562;2023-10-06;5;774;11;5;1530,0
563;2023-02-14;3;3382;15;4;1530,0
564;2025-07-28;3;18346;9;2;2040,0
565;2026-04-26;3;3382;18;5;1530,0
566;2025-07-29;5;40315;14;5;510,0
567;2023-02-11;4;810;21;1;1020,0
568;2023-06-07;4;3382;13;5;2040,0
569;2024-12-02;3;18346;11;3;2040,0
570;2026-04-12;5;85600;15;1;1530,0
571;2025-01-01;2;824;17;2;1530,0
572;2023-08-23;5;85600;21;2;2040,0
573;2024-10-16;3;91200;18;4;1020,0
574;2026-03-02;2;85600;18;4;1020,0
575;2024-11-09;1;18346;8;1;1530,0
576;2024-03-09;3;18346;18;4;1530,0
577;2026-08-21;1;810;21;5;1530,0
578;2023-01-28;4;824;13;4;2550,0
579;2023-07-02;2;40315;14;5;2040,0
580;2026-05-16;5;810;8;3;510,0
581;2026-01-19;1;40315;13;2;2040,0
582;2024-01-01;2;40315;18;1;1530,0
583;2024-03-08;3;62535;18;3;1020,0
584;2026-05-03;3;91200;9;5;1530,0
585;2025-12-08;4;40315;11;3;510,0
586;2023-07-27;1;62535;8;3;510,0
587;2025-03-03;2;824;17;5;1530,0
588;2023-08-06;4;91200;11;3;510,0
589;2024-10-29;4;91200;18;4;2040,0
590;2023-11-05;1;898;8;2;510,0
591;2023-10-15;1;810;12;4;2550,0
592;2024-07-29;4;810;16;2;510,0
593;2024-11-26;5;898;14;1;2550,0
594;2023-01-19;3;18346;21;2;1020,0
595;2025-06-26;4;85600;14;3;2040,0
596;2023-06-03;5;40315;15;4;1020,0
597;2025-06-04;3;40315;9;3;2040,0
598;2024-05-19;4;85600;18;1;1020,0
599;2024-01-14;4;62535;13;3;1530,0
600;2025-05-07;1;810;9;2;1530,0
601;2025-06-29;3;40315;14;5;2550,0
602;2023-11-21;2;40315;10;4;1530,0
603;2026-08-10;1;62535;8;2;1020,0
604;2025-03-12;2;40315;17;2;2040,0
605;2025-03-27;5;91200;14;5;2550,0
606;2024-11-25;5;774;8;1;1020,0
607;2023-08-23;2;62535;8;3;2550,0
608;2023-10-17;3;898;13;4;510,0
609;2024-06-30;2;62535;19;3;1530,0
610;2023-12-08;1;898;12;1;2040,0
611;2024-03-23;5;85600;11;3;510,0
612;2026-05-16;3;40315;9;3;1020,0
613;2024-06-07;5;774;10;5;1020,0
614;2024-03-03;2;91200;9;2;2040,0
615;2023-03-23;5;18346;17;2;1020,0
616;2024-10-11;1;824;9;1;510,0
617;2026-08-19;5;62535;12;1;510,0
618;2025-08-06;3;62535;20;4;510,0
619;2023-10-15;5;62535;12;1;2040,0
620;2023-12-27;4;774;12;5;2550,0
621;2025-12-28;3;91200;19;3;2550,0
622;2025-05-30;3;3382;21;4;2550,0
623;2024-10-13;4;898;13;5;1020,0
624;2024-06-08;4;810;16;3;510,0
625;2024-12-13;3;40315;8;4;2040,0
626;2023-04-08;2;85600;13;3;510,0
627;2023-10-27;4;774;20;1;510,0
628;2024-04-07;4;62535;19;4;2550,0
629;2024-07-26;4;18346;11;2;510,0
630;2024-10-23;2;18346;14;3;2550,0
631;2023-08-26;3;91200;17;5;510,0
632;2025-05-01;1;91200;18;5;510,0
633;2023-09-07;2;40315;17;1;1530,0
634;2024-05-13;3;91200;8;1;510,0
635;2023-03-01;1;898;13;4;510,0
636;2023-09-06;2;3382;20;3;510,0
637;2025-10-12;1;824;12;3;2040,0
638;2024-11-25;4;3382;9;2;2550,0
639;2024-01-20;1;91200;14;4;510,0
640;2025-11-06;4;824;18;5;2040,0
641;2025-01-13;4;898;14;5;510,0
642;2025-12-13;2;3382;18;1;2550,0
643;2024-02-26;3;774;8;4;2550,0
644;2023-06-08;5;40315;17;1;510,0
645;2024-09-25;5;810;19;2;510,0
646;2024-02-12;5;824;11;5;1020,0
647;2023-12-22;5;62535;12;4;510,0
648;2023-05-10;4;3382;13;3;2550,0
649;2026-03-14;3;824;12;2;2040,0
650;2025-03-14;5;824;12;1;2040,0
651;2023-03-29;5;898;21;3;1020,0
652;2023-03-26;3;40315;18;5;2040,0
653;2023-09-16;4;3382;10;4;1530,0
654;2025-10-18;5;810;16;2;1530,0
655;2024-10-08;3;3382;9;1;2550,0
656;2023-03-14;1;91200;14;5;2040,0
657;2026-01-15;1;18346;20;4;2040,0
658;2025-09-05;1;40315;20;3;1020,0
659;2023-07-10;1;40315;18;4;1020,0
660;2023-08-08;5;91200;19;2;510,0
661;2026-02-24;1;18346;8;1;2040,0
662;2025-08-04;1;810;10;1;2550,0
663;2023-04-25;3;85600;18;3;1530,0
664;2024-05-03;3;91200;13;5;510,0
665;2023-03-22;2;18346;10;5;1020,0
666;2026-05-08;5;898;12;4;2040,0
667;2024-11-13;2;62535;16;1;2040,0
668;2026-04-05;4;898;18;5;510,0
669;2024-04-20;2;40315;16;3;1530,0
670;2024-05-31;5;18346;19;4;1020,0
671;2023-09-10;2;824;11;1;1530,0
672;2023-10-27;4;898;14;4;2040,0
673;2023-03-23;2;62535;21;5;1530,0
674;2025-02-25;5;85600;12;2;2040,0
675;2025-08-29;3;91200;16;4;1530,0
676;2026-04-04;1;18346;14;1;510,0
677;2026-07-03;3;810;15;4;1530,0
678;2025-09-11;4;85600;14;3;2550,0
679;2026-05-16;1;810;19;1;2040,0
680;2025-07-15;2;898;18;2;1530,0
681;2023-11-23;2;824;17;3;510,0
682;2024-04-28;3;18346;19;5;2550,0
683;2025-04-25;5;774;18;4;2550,0
684;2025-09-05;5;824;14;3;1020,0
685;2023-08-31;4;18346;17;1;2550,0
686;2023-10-02;4;898;15;4;510,0
687;2024-11-07;4;774;19;2;1530,0
688;2024-09-22;1;85600;20;1;2040,0
689;2023-08-31;1;810;19;5;1530,0
690;2023-08-02;5;824;13;1;1020,0
691;2025-10-31;5;824;10;2;2550,0
692;2023-11-25;4;40315;12;3;2550,0
693;2025-06-27;2;85600;9;3;2040,0
694;2026-01-02;3;40315;13;5;1530,0
695;2024-02-24;4;85600;9;1;510,0
696;2024-05-30;5;774;10;5;1020,0
697;2024-11-27;4;91200;12;2;2040,0
698;2023-04-08;2;824;11;1;510,0
699;2024-06-06;1;62535;10;5;510,0
700;2024-10-22;1;18346;18;3;510,0
701;2023-03-20;5;824;8;1;510,0
702;2025-12-13;3;40315;13;4;2040,0
703;2024-10-13;4;91200;15;5;2040,0
704;2024-02-09;3;18346;9;3;1020,0
705;2025-07-04;3;18346;10;2;2040,0
706;2026-02-25;2;62535;9;2;1530,0
707;2025-09-23;4;774;8;1;2550,0
708;2026-01-23;4;774;13;1;1020,0
709;2025-02-03;5;91200;19;2;2040,0
710;2025-01-04;3;3382;15;2;2550,0
711;2024-08-10;2;898;12;4;510,0
712;2023-06-27;1;91200;8;5;510,0
713;2026-02-14;4;898;11;4;1020,0
714;2023-08-23;3;40315;8;3;1530,0
715;2023-05-25;5;91200;13;3;2550,0
716;2025-11-05;4;774;17;3;1530,0
717;2023-12-17;1;85600;10;3;2550,0
718;2024-05-04;3;824;21;5;2040,0
719;2023-06-22;3;774;20;5;510,0
720;2024-12-19;3;18346;12;2;2040,0
721;2025-10-11;1;810;20;4;2550,0
722;2024-09-04;5;40315;16;4;510,0
723;2026-02-15;5;91200;19;2;510,0
724;2025-04-30;1;3382;10;2;1020,0
725;2024-04-06;3;91200;19;4;1530,0
726;2026-01-26;1;898;16;5;2040,0
727;2024-04-06;3;85600;15;5;510,0
728;2024-12-29;4;18346;19;5;1020,0
729;2024-12-14;3;3382;20;4;1020,0
730;2024-02-27;4;91200;16;2;2040,0
731;2024-01-12;5;824;20;5;2040,0
732;2024-05-24;5;85600;17;2;2550,0
733;2024-10-03;2;91200;15;4;1020,0
734;2023-03-04;5;40315;13;3;510,0
735;2023-02-13;4;3382;21;3;1530,0
736;2025-02-18;4;3382;11;3;1020,0
737;2023-05-19;3;91200;9;5;1020,0
738;2023-05-27;2;3382;19;1;510,0
739;2025-06-29;5;898;9;3;510,0
740;2026-02-04;4;40315;20;4;2040,0
741;2024-04-15;1;810;8;2;1530,0
742;2024-05-16;5;18346;21;2;2550,0
743;2024-01-20;3;85600;8;4;1020,0
744;2025-01-08;4;40315;11;1;1530,0
745;2023-12-23;1;91200;16;3;2040,0
746;2023-04-12;1;810;15;3;2550,0
747;2023-07-16;3;824;15;2;2040,0
748;2024-10-07;3;85600;20;3;510,0
749;2023-12-14;2;810;16;2;510,0
750;2025-03-01;5;810;20;1;1020,0
751;2024-12-22;1;824;17;3;510,0
752;2026-06-20;3;810;15;5;2550,0
753;2024-07-05;2;810;14;3;510,0
754;2023-09-13;5;18346;8;3;1530,0
755;2025-03-05;5;774;12;3;1530,0
756;2025-09-20;1;824;20;2;510,0
757;2025-05-24;1;40315;18;2;510,0
758;2024-07-13;1;40315;21;4;2550,0
759;2023-09-26;3;18346;18;3;510,0
760;2024-01-19;3;62535;9;4;1530,0
761;2025-11-26;1;40315;16;5;2550,0
762;2025-05-01;4;3382;18;1;2040,0
763;2026-02-11;1;3382;14;3;2040,0
764;2024-10-13;2;810;9;3;2040,0
765;2023-03-21;3;810;10;2;1020,0
766;2025-05-17;2;18346;8;5;2040,0
767;2023-08-15;1;85600;11;1;510,0
768;2026-01-02;1;91200;18;1;1020,0
769;2024-05-06;4;40315;15;2;1020,0
770;2026-05-26;4;62535;15;2;510,0
771;2024-04-01;4;18346;12;1;1020,0
772;2025-10-09;3;91200;14;3;1020,0
773;2024-03-11;3;18346;13;2;2550,0
774;2023-12-31;2;91200;18;5;510,0
775;2023-05-03;1;85600;17;2;2040,0
776;2024-03-11;2;898;21;3;2550,0
777;2025-11-29;2;898;17;5;2550,0
778;2023-12-10;1;18346;15;4;1020,0
779;2024-12-09;4;62535;21;1;2550,0
780;2024-10-04;2;810;19;5;510,0
781;2025-03-12;2;3382;12;3;1020,0
782;2024-05-28;1;3382;18;1;510,0
783;2025-11-04;4;824;17;5;1020,0
784;2023-08-08;5;810;15;3;510,0
785;2024-01-11;3;824;12;1;2040,0
786;2023-06-09;1;898;12;4;2550,0
787;2025-09-12;3;3382;8;2;2550,0
788;2023-11-28;5;824;12;3;510,0
789;2025-04-16;4;18346;12;4;2040,0
790;2023-02-27;1;91200;18;3;1530,0
791;2023-01-02;1;774;16;4;1530,0
792;2025-05-06;5;85600;17;2;2040,0
793;2026-03-11;2;824;11;2;2040,0
794;2023-11-13;2;18346;20;1;1530,0
795;2024-03-25;2;91200;9;4;2040,0
796;2025-11-10;5;91200;13;1;2550,0
797;2024-01-04;3;774;11;5;1020,0
798;2025-03-05;5;18346;17;2;1530,0
799;2023-09-14;3;898;13;5;1020,0
800;2025-03-06;1;40315;10;5;1020,0
801;2024-11-18;4;898;9;3;2040,0
802;2024-07-02;1;62535;19;2;1020,0
803;2025-02-26;1;774;17;4;2550,0
804;2023-11-09;2;3382;12;2;510,0
805;2023-10-10;5;85600;12;3;510,0
806;2025-11-11;4;18346;19;1;2550,0
807;2026-04-30;5;18346;9;3;510,0
808;2025-07-09;2;898;13;5;1530,0
809;2023-02-24;4;62535;13;1;1530,0
810;2025-01-28;2;824;15;4;1020,0
811;2025-12-27;2;40315;19;1;2550,0
812;2025-09-28;3;18346;17;3;2550,0
813;2025-07-01;5;85600;17;4;1020,0
814;2025-12-21;1;810;18;2;1020,0
815;2025-04-14;5;85600;20;3;1020,0
816;2026-08-18;3;40315;19;2;2550,0
817;2023-06-12;2;824;20;2;1020,0
818;2026-07-18;5;774;9;4;2040,0
819;2023-05-10;1;774;11;2;1530,0
820;2023-04-07;5;18346;19;5;510,0
821;2023-11-07;5;91200;13;2;1530,0
822;2026-02-18;5;62535;10;1;1020,0
823;2026-01-14;5;824;17;4;1530,0
824;2026-02-06;4;18346;11;3;2550,0
825;2026-07-19;1;898;16;1;510,0
826;2026-07-17;4;898;15;2;1530,0
827;2025-06-19;2;18346;14;1;1530,0
828;2026-02-17;4;18346;8;1;2040,0
829;2024-04-18;4;3382;16;4;1530,0
830;2023-10-13;4;18346;11;4;2550,0
831;2025-02-14;2;3382;9;2;510,0
832;2023-05-01;4;824;11;3;1020,0
833;2023-06-08;3;85600;20;4;2550,0
834;2025-05-21;1;62535;19;2;1530,0
835;2026-06-02;3;85600;9;5;2550,0
836;2024-01-26;1;85600;13;5;2550,0
837;2026-01-05;5;18346;9;3;1530,0
838;2023-04-09;2;898;17;3;2040,0
839;2025-05-09;1;40315;11;3;1020,0
840;2026-08-20;4;824;14;4;2550,0
841;2023-03-29;4;3382;14;3;2040,0
842;2024-02-01;3;18346;13;2;2040,0
843;2025-06-26;1;40315;19;4;2040,0
844;2023-07-06;1;40315;8;2;2040,0
845;2025-04-13;3;91200;18;2;1530,0
846;2023-01-13;5;40315;9;4;2550,0
847;2024-03-09;2;774;15;4;510,0
848;2025-06-20;3;40315;20;2;2040,0
849;2023-04-14;2;18346;16;4;2550,0
850;2024-07-03;3;91200;8;5;510,0
851;2024-05-20;4;774;10;2;1530,0
852;2024-08-18;3;91200;11;4;1020,0
853;2025-10-03;2;810;18;4;2550,0
854;2025-07-16;1;18346;19;3;510,0
855;2024-01-31;2;774;19;2;1530,0
856;2025-12-01;2;62535;11;4;510,0
857;2025-02-06;4;810;15;3;1530,0
858;2026-08-13;3;85600;9;3;2550,0
859;2026-02-21;4;85600;11;5;1020,0
860;2025-07-27;1;40315;21;2;510,0
861;2026-05-09;2;3382;18;5;510,0
862;2023-12-02;2;824;20;2;1530,0
863;2023-01-26;4;85600;10;5;2040,0
864;2026-06-11;3;810;20;4;1530,0
865;2024-02-28;3;3382;21;1;2550,0
866;2025-11-07;3;18346;18;2;510,0
867;2023-09-22;4;3382;20;3;510,0
868;2023-08-17;5;85600;18;5;1530,0
869;2026-06-27;1;898;18;4;2550,0
870;2026-04-24;2;62535;21;1;1530,0
871;2023-03-14;1;85600;14;5;1530,0
872;2023-01-16;5;774;19;5;2040,0
873;2025-06-07;1;40315;8;3;2040,0
874;2026-06-03;1;91200;8;3;2550,0
875;2024-08-21;5;824;9;5;1020,0
876;2025-09-05;5;91200;20;3;1020,0
877;2026-03-07;5;91200;14;1;1020,0
878;2023-06-16;5;774;12;5;1530,0
879;2023-11-07;4;3382;8;1;510,0
880;2025-04-10;5;18346;10;4;1020,0
881;2025-11-19;3;774;12;5;2040,0
882;2023-06-02;5;40315;17;5;510,0
883;2025-02-24;5;3382;19;3;2550,0
884;2025-03-09;5;85600;9;5;2550,0
885;2024-05-07;4;824;14;2;1020,0
886;2024-08-05;4;91200;11;1;510,0
887;2023-10-28;5;3382;9;5;2040,0
888;2026-05-02;4;18346;11;2;2550,0
889;2023-05-01;1;40315;20;2;1020,0
890;2024-06-23;4;18346;16;3;510,0
891;2026-03-19;3;91200;16;5;1020,0
892;2026-05-21;1;3382;17;3;1530,0
893;2023-05-13;1;91200;12;4;510,0
894;2024-11-08;5;91200;10;1;510,0
895;2024-12-02;1;3382;21;3;2040,0
896;2023-03-12;5;91200;20;2;2040,0
897;2025-06-04;2;85600;12;2;1530,0
898;2024-10-11;1;85600;16;1;2550,0
899;2024-03-25;3;85600;19;3;2040,0
900;2025-09-28;4;85600;19;4;1020,0
901;2026-02-11;3;824;11;5;1020,0
902;2026-08-25;3;3382;11;2;510,0
903;2023-11-16;3;898;20;2;2550,0
904;2025-11-02;1;85600;9;3;1020,0
905;2024-01-12;1;62535;16;4;2040,0
906;2026-08-10;1;91200;20;2;510,0
907;2023-10-30;1;40315;15;4;2550,0
908;2024-09-26;1;40315;8;5;1020,0
909;2024-03-18;5;85600;17;5;2040,0
910;2025-01-28;4;85600;14;3;1020,0
911;2024-11-03;2;18346;11;2;2550,0
912;2023-06-01;3;62535;10;1;1020,0
913;2025-11-06;5;3382;12;2;1530,0
914;2025-11-02;5;3382;14;2;2550,0
915;2023-07-26;1;62535;14;2;1530,0
916;2024-06-25;2;91200;18;5;1530,0
917;2026-03-13;3;3382;12;4;1530,0
918;2023-08-13;2;810;12;1;2040,0
919;2026-07-30;1;824;16;1;1530,0
920;2023-08-10;5;3382;21;3;2040,0
921;2026-05-08;2;85600;20;4;1530,0
922;2024-05-01;2;85600;15;1;2550,0
923;2024-03-19;3;85600;12;1;1020,0
924;2025-06-11;5;18346;17;2;2550,0
925;2025-04-13;2;3382;13;3;2550,0
926;2025-02-15;1;824;12;5;1020,0
927;2024-10-26;3;85600;21;1;1530,0
928;2024-06-24;3;824;13;1;510,0
929;2024-08-31;1;62535;8;2;510,0
930;2023-08-15;1;3382;12;5;2550,0
931;2024-02-13;4;91200;8;3;2550,0
932;2023-08-24;3;62535;11;2;510,0
933;2023-12-04;2;40315;16;1;1530,0
934;2025-02-01;3;774;12;1;510,0
935;2023-11-19;2;18346;20;5;1020,0
936;2023-02-23;2;774;20;1;510,0
937;2023-11-10;4;774;12;2;1530,0
938;2023-05-20;2;91200;12;3;1020,0
939;2023-12-27;1;18346;9;1;1530,0
940;2023-01-01;5;810;14;1;510,0
941;2025-09-10;1;824;12;1;510,0
942;2026-06-03;4;824;18;5;2550,0
943;2023-05-23;2;824;10;1;2040,0
944;2023-09-10;4;18346;8;1;1530,0
945;2026-02-16;5;40315;13;2;2550,0
946;2025-12-31;2;62535;17;1;510,0
947;2025-02-01;5;18346;16;1;2550,0
948;2023-07-16;4;824;11;3;2040,0
949;2026-01-03;5;774;21;1;1530,0
950;2026-05-05;1;91200;14;1;1530,0
951;2025-07-16;4;774;18;3;510,0
952;2023-12-08;3;3382;19;1;1530,0
953;2026-05-17;2;774;14;4;1020,0
954;2026-06-09;1;774;18;5;1530,0
955;2024-05-09;3;91200;13;3;1020,0
956;2026-01-05;5;898;8;1;2040,0
957;2024-01-03;1;85600;10;5;2040,0
958;2024-07-08;5;91200;18;1;1020,0
959;2024-05-06;5;18346;21;5;1530,0
960;2024-07-25;4;810;19;2;2040,0
961;2024-03-13;4;824;17;3;510,0
962;2023-11-13;5;774;17;4;2040,0
963;2025-01-24;3;824;15;5;1020,0
964;2026-03-24;3;3382;14;5;1530,0
965;2025-12-23;1;62535;12;4;2040,0
966;2025-03-10;3;774;11;2;1530,0
967;2026-02-12;3;91200;11;5;1530,0
968;2024-01-07;4;824;15;1;2550,0
969;2023-02-17;3;62535;8;4;2550,0
970;2024-09-06;2;62535;12;4;1020,0
971;2023-11-09;4;62535;18;4;1530,0
972;2025-04-28;1;62535;10;2;1530,0
973;2023-04-06;5;40315;18;1;1020,0
974;2024-02-03;5;898;21;1;1020,0
975;2024-03-15;5;40315;16;3;2040,0
976;2024-06-12;3;810;10;4;1020,0
977;2024-11-26;3;824;21;4;1530,0
978;2023-05-20;2;810;12;1;2550,0
979;2023-03-16;3;774;13;4;1530,0
980;2023-04-19;2;40315;14;4;2550,0
981;2024-10-08;4;18346;13;3;510,0
982;2023-03-22;5;62535;8;1;510,0
983;2023-11-20;1;898;16;4;1020,0
984;2024-06-20;5;40315;19;1;1020,0
985;2024-08-18;4;91200;18;4;2550,0
986;2024-09-01;2;18346;12;2;1020,0
987;2025-03-11;1;40315;9;3;1530,0
988;2025-03-19;1;18346;21;5;2550,0
989;2023-04-19;2;774;19;2;2040,0
990;2024-08-12;3;18346;13;3;510,0
991;2024-10-25;3;18346;13;1;1530,0
992;2023-06-23;2;18346;13;4;1020,0
993;2024-10-31;3;3382;18;4;1530,0
994;2023-10-24;5;91200;13;5;510,0
995;2024-09-03;2;40315;19;1;2040,0
996;2024-03-10;4;62535;9;2;1020,0
997;2023-12-01;3;774;12;1;510,0
998;2026-07-26;5;85600;15;5;1530,0
999;2023-10-26;4;898;10;2;2040,0
1000;2025-12-30;1;91200;10;3;1020,0
1001;2023-05-27;3;3382;15;4;2550,0
1002;2026-04-28;3;62535;12;4;1530,0
1003;2024-02-29;5;18346;17;1;1530,0
1004;2025-04-26;2;824;10;5;1020,0
1005;2023-10-02;2;18346;9;2;2550,0
1006;2025-10-21;4;62535;10;4;2550,0
1007;2026-03-05;5;62535;9;1;2040,0
1008;2025-01-06;5;3382;21;3;2040,0
1009;2024-03-01;4;18346;9;1;510,0
1010;2023-01-10;5;898;11;5;1020,0
1011;2024-02-23;2;774;20;5;2040,0
1012;2023-07-07;5;62535;19;1;1530,0
1013;2023-02-27;4;774;20;2;1530,0
1014;2026-01-21;3;85600;16;2;510,0
1015;2026-02-24;4;810;18;2;2550,0
1016;2024-03-15;5;62535;17;2;1020,0
1017;2023-06-05;5;91200;9;4;510,0
1018;2025-03-04;4;85600;15;2;1020,0
1019;2024-09-09;4;18346;15;5;510,0
1020;2026-04-19;4;824;13;4;1020,0
1021;2025-10-12;1;3382;17;1;1020,0
1022;2023-09-28;3;40315;19;4;1020,0
1023;2023-02-23;5;810;20;2;2040,0
1024;2024-12-28;2;91200;20;4;2040,0
1025;2024-03-07;1;774;10;4;2040,0
1026;2023-08-28;5;898;18;2;2040,0
1027;2026-01-12;1;62535;18;1;1020,0
1028;2023-02-08;2;3382;17;2;1020,0
1029;2024-01-17;1;774;16;1;2550,0
1030;2025-10-14;4;898;20;2;2040,0
1031;2023-06-07;4;85600;12;5;1020,0
1032;2024-10-24;1;774;20;5;2040,0
1033;2025-10-16;1;3382;19;4;2040,0
1034;2025-01-05;5;3382;18;4;510,0
1035;2023-01-23;1;40315;18;1;2550,0
1036;2025-11-15;3;18346;12;4;1020,0
1037;2025-09-27;1;18346;18;1;2040,0
1038;2023-11-20;1;91200;19;4;2550,0
1039;2025-10-04;1;40315;13;5;510,0
1040;2024-07-19;2;774;15;3;2040,0
1041;2023-03-29;2;898;16;3;2550,0
1042;2025-06-22;1;18346;16;3;1530,0
1043;2025-02-16;3;85600;13;3;1020,0
1044;2025-05-14;4;3382;12;1;2040,0
1045;2025-02-21;2;810;14;3;2550,0
1046;2023-01-17;3;3382;17;5;510,0
1047;2023-09-10;3;40315;17;5;1020,0
1048;2023-02-25;4;824;19;4;1530,0
1049;2025-11-23;5;824;11;2;2040,0
1050;2024-12-03;4;810;11;5;2550,0
1051;2023-07-23;4;898;9;3;2550,0
1052;2023-12-16;4;824;15;3;1530,0
1053;2026-05-20;1;774;20;2;2550,0
1054;2025-05-07;1;40315;19;1;1530,0
1055;2025-05-23;3;91200;13;5;2040,0
1056;2025-04-10;5;898;11;4;510,0
1057;2023-06-10;5;774;16;2;510,0
1058;2023-05-31;3;62535;9;2;1530,0
1059;2023-09-14;3;62535;10;5;2040,0
1060;2025-11-16;1;62535;19;5;1020,0
1061;2024-01-02;5;3382;11;4;1020,0
1062;2023-11-13;3;18346;19;3;2040,0
1063;2023-07-07;1;40315;19;1;510,0
1064;2024-08-13;1;91200;18;3;1530,0
1065;2023-08-08;2;62535;11;4;1530,0
1066;2026-02-13;5;810;14;3;2040,0
1067;2025-12-14;2;62535;17;3;2040,0
1068;2023-05-30;1;898;11;3;2550,0
1069;2026-04-18;3;91200;15;4;1020,0
1070;2024-05-29;4;898;12;4;1530,0
1071;2025-03-12;5;3382;20;2;2040,0
1072;2025-04-23;1;91200;11;2;2550,0
1073;2023-07-31;5;40315;12;4;1530,0
1074;2025-11-25;1;40315;18;2;1530,0
1075;2026-01-11;4;824;16;4;2550,0
1076;2024-02-09;4;824;19;5;2550,0
1077;2025-04-25;1;40315;17;5;2550,0
1078;2025-11-16;3;824;18;3;2040,0
1079;2026-04-21;5;810;19;3;2550,0
1080;2024-05-08;4;810;19;5;2550,0
1081;2025-02-25;4;824;15;3;1020,0
1082;2023-06-15;4;18346;8;2;1020,0
1083;2023-10-05;5;824;10;4;510,0
1084;2025-02-23;2;62535;8;5;2550,0
1085;2025-11-07;3;3382;18;5;1020,0
1086;2023-10-30;5;898;13;2;510,0
1087;2025-01-13;3;3382;12;4;510,0
1088;2024-10-16;3;824;18;4;510,0
1089;2024-10-17;4;85600;10;1;510,0
1090;2024-11-01;4;18346;15;5;1020,0
1091;2025-12-28;1;62535;20;3;1530,0
1092;2024-12-23;3;810;17;3;1530,0
1093;2024-10-30;5;91200;12;5;2550,0
1094;2024-10-15;2;898;21;5;2550,0
1095;2024-04-15;4;18346;17;4;510,0
1096;2023-12-09;1;824;13;2;510,0
1097;2024-07-07;3;62535;18;2;2040,0
1098;2025-01-24;2;824;16;3;2040,0
1099;2023-08-15;2;91200;16;1;1530,0
1100;2023-09-13;5;85600;10;3;2040,0
1101;2024-08-10;1;18346;14;1;1020,0
1102;2023-05-17;1;810;20;5;1020,0
1103;2025-03-30;1;40315;16;5;510,0
1104;2026-05-02;1;91200;11;4;510,0
1105;2024-12-29;4;18346;8;5;1530,0
1106;2025-07-18;1;85600;11;4;2040,0
1107;2025-07-18;2;40315;9;4;1530,0
1108;2024-06-11;4;774;13;1;510,0
1109;2025-04-06;5;40315;9;5;2040,0
1110;2025-09-03;4;3382;18;3;510,0
1111;2023-05-31;3;62535;18;2;2040,0
1112;2023-07-21;3;40315;15;3;2550,0
1113;2023-08-07;5;824;20;1;1530,0
1114;2023-10-05;5;824;10;5;1530,0
1115;2026-04-01;1;91200;18;3;1530,0
1116;2024-04-09;5;898;18;3;1020,0
1117;2023-05-26;4;774;12;4;2040,0
1118;2023-05-31;1;40315;10;4;510,0
1119;2023-09-12;2;18346;15;2;1020,0
1120;2023-02-27;5;40315;8;5;510,0
1121;2025-06-24;3;898;11;2;2550,0
1122;2025-10-21;5;40315;8;4;2040,0
1123;2024-08-01;1;898;13;3;510,0
1124;2023-06-14;3;774;13;5;510,0
1125;2025-03-16;1;774;14;3;510,0
1126;2023-04-24;1;40315;12;4;2040,0
1127;2025-10-11;2;62535;16;1;1530,0
1128;2025-09-23;3;898;15;1;1020,0
1129;2023-07-08;3;40315;21;2;2040,0
1130;2025-01-25;5;85600;15;5;1020,0
1131;2024-07-15;2;85600;19;5;1530,0
1132;2023-02-12;5;62535;9;5;2040,0
1133;2026-02-09;2;810;15;5;2550,0
1134;2024-12-16;1;18346;14;1;2550,0
1135;2024-06-06;5;810;19;2;510,0
1136;2025-06-08;2;3382;11;4;2550,0
1137;2023-01-12;3;3382;18;4;2550,0
1138;2026-03-09;4;85600;11;5;510,0
1139;2023-10-03;1;40315;9;2;1020,0
1140;2023-01-25;3;774;13;5;2550,0
1141;2026-07-24;5;18346;14;1;2040,0
1142;2023-09-02;5;898;11;1;2550,0
1143;2024-12-13;3;40315;12;4;510,0
1144;2024-02-03;1;91200;14;2;510,0
1145;2026-04-06;4;898;9;3;2040,0
1146;2023-08-08;5;85600;11;3;1020,0
1147;2024-08-11;4;91200;11;4;2040,0
1148;2024-02-20;3;898;19;2;1530,0
1149;2026-06-15;2;810;18;2;510,0
1150;2024-08-25;5;18346;19;1;510,0
1151;2023-11-09;3;898;20;2;2550,0
1152;2024-04-28;2;810;8;2;2040,0
1153;2023-08-09;5;91200;16;4;2550,0
1154;2024-08-18;1;898;10;3;2040,0
1155;2026-03-02;3;62535;18;3;1530,0
1156;2023-01-04;1;774;21;3;1020,0
1157;2023-09-27;2;18346;17;2;510,0
1158;2025-10-14;1;18346;9;5;2040,0
1159;2024-04-03;4;91200;16;3;2550,0
1160;2024-06-28;5;824;8;5;2550,0
1161;2026-05-14;4;824;19;2;1530,0
1162;2023-07-18;1;18346;20;2;510,0
1163;2023-10-18;2;40315;16;4;1530,0
1164;2026-06-22;3;810;21;4;2550,0
1165;2024-11-09;1;810;14;4;510,0
1166;2025-06-14;1;898;8;4;1530,0
1167;2023-12-29;3;898;19;2;1530,0
1168;2024-12-20;3;3382;8;1;1020,0
1169;2025-10-28;3;18346;19;3;1020,0
1170;2024-11-25;4;824;10;4;2040,0
1171;2024-05-12;4;810;15;2;1530,0
1172;2023-10-02;1;85600;14;1;2550,0
1173;2024-04-11;5;91200;19;5;2550,0
1174;2025-01-22;5;898;15;5;2550,0
1175;2026-03-21;3;40315;11;3;1530,0
1176;2023-08-29;3;3382;19;3;510,0
1177;2023-06-24;4;40315;12;2;1530,0
1178;2024-09-27;1;774;16;4;2040,0
1179;2024-08-18;2;91200;21;1;1020,0
1180;2024-09-20;4;810;9;1;1530,0
1181;2024-01-21;3;810;9;5;2040,0
1182;2023-03-31;2;824;11;5;510,0
1183;2023-10-19;3;62535;12;2;1530,0
1184;2026-05-13;5;40315;20;2;2040,0
1185;2024-12-28;4;774;20;3;1020,0
1186;2023-09-23;3;18346;18;2;510,0
1187;2023-04-07;4;3382;12;3;2550,0
1188;2024-10-08;3;898;15;5;1020,0
1189;2025-07-31;4;40315;14;1;2550,0
1190;2025-05-17;5;810;9;5;2040,0
1191;2023-01-18;1;824;15;3;510,0
1192;2023-01-29;1;810;15;4;1020,0
1193;2023-04-17;4;824;12;2;1020,0
1194;2025-04-20;1;18346;8;5;1020,0
1195;2023-11-03;4;85600;18;1;1530,0
1196;2024-01-07;5;824;18;2;2550,0
1197;2024-06-22;1;18346;13;5;510,0
1198;2023-09-15;2;824;13;1;1530,0
1199;2024-12-03;5;810;20;3;510,0
1200;2025-12-18;4;85600;21;2;510,0
1201;2025-08-01;4;91200;13;5;2550,0
1202;2024-08-10;2;774;21;4;510,0
1203;2025-05-31;2;18346;18;3;2550,0
1204;2025-04-12;1;3382;11;3;2040,0
1205;2023-08-15;1;62535;21;4;1020,0
1206;2024-07-28;2;62535;14;5;2040,0
1207;2023-02-23;1;810;21;5;1530,0
1208;2023-09-14;1;85600;15;5;2550,0
1209;2025-03-13;5;91200;15;4;1530,0
1210;2023-05-22;3;62535;19;2;2040,0
1211;2023-08-30;1;91200;8;2;510,0
1212;2026-07-16;4;62535;21;5;1530,0
1213;2023-05-15;1;18346;14;4;1020,0
1214;2023-12-31;1;824;21;4;1020,0
1215;2026-02-09;4;40315;11;2;1020,0
1216;2025-08-19;1;85600;10;4;1530,0
1217;2024-11-04;4;40315;9;1;2040,0
1218;2024-12-18;5;810;8;2;1530,0
1219;2026-07-20;1;3382;21;2;1020,0
1220;2026-07-17;2;824;19;2;2040,0
1221;2025-09-19;2;898;20;1;1020,0
1222;2023-04-24;5;810;12;3;1530,0
1223;2026-08-17;5;91200;17;4;2550,0
1224;2025-02-10;4;898;18;2;1020,0
1225;2025-07-31;1;810;15;2;2550,0
1226;2024-06-13;2;774;8;3;1020,0
1227;2026-03-16;4;40315;16;2;1530,0
1228;2025-05-03;1;774;16;5;2040,0
1229;2023-07-09;1;774;21;1;2040,0
1230;2024-01-13;3;3382;20;4;2550,0
1231;2023-04-21;3;810;20;3;2040,0
1232;2026-04-03;2;85600;9;1;510,0
1233;2026-01-17;1;62535;18;2;2550,0
1234;2025-04-02;1;3382;16;4;2040,0
1235;2026-04-12;5;898;13;2;1530,0
1236;2024-03-06;2;810;11;2;2040,0
1237;2026-01-27;5;774;12;2;1020,0
1238;2025-10-26;3;40315;10;5;1020,0
1239;2025-01-18;4;62535;8;3;1530,0
1240;2025-01-05;5;62535;9;3;1020,0
1241;2024-10-09;4;91200;16;3;1020,0
1242;2026-05-14;4;91200;14;2;2040,0
1243;2024-12-05;4;774;16;3;2040,0
1244;2025-07-13;5;3382;20;4;1020,0
1245;2026-01-08;3;810;18;3;1020,0
1246;2024-12-17;5;774;10;4;1020,0
1247;2024-10-05;3;62535;11;1;2550,0
1248;2023-11-06;3;62535;12;1;1530,0
1249;2023-08-18;2;40315;12;1;2040,0
1250;2026-02-20;2;810;17;1;510,0
1251;2024-05-01;5;85600;11;1;1530,0
1252;2024-08-11;5;824;16;1;1020,0
1253;2026-01-07;1;62535;20;5;2550,0
1254;2025-04-21;2;3382;16;3;1530,0
1255;2023-07-31;3;898;9;5;510,0
1256;2025-09-28;3;62535;13;1;510,0
1257;2026-02-23;4;3382;11;3;2550,0
1258;2023-04-21;5;18346;21;3;2550,0
1259;2025-03-26;2;18346;15;4;510,0
1260;2024-06-07;5;898;18;3;1530,0
1261;2024-01-26;5;3382;20;4;1530,0
1262;2025-06-06;3;824;8;1;1530,0
1263;2024-11-06;4;3382;18;4;1020,0
1264;2023-08-19;2;3382;14;1;2040,0
1265;2025-09-10;4;18346;16;4;510,0
1266;2026-08-26;2;3382;10;5;1530,0
1267;2026-05-30;1;62535;9;3;1020,0
1268;2025-02-27;1;18346;11;5;2040,0
1269;2023-10-24;1;40315;17;5;2550,0
1270;2026-04-24;2;18346;18;1;1530,0
1271;2026-06-27;1;3382;16;5;1530,0
1272;2026-08-13;3;898;9;4;2550,0
1273;2026-08-30;5;810;18;3;2550,0
1274;2025-06-02;2;40315;16;3;1020,0
1275;2023-08-26;2;810;20;2;2550,0
1276;2024-02-12;1;3382;21;4;510,0
1277;2024-08-23;1;18346;12;1;1530,0
1278;2023-05-03;4;40315;16;4;1020,0
1279;2025-01-06;3;18346;19;3;1020,0
1280;2023-02-24;5;85600;12;4;2550,0
1281;2024-08-11;2;774;8;3;2040,0
1282;2025-12-09;3;62535;14;1;2040,0
1283;2023-06-09;5;898;21;2;1530,0
1284;2026-05-11;3;824;19;5;1530,0
1285;2025-07-31;3;18346;19;3;2040,0
1286;2026-01-02;3;18346;15;4;2550,0
1287;2024-10-19;5;18346;20;4;2550,0
1288;2024-11-30;4;91200;20;2;1530,0
1289;2025-10-17;3;774;15;3;1530,0
1290;2025-04-30;1;18346;18;4;2040,0
1291;2026-08-17;2;3382;18;2;1020,0
1292;2023-08-21;1;824;19;5;1020,0
1293;2025-05-10;4;824;16;4;1530,0
1294;2023-10-14;1;810;14;4;510,0
1295;2023-08-17;2;18346;18;5;2040,0
1296;2023-09-28;3;824;20;2;1530,0
1297;2023-11-12;1;774;12;1;1020,0
1298;2026-06-21;3;40315;13;5;1020,0
1299;2024-02-20;5;62535;16;5;1530,0
1300;2025-01-23;4;91200;8;1;2550,0
1301;2024-01-27;4;40315;11;3;2550,0
1302;2026-02-23;3;774;17;1;2550,0
1303;2023-05-19;2;810;9;4;1530,0
1304;2023-12-13;3;18346;15;4;2550,0
1305;2023-05-19;5;62535;18;5;1530,0
1306;2025-09-27;1;85600;16;5;510,0
1307;2025-10-11;1;774;21;2;1020,0
1308;2023-12-29;3;3382;19;4;2040,0
1309;2025-05-02;2;810;17;2;1530,0
1310;2025-02-28;5;810;10;2;2040,0
1311;2024-11-11;2;774;18;1;1020,0
1312;2025-11-23;2;774;8;5;1530,0
1313;2024-11-24;1;18346;16;5;510,0
1314;2025-06-17;1;18346;14;5;510,0
1315;2025-01-30;5;18346;10;4;1020,0
1316;2023-01-24;4;40315;21;2;1020,0
1317;2023-11-15;4;40315;19;2;1020,0
1318;2025-01-27;1;18346;14;1;1530,0
1319;2024-07-27;4;898;9;5;1020,0
1320;2023-02-18;3;85600;16;4;510,0
1321;2024-03-31;1;3382;9;3;2550,0
1322;2026-06-13;5;18346;9;3;1020,0
1323;2024-06-16;2;91200;8;1;1530,0
1324;2026-06-13;3;18346;17;4;2550,0
1325;2026-05-29;1;40315;19;2;2040,0
1326;2023-04-29;1;18346;15;5;510,0
1327;2023-07-03;1;810;14;3;510,0
1328;2023-12-12;4;774;20;2;1020,0
1329;2024-07-06;5;62535;13;3;510,0
1330;2025-04-27;3;898;17;1;1530,0
1331;2025-11-16;3;85600;17;2;510,0
1332;2023-05-12;5;824;21;4;2550,0
1333;2025-05-24;1;62535;11;2;1530,0
1334;2024-08-20;1;62535;21;2;2550,0
1335;2025-07-10;1;18346;13;3;510,0
1336;2026-01-10;4;40315;10;2;2040,0
1337;2026-01-14;2;810;19;3;1020,0
1338;2026-08-09;4;18346;21;2;510,0
1339;2023-06-17;2;3382;13;1;2040,0
1340;2023-12-01;5;85600;18;1;1530,0
1341;2023-06-06;4;91200;19;1;510,0
1342;2024-02-19;2;91200;19;3;510,0
1343;2023-04-16;5;774;12;2;1530,0
1344;2025-12-10;3;810;9;5;2550,0
1345;2024-03-16;1;62535;15;3;2040,0
1346;2024-08-23;2;40315;16;3;1020,0
1347;2026-05-13;3;18346;13;3;2040,0
1348;2023-10-19;5;91200;10;3;2040,0
1349;2023-05-06;1;898;17;2;1530,0
1350;2026-04-01;1;810;21;4;1530,0
1351;2024-06-04;5;18346;19;1;2040,0
1352;2025-04-06;4;898;13;1;2550,0
1353;2024-09-04;4;774;16;4;1530,0
1354;2025-09-02;5;898;16;4;510,0
1355;2026-05-06;1;85600;20;5;2550,0
1356;2024-12-22;3;810;9;5;1020,0
1357;2026-04-03;4;62535;17;1;2040,0
1358;2026-04-11;3;40315;9;2;1020,0
1359;2025-10-22;3;40315;18;5;2550,0
1360;2023-06-21;2;91200;17;2;2550,0
1361;2023-01-02;1;824;13;5;510,0
1362;2024-02-01;1;898;11;3;2040,0
1363;2026-04-21;1;774;17;2;510,0
1364;2024-02-29;3;40315;9;3;510,0
1365;2023-04-25;3;824;15;4;1530,0
1366;2024-11-08;4;85600;21;2;1020,0
1367;2023-01-23;2;774;16;3;1530,0
1368;2025-03-05;2;824;12;5;1020,0
1369;2025-10-18;4;18346;18;3;1530,0
1370;2024-02-12;5;898;8;4;1020,0
1371;2024-03-18;1;824;17;2;1020,0
1372;2023-08-04;4;85600;20;4;2040,0
1373;2023-07-23;1;18346;21;1;510,0
1374;2023-05-16;3;18346;18;5;510,0
1375;2026-08-27;5;18346;14;3;2040,0
1376;2024-06-28;3;774;19;3;2550,0
1377;2026-08-04;1;62535;19;2;1020,0
1378;2026-06-06;3;3382;19;1;2550,0
1379;2026-03-08;5;898;9;1;1020,0
1380;2026-07-15;2;898;12;5;1020,0
1381;2023-08-10;1;824;21;5;2550,0
1382;2024-03-23;4;62535;20;3;1530,0
1383;2024-06-24;5;85600;13;1;2550,0
1384;2026-06-05;2;62535;10;3;510,0
1385;2026-07-20;3;85600;10;4;510,0
1386;2023-04-21;5;824;11;1;1020,0
1387;2025-10-15;3;3382;10;4;1530,0
1388;2026-06-14;1;85600;10;5;1020,0
1389;2024-03-19;3;810;9;3;510,0
1390;2025-02-27;1;40315;11;1;510,0
1391;2023-05-20;1;774;8;2;2040,0
1392;2025-11-09;4;91200;21;4;510,0
1393;2023-04-28;1;18346;20;2;2040,0
1394;2026-06-11;4;91200;12;4;2550,0
1395;2025-11-18;5;774;16;4;2550,0
1396;2023-02-10;4;774;21;4;2040,0
1397;2023-12-11;2;91200;19;5;2040,0
1398;2025-03-14;4;40315;11;4;1020,0
1399;2023-04-06;5;898;17;5;1530,0
1400;2023-12-12;3;824;17;5;510,0
1401;2023-05-05;5;774;17;4;510,0
1402;2025-03-23;1;62535;14;3;1020,0
1403;2025-04-11;2;62535;14;4;2040,0
1404;2024-02-01;1;62535;12;5;1020,0
1405;2024-06-23;2;3382;11;1;510,0
1406;2024-09-08;4;824;11;1;1020,0
1407;2025-12-29;4;85600;12;4;2040,0
1408;2024-02-05;2;774;18;5;2040,0
1409;2026-03-12;4;3382;18;3;1530,0
1410;2024-03-18;3;91200;16;3;510,0
1411;2026-08-11;1;85600;14;1;2550,0
1412;2023-08-21;5;62535;8;5;1530,0
1413;2023-12-27;2;18346;21;1;510,0
1414;2023-12-11;5;62535;13;5;1020,0
1415;2025-07-16;2;18346;11;3;1020,0
1416;2024-11-02;4;3382;8;3;1020,0
1417;2026-01-01;3;3382;15;5;510,0
1418;2023-11-01;4;774;20;4;2040,0
1419;2023-08-26;4;91200;8;1;2550,0
1420;2025-04-06;5;85600;21;2;510,0
1421;2024-07-01;4;18346;21;5;1020,0
1422;2023-10-01;3;824;17;5;2040,0
1423;2023-08-22;4;3382;14;1;2550,0
1424;2026-08-13;5;774;18;4;2040,0
1425;2023-04-11;1;774;19;3;2040,0
1426;2023-05-04;1;91200;20;2;1020,0
1427;2025-03-20;1;62535;13;3;2040,0
1428;2026-02-26;4;18346;17;5;1530,0
1429;2025-02-27;4;774;21;3;510,0
1430;2025-12-08;2;85600;12;4;510,0
1431;2023-07-12;4;40315;19;4;2040,0
1432;2026-02-03;3;91200;20;3;510,0
1433;2023-02-13;4;85600;19;1;1020,0
1434;2024-05-10;5;774;14;4;1020,0
1435;2023-01-18;2;18346;10;1;2550,0
1436;2024-02-18;4;62535;21;1;2550,0
1437;2024-02-13;1;810;8;5;2550,0
1438;2025-02-12;2;898;15;3;2550,0
1439;2025-09-02;3;18346;12;2;1020,0
1440;2025-07-25;2;62535;20;3;1020,0
1441;2025-04-23;3;91200;9;2;2040,0
1442;2026-04-06;3;18346;21;2;1530,0
1443;2025-11-07;3;85600;17;3;510,0
1444;2024-02-18;2;774;18;2;1020,0
1445;2023-05-30;2;898;10;2;510,0
1446;2024-09-27;5;898;18;2;1020,0
1447;2026-02-14;5;85600;15;1;2550,0
1448;2025-11-16;2;62535;10;4;2550,0
1449;2024-03-06;2;898;13;5;510,0
1450;2023-07-28;3;810;19;1;1020,0
1451;2025-12-04;5;3382;12;1;2550,0
1452;2025-10-24;1;18346;21;4;1530,0
1453;2023-10-17;1;40315;14;4;1530,0
1454;2023-07-17;4;40315;9;2;510,0
1455;2023-10-02;1;85600;14;5;1530,0
1456;2025-12-29;4;898;16;2;1530,0
1457;2026-03-29;1;774;11;1;2550,0
1458;2025-02-28;1;91200;13;5;2550,0
1459;2023-01-02;4;40315;21;4;510,0
1460;2025-11-23;1;18346;12;3;1530,0
1461;2025-05-06;5;824;20;5;1530,0
1462;2026-07-09;3;40315;9;1;1530,0
1463;2023-06-24;4;774;20;5;510,0
1464;2023-01-06;4;40315;10;2;1530,0
1465;2024-09-03;2;824;19;5;2040,0
1466;2025-01-02;1;40315;10;1;510,0
1467;2026-02-09;5;824;19;2;2550,0
1468;2024-03-13;5;40315;15;5;510,0
1469;2025-03-31;3;85600;19;4;1530,0
1470;2023-06-14;3;18346;16;3;2040,0
1471;2026-04-25;4;3382;21;5;1020,0
1472;2026-06-13;1;810;18;5;1530,0
1473;2025-12-03;2;40315;13;2;1020,0
1474;2024-09-10;2;810;20;1;2550,0
1475;2025-09-15;3;774;12;3;2040,0
1476;2023-02-04;2;824;8;2;510,0
1477;2023-06-12;5;774;16;3;2040,0
1478;2023-02-14;5;824;17;5;1530,0
1479;2026-07-04;4;3382;9;5;2040,0
1480;2025-05-31;4;85600;16;4;2040,0
1481;2023-09-02;3;898;15;2;1530,0
1482;2026-08-09;1;3382;9;2;1020,0
1483;2025-12-01;1;3382;18;4;1530,0
1484;2024-04-28;1;85600;19;3;1020,0
1485;2023-03-27;4;85600;18;3;1530,0
1486;2026-03-11;3;18346;10;2;510,0
1487;2023-06-21;2;85600;8;2;1530,0
1488;2024-11-19;4;898;19;3;1530,0
1489;2026-02-14;5;85600;19;2;2040,0
1490;2024-04-30;3;898;21;1;2550,0
1491;2023-02-24;3;91200;9;1;2040,0
1492;2026-04-22;5;91200;18;1;510,0
1493;2023-05-07;5;824;19;3;510,0
1494;2023-05-08;1;91200;17;2;1530,0
1495;2025-06-28;4;85600;16;5;1530,0
1496;2024-09-13;4;40315;15;5;510,0
1497;2023-01-21;5;774;20;2;510,0
1498;2026-08-26;3;3382;19;5;510,0
1499;2026-02-23;2;824;11;1;1530,0
1500;2023-04-12;1;898;16;5;2040,0
1501;2023-01-16;2;824;13;5;1530,0
1502;2023-11-15;1;18346;14;5;1020,0
1503;2026-04-07;2;774;10;3;1530,0
1504;2023-04-12;2;3382;21;2;1020,0
1505;2023-07-07;4;18346;17;5;2040,0
1506;2023-01-26;1;91200;13;4;2040,0
1507;2024-11-29;2;62535;21;5;2550,0
1508;2023-08-17;2;40315;13;1;1530,0
1509;2026-01-20;5;774;15;4;2550,0
1510;2023-07-27;4;824;8;5;510,0
1511;2024-09-26;3;91200;18;5;1530,0
1512;2025-07-18;2;91200;13;5;2040,0
1513;2026-08-05;5;18346;8;5;1020,0
1514;2025-08-02;4;91200;13;3;1530,0
1515;2024-12-31;4;40315;21;5;2040,0
1516;2023-04-02;4;18346;18;1;510,0
1517;2025-11-08;1;85600;14;5;1020,0
1518;2023-12-12;1;62535;12;1;1020,0
1519;2024-07-04;5;40315;20;3;1020,0
1520;2026-03-03;1;824;19;3;1530,0
1521;2024-11-08;4;18346;16;2;2040,0
1522;2025-07-09;2;824;18;3;1020,0
1523;2023-04-08;4;3382;18;1;1020,0
1524;2024-02-02;1;85600;16;5;1530,0
1525;2025-12-15;4;62535;17;1;1530,0
1526;2023-08-29;5;810;8;1;1020,0
1527;2025-12-21;3;62535;16;3;2040,0
1528;2026-06-05;1;85600;21;4;2040,0
1529;2023-09-15;4;810;19;3;1530,0
1530;2024-06-30;4;18346;12;2;1020,0
1531;2024-08-14;2;774;8;2;2550,0
1532;2024-04-11;2;62535;13;4;2040,0
1533;2024-10-19;3;91200;13;1;1020,0
1534;2023-02-04;5;824;12;1;510,0
1535;2024-08-08;4;810;18;1;1530,0
1536;2024-09-24;2;40315;13;5;2550,0
1537;2025-10-04;2;40315;9;3;2550,0
1538;2023-10-01;3;774;15;3;1530,0
1539;2025-11-09;5;774;10;5;1020,0
1540;2024-01-31;1;898;15;1;510,0
1541;2024-08-18;4;810;13;3;2040,0
1542;2025-01-12;4;810;12;1;2550,0
1543;2024-02-14;4;774;11;1;1020,0
1544;2025-01-01;3;3382;20;1;510,0
1545;2025-08-26;2;810;16;1;510,0
1546;2023-12-25;1;824;16;3;2550,0
1547;2025-08-30;4;91200;9;1;2040,0
1548;2026-03-14;2;62535;17;5;510,0
1549;2024-06-30;4;898;16;4;1020,0
1550;2024-01-13;4;91200;15;3;2550,0
1551;2023-08-14;2;18346;9;4;510,0
1552;2025-11-30;2;3382;20;1;2550,0
1553;2024-10-12;2;3382;8;3;2040,0
1554;2026-05-03;2;810;16;4;510,0
1555;2024-11-26;3;18346;20;5;1020,0
1556;2023-08-29;5;898;8;4;2040,0
1557;2025-03-22;1;898;10;2;1020,0
1558;2026-03-22;3;774;9;1;1530,0
1559;2023-11-09;1;810;21;3;2040,0
1560;2024-12-11;2;18346;12;1;2550,0
1561;2024-09-02;4;3382;11;5;2040,0
1562;2025-03-18;1;91200;18;3;510,0
1563;2025-12-17;3;774;8;4;510,0
1564;2026-05-19;5;18346;9;1;1530,0
1565;2025-06-06;5;824;19;2;2040,0
1566;2024-11-27;1;3382;8;5;1020,0
1567;2024-07-15;4;85600;15;4;2550,0
1568;2025-06-21;1;898;16;5;1530,0
1569;2026-06-02;1;898;11;4;510,0
1570;2026-04-14;4;85600;21;2;2040,0
1571;2026-07-26;3;824;19;4;2550,0
1572;2026-08-16;5;3382;15;2;1530,0
1573;2024-06-19;1;40315;18;1;510,0
1574;2023-12-04;1;85600;10;4;1530,0
1575;2026-03-23;3;774;12;5;510,0
1576;2024-11-05;2;898;13;4;1020,0
1577;2026-04-30;3;898;15;1;1530,0
1578;2023-09-02;3;85600;10;3;1020,0
1579;2025-07-16;4;62535;17;3;2550,0
1580;2024-03-20;1;810;12;4;1530,0
1581;2025-04-22;5;62535;17;5;1530,0
1582;2024-12-29;5;824;13;4;2550,0
1583;2025-11-19;3;40315;13;5;1530,0
1584;2023-04-24;1;62535;21;2;2550,0
1585;2024-08-11;5;774;15;3;510,0
1586;2025-08-27;5;824;9;3;1530,0
1587;2023-04-23;4;824;20;1;2040,0
1588;2026-03-04;3;810;9;1;1020,0
1589;2023-06-28;3;62535;12;2;2040,0
1590;2024-07-23;3;18346;9;3;2550,0
1591;2025-05-24;2;85600;14;2;510,0
1592;2025-09-27;1;62535;8;1;1020,0
1593;2025-10-04;3;810;20;4;2040,0
1594;2023-09-27;1;18346;15;3;2040,0
1595;2023-09-27;1;774;20;4;2040,0
1596;2023-01-17;2;898;19;2;1530,0
1597;2026-01-18;2;18346;10;3;510,0
1598;2024-10-10;2;3382;11;2;2040,0
1599;2024-12-10;4;62535;15;2;510,0
1600;2023-09-29;1;774;21;4;2550,0
1601;2025-07-17;3;62535;21;2;510,0
1602;2023-03-10;1;85600;10;5;1530,0
1603;2024-01-09;1;40315;17;1;2040,0
1604;2024-03-08;1;810;10;3;1530,0
1605;2025-07-24;5;62535;12;2;510,0
1606;2026-08-22;5;91200;13;2;1020,0
1607;2023-09-03;5;810;13;3;1020,0
1608;2023-01-24;3;18346;12;5;2550,0
1609;2023-05-10;3;62535;12;3;2040,0
1610;2024-04-06;2;3382;20;1;2550,0
1611;2025-01-16;5;774;15;1;2550,0
1612;2025-06-27;2;898;16;4;510,0
1613;2026-06-09;5;18346;16;5;2040,0
1614;2024-03-12;2;3382;17;3;2040,0
1615;2024-04-10;4;62535;9;3;510,0
1616;2024-03-15;5;85600;13;3;1530,0
1617;2024-12-18;3;774;11;5;2550,0
1618;2023-10-15;1;774;21;4;510,0
1619;2024-05-08;4;18346;10;2;510,0
1620;2025-05-25;3;774;10;3;2040,0
1621;2023-12-02;2;774;18;5;1020,0
1622;2023-03-12;5;85600;16;5;1530,0
1623;2025-02-20;2;85600;16;4;2040,0
1624;2026-01-11;5;898;21;1;1530,0
1625;2023-01-02;2;91200;19;5;1530,0
1626;2023-09-27;3;85600;21;2;1530,0
1627;2025-04-10;1;91200;10;5;510,0
1628;2024-10-26;4;85600;21;4;1530,0
1629;2025-08-14;3;40315;8;2;510,0
1630;2023-04-19;2;898;17;5;2550,0
1631;2023-04-28;4;810;11;2;2040,0
1632;2025-02-01;5;62535;11;3;1530,0
1633;2024-07-07;3;898;19;5;2040,0
1634;2024-12-09;4;18346;18;3;1020,0
1635;2024-07-02;2;40315;21;2;2040,0
1636;2024-03-21;1;898;13;5;2040,0
1637;2025-04-18;5;18346;19;5;1530,0
1638;2025-11-13;3;898;18;5;2040,0
1639;2026-02-09;4;18346;12;3;1530,0
1640;2026-07-31;1;824;13;2;1530,0
1641;2026-06-12;1;62535;13;4;2040,0
1642;2023-11-10;3;91200;17;5;1020,0
1643;2024-11-21;5;824;14;4;510,0
1644;2024-05-14;1;40315;8;3;2040,0
1645;2025-04-02;3;898;12;3;1530,0
1646;2024-03-07;4;40315;12;3;1530,0
1647;2026-05-15;4;62535;18;5;2040,0
1648;2026-06-04;3;62535;13;1;2040,0
1649;2024-01-12;4;91200;16;3;2550,0
1650;2024-10-21;4;774;18;3;1530,0
1651;2025-12-18;5;810;21;3;1020,0
1652;2026-03-29;4;774;12;1;1530,0
1653;2024-09-17;2;91200;18;2;1020,0
1654;2024-05-23;4;85600;14;1;2550,0
1655;2025-05-09;3;3382;15;1;2040,0
1656;2024-02-24;5;91200;8;4;2550,0
1657;2024-02-24;5;3382;21;1;2550,0
1658;2023-07-12;5;18346;13;1;1020,0
1659;2026-01-20;3;824;20;5;2040,0
1660;2025-07-01;1;898;15;2;1020,0
1661;2025-08-11;4;898;8;3;2550,0
1662;2023-06-28;1;824;19;3;2040,0
1663;2026-02-24;3;62535;8;4;1020,0
1664;2025-02-24;4;40315;14;1;1020,0
1665;2024-02-14;5;810;17;4;1020,0
1666;2025-11-12;5;824;11;3;1530,0
1667;2026-05-17;5;91200;20;4;510,0
1668;2026-02-24;2;85600;13;4;1020,0
1669;2024-03-17;5;810;10;5;2550,0
1670;2024-04-28;1;774;11;4;2550,0
1671;2026-02-10;4;18346;16;4;510,0
1672;2023-09-15;1;85600;16;2;1530,0
1673;2026-06-18;1;774;11;5;2550,0
1674;2025-11-10;1;810;13;4;2040,0
1675;2023-07-08;1;824;18;5;2550,0
1676;2023-02-13;5;3382;20;1;1530,0
1677;2023-05-05;3;774;20;3;1020,0
1678;2025-05-17;1;85600;16;3;1020,0
1679;2025-12-31;3;774;8;5;1530,0
1680;2023-03-03;1;91200;20;4;510,0
1681;2025-03-05;3;18346;14;4;2040,0
1682;2023-11-28;4;774;18;2;510,0
1683;2025-03-06;1;18346;13;3;1530,0
1684;2025-07-18;1;91200;9;1;2550,0
1685;2025-02-23;4;40315;11;5;2040,0
1686;2025-08-27;5;18346;15;2;510,0
1687;2023-11-08;1;824;14;1;2040,0
1688;2024-05-27;2;824;12;4;2550,0
1689;2025-01-16;2;824;16;2;2550,0
1690;2026-05-20;1;774;9;5;1020,0
1691;2024-09-18;3;774;21;5;2040,0
1692;2024-11-19;5;774;15;3;1020,0
1693;2024-02-19;2;85600;9;1;1530,0
1694;2024-11-16;3;18346;13;1;2550,0
1695;2024-09-29;3;18346;19;4;510,0
1696;2024-10-27;2;18346;16;2;1020,0
1697;2026-01-05;3;824;8;4;1020,0
1698;2023-10-29;5;40315;18;4;510,0
1699;2023-06-26;1;774;12;4;2040,0
1700;2024-10-15;5;91200;20;5;1530,0
1701;2023-11-27;2;62535;11;5;510,0
1702;2025-03-10;1;3382;11;1;1530,0
1703;2023-08-20;5;18346;14;2;1530,0
1704;2024-01-18;5;824;10;3;2040,0
1705;2024-08-20;1;824;21;5;2550,0
1706;2024-09-20;3;85600;13;5;1530,0
1707;2023-01-27;5;774;11;3;2550,0
1708;2026-07-12;5;810;21;4;2550,0
1709;2024-12-24;4;810;12;2;2040,0
1710;2023-07-11;4;774;8;5;510,0
1711;2025-05-21;3;898;9;5;1020,0
1712;2024-03-25;1;3382;15;2;1530,0
1713;2023-01-17;4;85600;14;2;510,0
1714;2026-04-19;1;62535;18;1;1020,0
1715;2025-08-17;2;18346;17;1;2040,0
1716;2023-11-15;3;62535;9;3;2040,0
1717;2024-07-18;3;85600;17;2;1020,0
1718;2023-03-09;3;810;18;3;2040,0
1719;2024-05-06;2;810;13;4;1530,0
1720;2025-05-18;4;18346;15;5;510,0
1721;2026-05-15;5;85600;21;3;510,0
1722;2026-04-06;3;824;14;2;1530,0
1723;2024-09-16;1;3382;12;4;1530,0
1724;2024-04-25;2;62535;11;5;1020,0
1725;2024-01-24;3;85600;13;1;510,0
1726;2026-08-10;4;898;14;1;1020,0
1727;2024-04-02;5;810;8;5;510,0
1728;2023-10-22;2;810;12;5;2550,0
1729;2024-10-01;4;898;15;5;1020,0
1730;2024-03-31;1;810;18;4;1020,0
1731;2024-11-25;4;810;15;1;2550,0
1732;2025-10-01;4;3382;14;3;2550,0
1733;2023-09-03;3;62535;10;2;1020,0
1734;2025-11-11;1;85600;18;1;1530,0
1735;2025-07-13;1;85600;18;4;1530,0
1736;2025-12-12;4;824;18;5;2550,0
1737;2025-08-26;4;824;8;3;2040,0
1738;2025-07-16;2;40315;8;5;2550,0
1739;2024-10-05;4;898;16;5;2550,0
1740;2025-04-25;2;91200;10;2;1530,0
1741;2024-10-15;5;3382;16;1;1020,0
1742;2024-11-25;4;85600;16;2;2550,0
1743;2024-10-19;1;85600;14;2;2040,0
1744;2025-08-23;1;18346;11;4;510,0
1745;2024-03-11;2;824;21;2;1020,0
1746;2025-05-16;3;18346;9;2;510,0
1747;2023-01-20;4;18346;15;1;1530,0
1748;2024-12-28;2;810;9;1;1530,0
1749;2023-01-09;2;898;9;3;1530,0
1750;2026-03-23;3;62535;12;5;2040,0
1751;2024-12-15;1;18346;9;1;510,0
1752;2026-05-04;2;3382;14;5;1020,0
1753;2024-11-12;4;91200;14;1;1020,0
1754;2023-07-03;3;774;15;3;1530,0
1755;2026-07-28;1;810;17;1;2040,0
1756;2023-06-27;1;774;13;1;2040,0
1757;2025-06-02;5;898;19;5;1530,0
1758;2023-12-23;2;62535;12;3;1020,0
1759;2025-03-02;3;774;15;1;510,0
1760;2026-02-24;4;40315;8;2;1020,0
1761;2025-02-27;1;62535;18;4;1020,0
1762;2026-04-24;3;824;9;5;1530,0
1763;2024-06-13;3;824;20;4;1530,0
1764;2025-09-25;3;774;21;2;510,0
1765;2026-01-18;1;18346;14;4;2550,0
1766;2023-09-24;1;810;9;1;2550,0
1767;2025-02-01;4;91200;13;2;2040,0
1768;2023-11-17;3;824;10;4;2550,0
1769;2023-09-23;4;810;9;2;2040,0
1770;2025-04-26;2;62535;9;5;2550,0
1771;2024-08-17;1;810;9;1;1020,0
1772;2023-07-18;3;91200;10;5;1020,0
1773;2025-03-31;3;40315;15;1;510,0
1774;2025-04-22;1;85600;19;4;1530,0
1775;2026-07-09;1;774;19;4;2550,0
1776;2025-11-25;4;3382;21;4;1020,0
1777;2023-12-06;2;774;18;4;1530,0
1778;2023-10-04;2;18346;18;1;2040,0
1779;2025-06-11;4;810;17;1;510,0
1780;2023-04-04;1;3382;20;4;2550,0
1781;2024-08-30;1;85600;15;2;2040,0
1782;2025-07-25;3;18346;11;3;510,0
1783;2026-04-11;5;3382;17;5;1020,0
1784;2023-09-17;2;85600;14;4;2040,0
1785;2026-04-23;2;3382;19;4;2550,0
1786;2024-07-24;2;824;18;5;2040,0
1787;2023-12-22;1;824;11;1;2040,0
1788;2026-01-18;3;898;8;2;510,0
1789;2025-08-02;1;18346;11;3;510,0
1790;2025-10-11;3;824;14;4;1020,0
1791;2024-06-11;4;18346;20;4;1530,0
1792;2025-04-18;2;810;15;2;1530,0
1793;2025-05-04;5;18346;10;3;510,0
1794;2023-11-11;3;810;11;3;2040,0
1795;2026-02-10;5;774;21;5;1020,0
1796;2024-08-17;3;85600;8;4;2550,0
1797;2023-10-21;5;3382;18;3;2550,0
1798;2023-06-02;1;824;8;3;2040,0
1799;2025-10-15;1;774;12;3;2040,0
1800;2024-04-17;2;85600;19;5;2550,0
1801;2025-02-13;2;91200;14;5;510,0
1802;2026-05-16;4;824;9;3;1530,0
1803;2023-01-06;3;824;19;2;2040,0
1804;2026-03-25;5;40315;21;2;1020,0
1805;2025-10-24;1;62535;13;2;1020,0
1806;2025-05-05;1;18346;13;4;510,0
1807;2024-06-22;1;3382;21;3;1530,0
1808;2024-04-21;5;824;18;4;2550,0
1809;2025-04-20;3;898;12;1;1020,0
1810;2024-09-15;5;62535;14;1;1020,0
1811;2024-09-08;1;91200;13;3;1530,0
1812;2026-05-01;5;898;11;3;2550,0
1813;2026-02-10;3;40315;14;4;2550,0
1814;2024-07-15;3;91200;8;5;510,0
1815;2023-09-27;2;810;9;3;1530,0
1816;2023-12-15;3;18346;14;1;510,0
1817;2026-08-11;5;774;20;4;2550,0
1818;2025-10-01;5;810;13;1;1020,0
1819;2024-11-20;2;62535;17;4;1530,0
1820;2024-02-01;3;824;13;5;1020,0
1821;2025-12-27;1;85600;8;5;1020,0
1822;2026-03-27;4;18346;21;5;1530,0
1823;2023-01-01;5;810;9;2;2040,0
1824;2026-07-23;2;62535;20;3;2040,0
1825;2023-08-01;3;62535;17;2;1020,0
1826;2025-05-08;1;62535;20;5;1530,0
1827;2024-08-26;2;40315;17;3;2550,0
1828;2023-06-01;5;91200;14;1;510,0
1829;2023-06-08;2;898;16;3;1530,0
1830;2023-02-11;5;824;14;4;510,0
1831;2026-07-26;2;898;11;3;1530,0
1832;2024-05-20;1;85600;21;5;510,0
1833;2025-11-09;3;824;13;5;510,0
1834;2025-11-15;5;18346;12;4;1530,0
1835;2023-04-25;5;40315;20;4;510,0
1836;2023-05-09;1;62535;21;2;1530,0
1837;2023-09-12;1;91200;17;4;510,0
1838;2026-05-11;5;774;9;2;2040,0
1839;2023-12-15;1;18346;11;1;1530,0
1840;2023-05-30;2;85600;8;5;2550,0
1841;2026-05-17;5;3382;19;5;2040,0
1842;2026-08-08;1;18346;14;2;1020,0
1843;2025-11-11;5;810;8;2;1020,0
1844;2023-04-20;1;774;11;4;2040,0
1845;2023-10-17;4;824;10;4;1020,0
1846;2025-08-27;1;40315;21;5;1020,0
1847;2026-05-19;3;824;18;1;1020,0
1848;2025-03-12;2;40315;13;3;510,0
1849;2024-12-02;2;824;17;5;510,0
1850;2024-05-10;1;3382;19;5;2550,0
1851;2024-12-14;5;18346;17;3;1020,0
1852;2023-11-14;3;91200;21;5;510,0
1853;2023-10-19;3;898;16;5;2550,0
1854;2024-12-01;4;91200;15;1;2550,0
1855;2024-04-22;5;91200;11;1;510,0
1856;2025-03-17;2;774;14;1;2550,0
1857;2025-03-25;1;62535;18;3;1530,0
1858;2024-07-11;3;18346;16;5;2040,0
1859;2024-10-08;5;85600;20;2;1530,0
1860;2023-03-01;3;3382;8;2;1020,0
1861;2025-09-28;5;62535;9;2;1530,0
1862;2023-01-28;1;810;16;3;2550,0
1863;2026-03-19;3;898;17;5;1020,0
1864;2026-04-02;3;18346;21;4;2040,0
1865;2023-06-16;2;810;21;3;1020,0
1866;2023-11-13;2;810;21;3;2550,0
1867;2026-06-27;3;40315;11;5;510,0
1868;2026-08-06;5;18346;19;2;510,0
1869;2023-07-30;3;774;18;3;1020,0
1870;2024-05-01;4;824;20;5;510,0
1871;2023-08-09;3;774;20;2;1020,0
1872;2026-01-30;5;18346;14;5;1530,0
1873;2025-08-13;4;824;21;5;510,0
1874;2025-11-22;2;774;10;4;2550,0
1875;2025-11-06;5;91200;11;5;1020,0
1876;2025-09-03;5;3382;17;4;510,0
1877;2026-03-31;4;774;21;2;1530,0
1878;2024-01-01;5;3382;17;2;1020,0
1879;2026-06-12;3;3382;8;3;510,0
1880;2024-02-22;1;62535;13;4;1530,0
1881;2025-02-24;1;18346;14;1;2040,0
1882;2023-08-02;3;62535;11;4;2040,0
1883;2026-03-15;5;3382;14;4;1530,0
1884;2026-08-07;4;824;21;3;2040,0
1885;2023-12-30;5;3382;13;1;510,0
1886;2024-12-25;2;91200;17;3;1530,0
1887;2023-10-03;1;810;13;2;2040,0
1888;2023-09-17;5;3382;15;2;1020,0
1889;2026-03-31;2;774;17;3;2550,0
1890;2024-01-17;2;62535;20;4;510,0
1891;2023-07-19;1;898;21;1;1020,0
1892;2023-05-25;5;774;15;3;510,0
1893;2025-12-20;3;810;15;2;2550,0
1894;2023-01-06;1;774;21;2;510,0
1895;2025-05-13;1;18346;21;2;2040,0
1896;2026-08-20;5;810;11;4;1530,0
1897;2024-07-26;4;62535;12;3;2040,0
1898;2025-06-24;1;85600;11;5;2040,0
1899;2026-06-04;2;3382;9;4;1020,0
1900;2024-06-05;3;810;20;3;2040,0
1901;2023-08-09;1;40315;15;2;1530,0
1902;2024-06-16;1;774;11;2;2550,0
1903;2024-11-17;4;40315;12;5;1020,0
1904;2023-04-02;4;3382;19;2;1530,0
1905;2024-05-24;4;3382;19;1;510,0
1906;2024-02-01;2;91200;20;4;1020,0
1907;2023-01-01;1;91200;16;5;1530,0
1908;2025-12-13;3;898;21;5;2550,0
1909;2023-11-27;5;898;14;3;1530,0
1910;2025-06-29;2;18346;9;2;510,0
1911;2025-03-21;1;810;9;1;2040,0
1912;2025-06-07;4;810;9;3;510,0
1913;2026-01-09;1;62535;11;2;510,0
1914;2023-11-05;2;85600;11;3;2040,0
1915;2025-05-09;5;3382;20;5;510,0
1916;2023-11-15;4;62535;12;3;1530,0
1917;2025-09-01;4;898;10;2;2550,0
1918;2025-10-15;5;40315;11;4;2040,0
1919;2024-01-31;4;62535;10;2;1020,0
1920;2023-06-02;5;18346;21;2;510,0
1921;2025-08-14;1;898;13;5;510,0
1922;2025-04-01;2;898;16;2;2550,0
1923;2023-02-09;4;824;19;3;2550,0
1924;2023-12-29;5;3382;10;1;2040,0
1925;2024-04-28;5;898;17;4;510,0
1926;2024-02-14;2;810;18;1;1020,0
1927;2023-01-10;3;18346;17;5;1020,0
1928;2023-11-10;1;774;14;5;2040,0
1929;2025-09-25;3;91200;8;3;2040,0
1930;2024-01-06;1;774;19;3;510,0
1931;2024-07-12;1;85600;12;3;2040,0
1932;2024-04-23;5;810;10;2;2550,0
1933;2025-02-26;1;3382;8;1;1530,0
1934;2023-12-05;1;898;13;2;510,0
1935;2025-01-28;3;774;19;1;2040,0
1936;2025-02-15;1;85600;17;5;510,0
1937;2025-06-09;3;3382;16;2;1530,0
1938;2025-04-27;1;898;9;4;1020,0
1939;2023-04-22;1;810;12;2;2040,0
1940;2024-10-01;1;810;20;4;510,0
1941;2024-06-16;4;62535;20;5;1530,0
1942;2024-01-30;1;810;8;3;1020,0
1943;2023-06-09;4;85600;8;1;1530,0
1944;2026-06-24;2;91200;19;2;1020,0
1945;2026-08-04;2;85600;14;4;1530,0
1946;2025-04-19;1;91200;8;1;2550,0
1947;2024-03-16;2;824;15;3;510,0
1948;2023-11-04;2;62535;17;4;1530,0
1949;2024-12-06;4;774;17;2;1530,0
1950;2023-12-03;1;85600;16;4;2040,0
1951;2023-11-29;3;824;13;5;510,0
1952;2025-04-21;4;91200;12;2;2550,0
1953;2026-04-11;2;898;16;5;510,0
1954;2026-05-17;4;774;19;2;1530,0
1955;2023-03-10;5;40315;12;2;1530,0
1956;2025-09-15;1;85600;17;4;1020,0
1957;2026-07-12;5;18346;19;4;2550,0
1958;2024-06-23;2;40315;16;2;510,0
1959;2025-12-21;4;810;14;1;1020,0
1960;2025-03-23;1;18346;10;5;2550,0
1961;2023-02-05;4;62535;10;2;1530,0
1962;2025-05-27;1;40315;18;4;1020,0
1963;2024-07-15;2;898;21;3;2550,0
1964;2023-05-01;2;91200;8;1;1530,0
1965;2025-09-20;1;810;19;4;1530,0
1966;2026-04-12;3;18346;15;5;510,0
1967;2024-01-15;1;824;11;1;1020,0
1968;2024-02-16;5;40315;20;2;510,0
1969;2024-09-15;2;85600;17;4;1530,0
1970;2024-08-17;1;18346;21;1;1020,0
1971;2024-03-30;5;62535;15;3;510,0
1972;2023-04-25;5;85600;10;3;510,0
1973;2025-10-10;5;3382;15;2;510,0
1974;2024-11-26;1;40315;17;1;2550,0
1975;2023-04-10;4;85600;16;3;2040,0
1976;2024-10-06;2;62535;9;1;1020,0
1977;2025-10-30;3;91200;10;1;1020,0
1978;2023-07-11;2;18346;12;3;2550,0
1979;2023-07-13;5;810;18;2;2550,0
1980;2023-07-27;1;824;21;1;1020,0
1981;2026-03-04;4;40315;15;1;510,0
1982;2023-05-01;5;810;10;3;2040,0
1983;2025-05-01;2;774;9;4;510,0
1984;2026-01-22;4;824;10;5;1020,0
1985;2025-01-09;5;3382;15;4;510,0
1986;2025-12-10;2;62535;9;5;1020,0
1987;2024-04-29;1;3382;13;5;2040,0
1988;2025-12-31;1;810;11;5;2550,0
1989;2023-11-12;1;85600;19;3;2550,0
1990;2024-03-04;5;40315;18;1;510,0
1991;2023-10-25;2;824;12;4;510,0
1992;2026-07-04;3;810;18;5;2550,0
1993;2024-05-19;2;810;10;3;2550,0
1994;2024-06-20;5;91200;15;1;1020,0
1995;2025-12-14;5;898;21;1;1020,0
1996;2024-10-15;2;824;10;3;510,0
1997;2024-01-04;1;91200;16;5;2040,0
1998;2023-07-31;2;3382;20;1;510,0
1999;2023-05-13;3;774;10;4;2550,0
2000;2023-02-05;3;3382;8;2;1530,0
2001;2025-08-11;5;40315;16;5;1020,0
2002;2024-10-08;4;18346;19;4;510,0
2003;2025-07-03;4;40315;10;5;2040,0
2004;2023-04-03;2;40315;18;3;2040,0
2005;2026-06-23;4;810;9;4;510,0
2006;2026-03-25;5;774;11;3;2040,0
2007;2026-08-26;1;774;20;1;2040,0
2008;2024-06-08;3;824;14;5;2040,0
2009;2026-06-25;3;3382;12;4;2040,0
2010;2024-05-18;4;774;11;2;1530,0
2011;2025-12-08;3;824;11;5;510,0
2012;2023-05-24;4;824;8;1;1020,0
2013;2025-01-29;3;898;8;2;510,0
2014;2025-02-09;2;91200;17;3;510,0
2015;2023-11-20;4;85600;21;4;1530,0
2016;2024-02-17;5;824;19;3;2040,0
2017;2026-04-16;3;85600;10;3;1530,0
2018;2026-02-20;3;85600;13;3;2550,0
2019;2024-03-08;1;3382;13;4;2040,0
2020;2023-06-30;2;62535;10;1;510,0
2021;2025-03-26;3;40315;21;5;1020,0
2022;2023-05-26;5;62535;12;3;1020,0
2023;2025-05-13;5;3382;18;3;510,0
2024;2024-07-15;5;824;17;2;510,0
2025;2026-03-16;2;824;9;1;2040,0
2026;2023-03-17;5;40315;9;3;1020,0
2027;2026-01-09;5;824;13;4;1530,0
2028;2024-09-07;5;3382;20;1;1020,0
2029;2025-12-06;4;774;14;4;510,0
2030;2023-01-22;5;18346;9;5;1020,0
2031;2025-12-03;3;40315;17;5;1530,0
2032;2023-07-15;4;40315;10;3;2550,0
2033;2024-02-12;2;810;10;3;2550,0
2034;2026-03-12;3;18346;16;4;510,0
2035;2026-05-01;4;85600;12;1;2040,0
2036;2024-07-23;2;40315;9;5;510,0
2037;2026-02-23;2;898;11;4;2040,0
2038;2024-12-04;3;85600;19;4;1020,0
2039;2024-01-03;4;85600;21;5;2040,0
2040;2026-01-18;4;91200;10;2;2040,0
2041;2024-10-12;2;3382;10;1;2550,0
2042;2024-05-19;1;18346;18;2;2550,0
2043;2026-05-06;1;40315;17;2;2550,0
2044;2023-05-16;2;898;11;2;1020,0
2045;2024-10-22;5;91200;11;2;1020,0
2046;2026-04-03;4;40315;13;1;2040,0
2047;2023-02-06;2;898;12;3;1020,0
2048;2023-08-14;2;62535;10;5;2040,0
2049;2023-09-05;5;62535;15;2;1530,0
2050;2025-01-17;4;3382;12;4;2550,0
2051;2023-11-11;1;3382;20;3;2040,0
2052;2025-06-19;2;898;20;4;2550,0
2053;2025-11-23;1;91200;17;5;2040,0
2054;2024-12-16;4;40315;16;2;1020,0
2055;2023-03-07;2;824;15;2;510,0
2056;2024-02-10;5;774;15;3;2040,0
2057;2023-04-04;4;898;8;5;1530,0
2058;2025-03-06;2;898;15;4;510,0
2059;2026-03-06;5;774;16;4;2040,0
2060;2026-04-01;2;18346;15;1;2550,0
2061;2026-02-12;1;40315;13;5;2040,0
2062;2023-10-20;4;898;10;5;2040,0
2063;2023-07-31;3;774;12;2;2550,0
2064;2023-05-25;2;85600;19;4;2040,0
2065;2024-04-29;3;18346;18;4;2040,0
2066;2024-07-20;2;3382;17;1;1530,0
2067;2024-08-15;3;824;17;5;2040,0
2068;2025-07-29;4;40315;14;5;2040,0
2069;2024-01-31;2;18346;20;1;2040,0
2070;2023-09-10;5;18346;9;2;2040,0
2071;2026-08-17;4;85600;16;3;1020,0
2072;2023-09-21;1;62535;18;1;1530,0
2073;2023-02-12;1;810;15;4;510,0
2074;2026-01-14;1;85600;19;2;1020,0
2075;2023-02-22;3;824;17;3;1530,0
2076;2025-12-15;1;18346;21;2;2040,0
2077;2023-05-20;5;810;20;4;2550,0
2078;2024-10-01;3;85600;16;2;1530,0
2079;2023-09-03;2;91200;18;5;2550,0
2080;2023-10-11;2;810;8;4;510,0
2081;2025-04-24;4;40315;16;3;2040,0
2082;2025-01-10;4;62535;12;5;2550,0
2083;2023-04-27;3;810;13;5;1530,0
2084;2023-11-24;2;3382;16;3;2550,0
2085;2025-12-25;5;810;19;5;2550,0
2086;2026-08-01;4;810;19;4;2550,0
2087;2024-01-24;3;91200;13;1;1530,0
2088;2024-06-20;2;85600;17;5;1020,0
2089;2025-10-07;4;85600;16;4;510,0
2090;2024-08-30;2;824;16;2;1020,0
2091;2025-02-12;3;40315;12;2;1020,0
2092;2023-10-10;2;85600;14;5;510,0
2093;2023-08-03;1;40315;18;1;2040,0
2094;2024-10-21;3;3382;21;5;510,0
2095;2025-02-22;3;85600;21;3;1530,0
2096;2025-09-07;1;824;19;3;2040,0
2097;2026-02-22;4;40315;13;5;510,0
2098;2024-03-19;3;18346;18;3;1020,0
2099;2025-07-01;3;898;19;3;1020,0
2100;2023-11-06;2;18346;15;2;1530,0
2101;2025-10-20;1;85600;8;1;2550,0
2102;2025-08-25;2;18346;9;4;1020,0
2103;2024-10-08;1;774;9;1;2550,0
2104;2024-12-05;2;40315;13;5;1530,0
2105;2023-08-29;2;40315;19;2;1020,0
2106;2024-10-14;2;40315;18;4;510,0
2107;2026-01-29;3;18346;11;3;510,0
2108;2024-09-06;2;898;19;1;1530,0
2109;2025-12-24;3;62535;8;1;510,0
2110;2025-06-16;5;774;17;2;2040,0
2111;2023-09-02;3;3382;10;4;2040,0
2112;2025-12-21;2;824;8;2;2040,0
2113;2025-10-17;3;40315;10;1;1530,0
2114;2024-07-01;1;91200;10;5;510,0
2115;2026-08-07;4;91200;18;5;2040,0
2116;2026-06-27;4;810;8;4;1020,0
2117;2025-06-13;4;18346;10;1;1020,0
2118;2025-07-31;1;18346;19;4;1020,0
2119;2025-04-02;1;18346;19;2;510,0
2120;2026-07-26;4;85600;9;2;1020,0
2121;2023-03-22;4;91200;16;3;1020,0
2122;2026-07-14;1;18346;16;3;510,0
2123;2023-02-09;4;774;10;4;510,0
2124;2024-05-13;3;810;17;1;2550,0
2125;2025-01-04;1;824;16;5;1020,0
2126;2025-03-07;1;85600;14;3;1020,0
2127;2025-10-27;3;91200;18;5;510,0
2128;2024-03-04;3;40315;18;5;510,0
2129;2025-08-06;4;85600;13;2;1530,0
2130;2024-04-03;2;62535;13;1;1020,0
2131;2025-10-29;2;3382;9;2;2040,0
2132;2025-10-06;3;898;10;3;1020,0
2133;2023-10-17;3;91200;17;4;1530,0
2134;2023-12-05;2;85600;9;1;1530,0
2135;2026-02-06;5;18346;20;1;1020,0
2136;2023-08-10;5;774;11;1;510,0
2137;2025-01-12;4;824;15;5;2040,0
2138;2024-11-01;1;898;18;5;2550,0
2139;2024-11-18;1;18346;13;5;510,0
2140;2024-09-25;2;40315;11;1;2550,0
2141;2026-05-12;3;810;10;4;2550,0
2142;2026-03-25;2;18346;11;5;2550,0
2143;2024-01-12;1;3382;18;3;2550,0
2144;2025-09-04;4;824;15;4;2550,0
2145;2023-10-10;1;810;17;1;2040,0
2146;2025-08-19;5;40315;18;1;510,0
2147;2026-08-30;1;85600;13;3;510,0
2148;2023-01-20;5;18346;9;4;1020,0
2149;2024-09-01;2;85600;18;5;1530,0
2150;2023-06-20;3;3382;14;1;2040,0
2151;2025-11-14;3;91200;8;5;1020,0
2152;2023-08-16;2;85600;17;1;1020,0
2153;2025-09-09;2;3382;17;1;510,0
2154;2025-05-16;4;810;9;4;2040,0
2155;2024-12-27;2;824;21;5;2040,0
2156;2023-07-11;2;40315;11;4;2040,0
2157;2024-02-05;2;824;17;4;510,0
2158;2024-09-20;4;824;8;5;1020,0
2159;2026-01-05;4;91200;9;5;1020,0
2160;2026-03-24;2;3382;8;5;1020,0
2161;2025-11-19;3;824;8;4;2550,0
2162;2025-11-11;5;91200;17;4;1530,0
2163;2026-05-11;1;40315;21;4;1530,0
2164;2023-10-04;3;91200;13;1;1530,0
2165;2023-08-28;3;3382;15;1;1020,0
2166;2023-09-05;5;898;21;4;2040,0
2167;2025-02-17;1;898;15;5;1020,0
2168;2023-08-06;2;85600;9;3;1530,0
2169;2025-09-25;3;774;15;5;510,0
2170;2025-06-08;1;824;20;1;510,0
2171;2026-05-12;2;62535;20;1;2550,0
2172;2025-07-22;1;3382;18;4;2550,0
2173;2026-03-23;3;824;17;3;1020,0
2174;2024-11-02;5;3382;8;4;1530,0
2175;2026-01-26;4;85600;20;2;510,0
2176;2023-08-08;3;3382;15;3;510,0
2177;2023-10-23;4;62535;8;5;2040,0
2178;2023-04-01;4;62535;20;5;2040,0
2179;2026-02-05;4;62535;15;4;510,0
2180;2023-07-04;2;824;9;1;1020,0
2181;2026-06-23;3;18346;14;4;1530,0
2182;2024-07-08;4;3382;9;3;510,0
2183;2024-02-05;4;810;18;4;1020,0
2184;2023-01-25;3;810;20;1;510,0
2185;2023-02-23;2;62535;15;2;2550,0
2186;2026-08-08;4;40315;20;4;2040,0
2187;2026-04-16;2;898;14;3;2550,0
2188;2025-02-11;1;3382;16;5;2040,0
2189;2026-08-04;1;18346;8;2;1530,0
2190;2023-08-16;4;18346;9;1;1530,0
2191;2025-04-15;5;898;17;2;2040,0
2192;2023-07-04;4;898;16;4;510,0
2193;2025-02-04;3;40315;21;1;1020,0
2194;2024-09-12;3;824;18;2;2550,0
2195;2025-07-06;5;85600;12;3;510,0
2196;2025-12-30;1;898;18;5;1020,0
2197;2025-10-25;1;85600;12;4;2550,0
2198;2025-03-14;5;62535;8;3;2550,0
2199;2025-10-30;2;824;21;2;1530,0
2200;2024-02-01;5;62535;16;1;1530,0
2201;2023-02-11;3;898;14;1;1020,0
2202;2026-03-08;2;824;14;4;1020,0
2203;2024-09-05;3;3382;16;2;2550,0
2204;2023-02-01;3;810;8;3;510,0
2205;2023-06-16;1;62535;10;5;1530,0
2206;2024-01-03;1;40315;18;5;1020,0
2207;2024-06-18;5;18346;14;4;1530,0
2208;2024-12-30;2;40315;13;1;2040,0
2209;2023-09-12;1;91200;18;4;2040,0
2210;2023-07-15;4;62535;10;1;2040,0
2211;2024-04-06;5;824;20;2;1530,0
2212;2023-04-22;5;40315;9;3;2550,0
2213;2026-03-20;4;91200;18;1;1020,0
2214;2024-04-04;1;898;16;5;2550,0
2215;2023-01-27;2;3382;12;5;2040,0
2216;2025-10-04;5;91200;8;2;1020,0
2217;2023-03-24;1;824;17;2;1530,0
2218;2025-03-24;2;3382;18;2;1020,0
2219;2026-01-29;5;3382;17;2;1020,0
2220;2025-08-30;4;810;8;4;2040,0
2221;2023-07-20;2;40315;21;5;1530,0
2222;2025-08-14;1;91200;13;2;2040,0
2223;2025-10-10;1;62535;14;5;2040,0
2224;2024-02-02;5;824;8;5;2550,0
2225;2025-11-07;5;40315;14;5;510,0
2226;2024-05-27;4;91200;13;1;510,0
2227;2024-05-15;1;774;14;5;1020,0
2228;2025-04-30;3;824;21;3;510,0
2229;2023-11-01;4;898;15;1;2040,0
2230;2024-01-10;1;62535;21;5;510,0
2231;2025-09-01;5;898;8;3;2040,0
2232;2024-05-15;4;810;14;1;510,0
2233;2025-10-23;1;85600;17;3;2040,0
2234;2024-07-03;2;3382;20;5;1020,0
2235;2024-04-22;1;85600;13;3;1020,0
2236;2024-09-14;3;898;13;2;510,0
2237;2024-01-30;2;898;18;2;2550,0
2238;2023-01-11;4;85600;9;4;1020,0
2239;2023-03-26;4;18346;11;2;1020,0
2240;2024-12-17;3;824;10;5;1530,0
2241;2023-12-14;5;774;20;5;1530,0
2242;2025-03-14;5;810;21;3;2550,0
2243;2026-03-02;4;824;11;3;2040,0
2244;2025-10-26;1;91200;13;4;510,0
2245;2024-06-07;5;774;10;4;510,0
2246;2023-12-02;1;3382;15;3;2550,0
2247;2026-06-07;4;3382;19;2;1530,0
2248;2023-06-27;2;3382;14;2;510,0
2249;2023-01-29;1;774;19;4;510,0
2250;2025-05-28;5;40315;17;2;1530,0
2251;2024-12-09;2;810;17;4;2040,0
2252;2026-03-27;5;40315;14;2;1020,0
2253;2023-09-21;2;3382;16;3;510,0
2254;2026-02-16;2;18346;20;5;1530,0
2255;2024-01-02;5;898;9;4;2550,0
2256;2023-10-27;1;898;21;3;510,0
2257;2023-01-24;2;898;14;1;1020,0
2258;2024-05-20;1;85600;18;3;510,0
2259;2023-04-19;3;85600;11;2;510,0
2260;2025-07-11;5;824;21;3;510,0
2261;2025-02-13;5;774;10;4;1530,0
2262;2026-06-20;4;898;9;3;2040,0
2263;2025-04-10;3;85600;20;4;510,0
2264;2023-05-01;3;18346;15;3;2040,0
2265;2026-05-31;4;810;16;4;510,0
2266;2025-06-17;1;62535;9;3;1020,0
2267;2025-12-31;2;3382;12;1;1020,0
2268;2026-01-18;4;3382;10;4;1020,0
2269;2025-02-12;4;824;10;5;2040,0
2270;2024-07-26;4;85600;9;2;1530,0
2271;2025-08-29;2;824;16;5;2550,0
2272;2024-03-31;3;85600;12;5;2550,0
2273;2026-02-12;3;40315;15;5;2040,0
2274;2023-10-11;1;85600;20;5;1530,0
2275;2025-08-15;3;774;13;4;1020,0
2276;2024-12-30;1;40315;15;4;2040,0
2277;2024-06-13;5;40315;15;5;2040,0
2278;2023-12-18;5;774;15;4;2550,0
2279;2024-03-21;1;774;18;3;1020,0
2280;2023-04-26;5;62535;20;3;510,0
2281;2025-01-22;2;3382;9;3;1020,0
2282;2024-05-06;3;810;20;4;2040,0
2283;2023-01-18;2;18346;8;3;2040,0
2284;2024-01-15;4;824;19;4;510,0
2285;2024-11-16;4;18346;9;5;1530,0
2286;2023-02-03;5;18346;8;4;1020,0
2287;2023-08-09;2;774;21;2;1020,0
2288;2025-12-06;2;898;8;4;2040,0
2289;2026-01-08;5;774;15;1;1530,0
2290;2025-12-29;1;824;8;2;510,0
2291;2026-06-06;5;85600;16;5;2040,0
2292;2024-03-23;1;824;9;1;1530,0
2293;2025-11-17;2;40315;11;1;510,0
2294;2026-02-17;5;898;18;5;510,0
2295;2023-03-15;2;85600;15;5;2040,0
2296;2025-03-20;2;85600;8;4;2550,0
2297;2023-01-24;3;810;14;4;2040,0
2298;2025-04-19;2;85600;10;5;2040,0
2299;2024-07-13;5;898;12;1;1020,0
2300;2024-11-18;1;774;21;4;1530,0
2301;2025-01-11;4;40315;12;4;2550,0
2302;2025-01-10;2;774;16;1;510,0
2303;2025-03-15;3;40315;14;2;1020,0
2304;2023-10-26;2;18346;21;5;510,0
2305;2024-12-17;3;91200;10;5;2040,0
2306;2025-12-20;5;810;12;4;2040,0
2307;2023-06-06;3;40315;9;2;1530,0
2308;2023-02-21;3;810;14;4;1530,0
2309;2026-08-08;2;810;13;1;510,0
2310;2025-04-13;5;85600;17;4;2550,0
2311;2023-05-02;5;824;10;3;1020,0
2312;2026-08-26;3;91200;18;3;1020,0
2313;2026-05-18;3;85600;10;2;2040,0
2314;2023-03-05;3;810;13;5;1530,0
2315;2023-10-23;4;91200;21;1;1020,0
2316;2025-10-12;2;85600;11;2;2040,0
2317;2026-04-11;5;824;11;4;1530,0
2318;2024-05-27;5;824;16;2;2040,0
2319;2024-07-23;4;3382;21;3;510,0
2320;2024-08-25;1;774;8;3;1020,0
2321;2024-01-22;5;85600;13;4;1530,0
2322;2026-04-19;2;810;14;2;1530,0
2323;2025-12-12;1;774;17;5;1530,0
2324;2025-01-24;1;898;8;3;2550,0
2325;2023-02-13;3;3382;21;5;1530,0
2326;2025-03-18;2;774;20;3;510,0
2327;2023-11-16;1;40315;20;1;510,0
2328;2025-06-27;2;3382;15;5;2040,0
2329;2024-10-23;2;3382;19;2;510,0
2330;2024-01-27;2;774;11;1;510,0
2331;2023-03-17;5;18346;13;3;510,0
2332;2023-02-27;4;824;16;4;2550,0
2333;2025-01-17;5;40315;16;1;1020,0
2334;2024-06-12;3;62535;15;3;1530,0
2335;2026-08-16;5;824;17;5;1020,0
2336;2024-11-28;4;62535;8;3;1530,0
2337;2023-10-29;5;85600;20;3;2040,0
2338;2023-11-08;1;824;20;4;2550,0
2339;2026-04-04;5;62535;8;5;1530,0
2340;2025-05-01;2;824;13;4;510,0
2341;2025-03-05;3;898;21;1;1020,0
2342;2024-07-19;1;85600;20;2;2040,0
2343;2026-03-01;2;898;10;3;1020,0
2344;2024-11-21;3;824;9;1;1530,0
2345;2023-10-23;1;824;18;5;1020,0
2346;2024-07-27;1;3382;10;1;1530,0
2347;2025-08-26;2;810;18;2;1530,0
2348;2026-05-25;4;824;14;2;2550,0
2349;2024-09-28;2;898;10;4;1530,0
2350;2025-10-16;2;62535;16;1;2550,0
2351;2023-04-19;5;62535;21;5;1530,0
2352;2025-10-11;2;40315;13;4;1020,0
2353;2023-10-01;2;91200;20;3;1020,0
2354;2024-05-02;5;898;10;5;1020,0
2355;2024-03-17;5;18346;18;4;1020,0
2356;2025-01-20;5;85600;16;2;1530,0
2357;2024-04-26;5;85600;11;2;2040,0
2358;2025-08-11;5;62535;18;5;2040,0
2359;2024-07-20;1;3382;9;1;1020,0
2360;2024-05-25;3;3382;17;4;1020,0
2361;2026-04-22;4;810;16;3;1020,0
2362;2026-04-25;1;62535;19;4;2550,0
2363;2024-06-22;4;3382;11;1;1530,0
2364;2026-04-09;1;40315;21;2;2550,0
2365;2023-11-14;3;91200;11;3;510,0
2366;2024-04-27;3;85600;16;3;1020,0
2367;2023-11-09;4;824;21;5;2040,0
2368;2024-04-14;5;91200;15;4;2040,0
2369;2024-09-10;5;810;16;4;1530,0
2370;2024-07-23;5;810;13;1;2040,0
2371;2025-05-29;5;40315;15;4;2550,0
2372;2024-09-01;5;40315;20;3;1530,0
2373;2025-07-12;4;824;15;2;2550,0
2374;2025-11-19;1;18346;20;4;1020,0
2375;2026-03-13;2;91200;9;3;510,0
2376;2025-03-23;4;18346;16;3;1020,0
2377;2024-09-05;1;774;21;4;1530,0
2378;2023-01-25;1;62535;10;4;510,0
2379;2026-04-26;5;18346;19;1;2550,0
2380;2026-05-17;5;3382;9;4;2040,0
2381;2024-01-22;1;18346;11;4;2040,0
2382;2023-10-21;5;40315;10;3;510,0
2383;2026-02-01;5;62535;14;4;1530,0
2384;2026-02-03;3;898;9;1;1530,0
2385;2026-05-09;2;18346;11;5;2550,0
2386;2023-10-13;4;85600;10;1;1530,0
2387;2023-05-12;4;62535;15;3;1530,0
2388;2024-04-17;4;85600;15;1;1020,0
2389;2025-08-19;5;810;14;3;510,0
2390;2024-06-07;2;898;15;1;2040,0
2391;2026-08-14;3;898;11;2;510,0
2392;2023-08-19;1;40315;19;3;510,0
2393;2025-09-21;4;18346;18;1;510,0
2394;2026-08-25;4;18346;16;2;1020,0
2395;2026-05-07;3;898;15;2;2040,0
2396;2024-06-17;2;91200;19;4;1530,0
2397;2026-03-30;2;774;15;3;2550,0
2398;2026-04-07;1;824;14;3;2550,0
2399;2024-03-08;1;40315;12;3;1020,0
2400;2025-09-21;4;3382;9;3;1020,0
2401;2024-09-16;5;40315;14;4;2550,0
2402;2026-01-30;2;18346;19;5;1530,0
2403;2026-01-28;3;824;17;2;1530,0
2404;2025-07-30;5;774;15;5;1020,0
2405;2025-06-16;5;91200;14;1;1020,0
2406;2023-11-28;1;85600;15;1;510,0
2407;2026-08-01;5;91200;8;1;2550,0
2408;2026-06-20;5;810;17;1;2040,0
2409;2026-08-21;4;62535;19;4;2550,0
2410;2026-04-15;1;62535;8;5;1020,0
2411;2024-11-10;4;91200;8;3;2040,0
2412;2024-11-02;5;91200;21;1;2550,0
2413;2026-07-08;4;18346;12;1;1530,0
2414;2026-03-23;1;774;21;2;1530,0
2415;2024-05-25;5;898;17;2;2040,0
2416;2024-07-02;4;85600;11;3;2550,0
2417;2024-12-25;1;18346;17;1;2550,0
2418;2026-05-16;5;3382;16;5;2040,0
2419;2024-07-25;4;774;11;3;2550,0
2420;2024-05-02;4;18346;17;3;1530,0
2421;2024-12-03;3;810;20;4;2550,0
2422;2024-08-26;1;774;21;1;2040,0
2423;2025-09-21;2;40315;20;1;2040,0
2424;2023-05-12;1;62535;21;1;1530,0
2425;2024-08-12;1;18346;14;2;510,0
2426;2023-08-15;5;810;19;3;1530,0
2427;2024-05-23;5;810;20;2;2040,0
2428;2023-08-31;5;85600;17;1;2550,0
2429;2024-05-06;4;898;17;3;2040,0
2430;2025-06-19;5;91200;8;1;1020,0
2431;2026-03-14;4;810;21;2;1530,0
2432;2026-03-19;4;91200;15;5;1020,0
2433;2025-02-22;5;85600;21;2;2040,0
2434;2023-07-19;2;774;13;1;2550,0
2435;2023-12-24;5;91200;12;5;2040,0
2436;2024-02-27;5;898;18;1;1530,0
2437;2023-01-19;1;18346;10;3;2040,0
2438;2025-07-06;2;91200;19;4;2040,0
2439;2023-08-05;3;3382;8;2;510,0
2440;2023-03-19;4;18346;14;1;2550,0
2441;2023-04-17;3;3382;9;5;510,0
2442;2024-10-15;1;85600;14;5;2040,0
2443;2026-02-04;3;62535;12;1;1020,0
2444;2026-04-22;3;774;18;3;2040,0
2445;2023-07-18;2;85600;8;4;1020,0
2446;2025-04-06;2;3382;13;5;2040,0
2447;2025-08-29;5;774;10;3;2550,0
2448;2025-09-06;5;91200;10;4;510,0
2449;2024-06-27;1;91200;11;1;2040,0
2450;2026-01-27;1;810;19;5;1020,0
2451;2025-11-11;4;40315;9;1;510,0
2452;2026-08-24;3;40315;15;4;510,0
2453;2025-01-21;4;824;21;3;2040,0
2454;2023-10-19;2;898;10;1;1530,0
2455;2025-11-07;2;91200;10;5;510,0
2456;2024-03-12;2;3382;21;5;510,0
2457;2024-06-20;2;62535;10;2;1020,0
2458;2025-09-09;2;91200;8;4;1530,0
2459;2026-04-29;5;810;13;5;2040,0
2460;2024-04-15;1;18346;14;3;510,0
2461;2026-02-04;5;18346;13;5;2550,0
2462;2023-03-24;3;774;12;1;1020,0
2463;2026-05-07;2;3382;12;4;510,0
2464;2025-06-01;1;3382;13;5;1530,0
2465;2023-01-22;1;18346;15;1;510,0
2466;2025-03-07;2;40315;15;1;2550,0
2467;2023-04-19;2;85600;9;4;2040,0
2468;2025-06-07;3;62535;17;3;510,0
2469;2024-01-14;3;85600;19;1;1530,0
2470;2024-03-01;1;18346;11;4;510,0
2471;2024-04-08;5;91200;18;2;1020,0
2472;2023-10-07;1;40315;12;1;2040,0
2473;2024-01-06;5;91200;8;5;510,0
2474;2023-01-01;5;3382;10;5;1020,0
2475;2026-05-11;4;810;12;4;1020,0
2476;2025-07-31;5;810;10;4;1020,0
2477;2023-04-26;4;3382;18;5;510,0
2478;2023-09-28;4;62535;12;3;1020,0
2479;2023-12-08;5;40315;20;3;1530,0
2480;2023-04-02;3;898;14;3;2040,0
2481;2025-06-21;1;774;13;2;2550,0
2482;2025-05-10;5;898;11;3;2550,0
2483;2025-01-27;1;40315;13;5;2550,0
2484;2025-12-29;3;810;20;1;1530,0
2485;2025-07-31;4;18346;12;5;1530,0
2486;2025-10-26;4;18346;10;4;1530,0
2487;2023-03-11;1;810;14;2;2040,0
2488;2023-04-27;2;91200;11;2;1530,0
2489;2025-06-08;1;774;19;4;2550,0
2490;2024-11-21;1;3382;12;5;510,0
2491;2023-02-15;2;3382;8;1;1530,0
2492;2024-10-02;5;810;8;5;2550,0
2493;2024-10-22;4;810;19;3;2040,0
2494;2023-05-09;1;3382;20;5;2040,0
2495;2024-12-26;4;774;15;4;1020,0
2496;2026-03-04;4;898;19;5;2550,0
2497;2023-03-09;5;774;14;4;2550,0
2498;2023-07-15;2;898;19;3;510,0
2499;2023-05-26;4;85600;20;1;2550,0
2500;2026-07-14;5;40315;12;1;2550,0
2501;2026-01-16;3;18346;14;2;1020,0
2502;2023-06-12;1;3382;21;3;2550,0
2503;2024-07-09;5;18346;21;1;2550,0
2504;2023-08-08;3;824;14;1;2550,0
2505;2025-10-17;5;3382;20;1;510,0
2506;2025-11-30;2;85600;17;3;1530,0
2507;2025-04-15;4;810;9;5;2550,0
2508;2024-04-06;4;774;14;4;510,0
2509;2023-12-06;1;810;11;1;1020,0
2510;2023-06-24;2;62535;16;1;2040,0
2511;2024-05-22;5;3382;16;5;2550,0
2512;2025-06-26;4;898;16;5;1020,0
2513;2026-05-20;3;810;10;4;1020,0
2514;2023-07-06;1;18346;16;2;1530,0
2515;2025-02-26;1;824;10;4;510,0
2516;2025-08-20;3;18346;11;5;1020,0
2517;2023-04-27;3;3382;19;2;2550,0
2518;2024-11-03;1;810;14;1;1020,0
2519;2025-07-10;4;40315;10;5;1530,0
2520;2023-08-13;1;91200;12;4;2040,0
2521;2023-11-04;5;85600;15;1;2550,0
2522;2023-02-14;1;85600;12;3;1020,0
2523;2024-05-04;3;810;13;5;1020,0
2524;2024-09-29;1;85600;11;3;1020,0
2525;2025-08-29;3;3382;15;5;1020,0
2526;2023-04-16;4;18346;12;1;2040,0
2527;2023-11-23;2;91200;20;3;2040,0
2528;2023-06-23;4;824;20;4;2040,0
2529;2024-10-22;1;85600;19;1;2040,0
2530;2025-06-03;2;810;11;3;510,0
2531;2025-09-22;4;3382;16;5;2040,0
2532;2025-04-13;5;810;17;1;2040,0
2533;2023-07-06;3;40315;21;5;2550,0
2534;2023-05-04;5;18346;19;3;1530,0
2535;2025-02-16;5;18346;17;3;2550,0
2536;2025-03-16;5;91200;14;3;2550,0
2537;2023-12-10;5;824;20;3;2040,0
2538;2023-03-30;1;18346;8;2;510,0
2539;2023-02-14;3;810;12;3;510,0
2540;2026-05-17;1;3382;18;5;510,0
2541;2025-02-05;3;85600;13;5;2550,0
2542;2025-03-28;3;810;11;5;510,0
2543;2025-06-06;5;91200;9;4;2040,0
2544;2025-03-24;5;85600;10;1;1020,0
2545;2026-01-25;5;810;11;5;1530,0
2546;2023-03-24;5;810;11;4;2550,0
2547;2025-09-01;5;824;9;4;1020,0
2548;2023-10-03;2;18346;13;2;510,0
2549;2025-04-28;5;85600;17;4;510,0
2550;2023-07-17;1;62535;14;1;2550,0
2551;2024-12-11;4;3382;18;5;2550,0
2552;2025-07-18;1;774;17;2;2040,0
2553;2023-09-20;4;810;14;4;510,0
2554;2024-07-28;4;18346;15;3;2040,0
2555;2024-04-11;5;62535;14;4;1020,0
2556;2024-01-04;5;40315;9;4;1020,0
2557;2024-06-22;4;3382;11;3;2040,0
2558;2023-12-30;1;810;12;5;2040,0
2559;2024-03-12;3;3382;19;2;1530,0
2560;2023-04-13;3;3382;18;4;1020,0
2561;2024-06-15;4;62535;20;3;2040,0
2562;2025-08-18;3;18346;17;1;2040,0
2563;2023-02-04;4;18346;16;4;1530,0
2564;2024-05-05;2;40315;16;5;1530,0
2565;2026-07-10;4;774;14;5;1530,0
2566;2023-06-20;1;824;9;1;1020,0
2567;2025-01-05;5;85600;10;4;1530,0
2568;2023-06-25;1;62535;11;3;2040,0
2569;2023-05-30;4;824;8;1;1020,0
2570;2023-07-16;1;824;12;2;1530,0
2571;2023-12-05;4;40315;21;3;1020,0
2572;2023-02-23;4;898;15;4;1530,0
2573;2023-12-08;3;40315;14;3;1530,0
2574;2025-02-07;3;18346;8;4;1530,0
2575;2023-12-24;1;62535;21;3;510,0
2576;2025-01-28;5;824;20;1;2550,0
2577;2023-01-28;1;810;9;5;2550,0
2578;2024-04-10;5;3382;8;4;2550,0
2579;2026-03-22;1;774;8;1;510,0
2580;2025-11-06;4;898;9;5;2040,0
2581;2024-05-20;1;85600;18;4;2040,0
2582;2023-03-25;1;91200;14;5;2550,0
2583;2025-01-04;1;62535;8;4;2550,0
2584;2023-06-27;4;810;12;2;1530,0
2585;2024-08-02;4;40315;15;4;2040,0
2586;2025-02-23;2;18346;15;3;2040,0
2587;2023-04-29;2;85600;16;1;2040,0
2588;2025-03-14;2;91200;13;4;1020,0
2589;2023-05-15;2;62535;12;2;1530,0
2590;2026-04-28;5;774;16;5;2550,0
2591;2025-03-17;3;774;19;4;2550,0
2592;2025-01-09;5;18346;19;4;1530,0
2593;2023-03-14;3;62535;16;1;1530,0
2594;2025-01-19;3;18346;12;1;2040,0
2595;2025-07-27;3;40315;21;5;2550,0
2596;2023-12-07;2;3382;12;5;2550,0
2597;2024-03-29;3;91200;13;5;2550,0
2598;2023-09-30;1;3382;20;2;510,0
2599;2023-06-09;4;898;14;5;2550,0
2600;2023-01-09;1;91200;16;5;1020,0
2601;2024-05-03;3;3382;11;5;510,0
2602;2026-01-11;3;774;20;3;1530,0
2603;2023-06-01;4;824;18;2;1530,0
2604;2025-12-11;1;85600;15;5;510,0
2605;2024-04-07;3;40315;11;4;510,0
2606;2025-05-19;3;774;19;2;2040,0
2607;2025-04-01;5;40315;10;4;510,0
2608;2026-08-22;4;62535;18;3;1020,0
2609;2026-01-25;3;774;15;4;510,0
2610;2023-05-19;3;3382;21;3;1020,0
2611;2023-05-05;5;62535;12;4;2040,0
2612;2023-03-12;4;62535;11;2;1530,0
2613;2024-03-05;2;824;8;1;510,0
2614;2024-09-28;4;898;8;4;2040,0
2615;2025-05-19;5;810;10;4;2550,0
2616;2025-01-19;1;62535;16;1;2550,0
2617;2023-01-24;4;898;21;3;1530,0
2618;2024-08-23;4;824;15;2;1530,0
2619;2024-08-02;3;91200;21;4;2040,0
2620;2024-10-17;5;62535;21;5;510,0
2621;2023-07-25;1;774;20;3;1530,0
2622;2025-03-02;5;40315;12;4;1020,0
2623;2025-02-03;5;3382;16;2;1530,0
2624;2024-09-11;1;824;12;1;510,0
2625;2023-01-19;4;824;10;1;1530,0
2626;2025-06-12;2;810;8;3;1020,0
2627;2023-05-26;2;774;16;2;2550,0
2628;2024-05-21;2;898;9;1;510,0
2629;2023-11-07;5;774;12;4;2040,0
2630;2023-09-03;5;810;21;3;2040,0
2631;2026-06-05;2;3382;17;1;1020,0
2632;2025-12-18;1;824;11;1;510,0
2633;2023-04-20;5;810;14;2;2550,0
2634;2023-05-18;5;18346;12;2;2040,0
2635;2024-10-12;1;3382;11;2;2550,0
2636;2025-04-04;1;898;14;4;1530,0
2637;2024-03-07;2;898;13;1;1020,0
2638;2023-04-16;3;85600;18;5;510,0
2639;2026-02-27;2;810;8;2;2550,0
2640;2024-03-13;5;18346;19;1;1020,0
2641;2024-04-06;2;3382;13;2;2550,0
2642;2024-03-20;4;85600;13;2;1020,0
2643;2025-10-07;1;85600;17;3;510,0
2644;2024-09-09;3;91200;21;1;1020,0
2645;2025-01-10;4;91200;9;1;1020,0
2646;2026-06-27;5;18346;8;1;2550,0
2647;2023-01-21;3;91200;11;3;1530,0
2648;2025-03-22;2;3382;14;4;510,0
2649;2023-08-01;2;85600;8;1;1020,0
2650;2026-06-07;2;85600;21;2;510,0
2651;2023-09-08;5;62535;13;4;2550,0
2652;2024-11-05;4;824;21;5;510,0
2653;2024-03-26;3;774;11;3;1020,0
2654;2024-04-25;5;62535;11;1;2550,0
2655;2024-09-29;3;91200;17;5;510,0
2656;2026-01-05;5;3382;15;2;510,0
2657;2025-12-23;2;774;8;1;510,0
2658;2025-07-10;1;85600;15;5;2040,0
2659;2025-12-13;2;40315;11;4;1020,0
2660;2026-01-01;2;3382;17;5;2040,0
2661;2026-02-08;1;40315;20;2;1020,0
2662;2026-08-07;5;3382;14;2;510,0
2663;2024-10-16;5;898;14;5;1530,0
2664;2023-06-12;4;85600;9;1;1020,0
2665;2024-02-26;5;3382;20;3;2550,0
2666;2025-07-28;5;40315;17;2;2550,0
2667;2025-07-25;4;898;14;4;2040,0
2668;2023-04-11;1;40315;14;5;1530,0
2669;2026-05-05;1;3382;17;4;2550,0
2670;2024-10-13;1;18346;10;5;510,0
2671;2024-08-28;3;18346;17;1;2550,0
2672;2024-02-12;4;18346;17;4;2550,0
2673;2023-06-19;2;3382;16;5;1530,0
2674;2025-01-08;1;91200;10;4;2040,0
2675;2024-06-24;1;18346;13;5;2550,0
2676;2025-01-03;5;40315;15;4;2040,0
2677;2023-07-27;4;62535;18;4;510,0
2678;2025-04-24;5;91200;12;3;510,0
2679;2025-07-11;2;40315;8;5;1530,0
2680;2024-06-20;2;3382;11;3;2040,0
2681;2023-12-20;2;85600;14;3;510,0
2682;2025-03-29;2;3382;19;2;2040,0
2683;2023-10-22;5;85600;15;5;2550,0
2684;2026-04-09;3;774;14;5;510,0
2685;2023-05-28;3;91200;18;1;1020,0
2686;2025-11-30;3;824;20;1;1530,0
2687;2025-06-12;4;91200;10;4;510,0
2688;2025-05-21;5;91200;17;3;1020,0
2689;2026-04-25;1;774;13;4;510,0
2690;2025-03-31;3;18346;11;3;1020,0
2691;2023-08-08;3;62535;13;2;1020,0
2692;2025-09-04;4;62535;19;4;2040,0
2693;2024-08-12;1;824;15;5;2550,0
2694;2024-02-21;2;18346;19;2;1530,0
2695;2023-02-23;2;898;15;3;2550,0
2696;2024-05-31;4;898;19;1;1020,0
2697;2023-12-01;3;824;20;4;2040,0
2698;2026-08-01;2;810;16;1;510,0
2699;2025-06-07;3;810;13;3;1530,0
2700;2024-05-01;1;40315;11;3;1020,0
2701;2023-03-30;1;3382;12;5;1530,0
2702;2026-01-08;3;91200;19;4;2040,0
2703;2024-02-15;5;774;13;5;1020,0
2704;2025-05-09;2;824;10;4;2550,0
2705;2026-05-01;4;3382;18;4;2550,0
2706;2024-09-23;3;3382;8;2;510,0
2707;2025-11-23;4;85600;19;4;2550,0
2708;2023-11-29;2;62535;19;3;1020,0
2709;2024-11-19;4;18346;9;5;1020,0
2710;2025-02-28;4;3382;8;2;1020,0
2711;2023-05-20;2;85600;20;2;1530,0
2712;2024-11-21;4;3382;17;4;2550,0
2713;2026-06-24;4;91200;10;3;1020,0
2714;2024-02-05;2;40315;13;2;1020,0
2715;2023-07-26;5;898;8;5;1020,0
2716;2024-10-16;3;40315;15;5;2550,0
2717;2024-09-09;4;62535;21;4;1530,0
2718;2026-08-01;1;824;11;2;510,0
2719;2023-06-25;1;91200;10;5;1530,0
2720;2023-07-01;5;898;11;1;1530,0
2721;2025-03-31;3;18346;10;3;1530,0
2722;2023-07-10;4;774;20;5;2040,0
2723;2025-06-11;5;3382;19;2;1530,0
2724;2023-11-21;4;3382;14;3;1530,0
2725;2024-04-17;3;40315;9;3;1020,0
2726;2023-07-17;1;774;10;4;2040,0
2727;2025-05-17;3;774;18;1;2550,0
2728;2023-07-22;5;810;11;3;1020,0
2729;2023-05-22;3;91200;13;1;1020,0
2730;2026-06-08;2;898;21;2;2550,0
2731;2026-01-28;5;91200;14;3;510,0
2732;2024-12-06;3;40315;8;3;510,0
2733;2025-09-21;4;810;17;2;2040,0
2734;2026-02-14;2;774;19;2;2550,0
2735;2024-04-27;1;91200;13;4;2550,0
2736;2026-04-13;1;62535;9;3;2040,0
2737;2025-02-17;1;91200;19;1;1530,0
2738;2023-03-29;4;18346;15;3;2040,0
2739;2023-04-30;2;3382;11;4;2550,0
2740;2025-01-30;2;62535;21;5;510,0
2741;2026-03-30;5;85600;12;2;1530,0
2742;2025-03-02;3;18346;14;3;2550,0
2743;2025-04-19;1;85600;19;2;1530,0
2744;2024-02-22;1;91200;16;4;1020,0
2745;2023-07-28;2;91200;10;3;510,0
2746;2023-02-09;4;85600;19;4;1020,0
2747;2023-11-10;3;18346;21;5;2550,0
2748;2023-07-06;5;40315;17;1;510,0
2749;2025-07-03;2;774;9;4;1530,0
2750;2024-12-11;3;62535;12;3;2040,0
2751;2023-04-30;1;810;17;1;2040,0
2752;2025-11-14;1;85600;11;2;2550,0
2753;2025-04-25;4;810;12;1;1530,0
2754;2023-03-02;4;898;11;5;2040,0
2755;2025-06-21;5;18346;11;4;510,0
2756;2025-04-29;2;3382;16;1;2040,0
2757;2023-01-13;3;774;14;5;510,0
2758;2023-07-21;2;40315;19;4;1020,0
2759;2023-04-02;1;91200;14;5;1530,0
2760;2025-05-14;3;18346;21;2;1530,0
2761;2024-01-02;4;898;16;1;1530,0
2762;2023-12-01;2;62535;19;1;1530,0
2763;2024-08-27;1;824;17;3;2550,0
2764;2023-03-24;5;40315;8;1;1020,0
2765;2025-12-28;1;824;21;3;2040,0
2766;2024-02-08;5;3382;19;5;2550,0
2767;2023-07-17;1;898;20;2;510,0
2768;2026-06-21;4;3382;16;3;2550,0
2769;2023-06-09;5;18346;14;3;2550,0
2770;2025-02-27;4;91200;12;2;1020,0
2771;2024-01-07;3;810;17;3;510,0
2772;2025-06-16;1;85600;9;4;2040,0
2773;2025-07-05;4;18346;9;2;510,0
2774;2025-10-07;4;62535;12;5;1530,0
2775;2024-11-27;1;85600;16;3;2550,0
2776;2025-04-10;1;85600;10;5;1020,0
2777;2023-07-03;1;824;11;1;2550,0
2778;2026-06-22;5;18346;19;3;510,0
2779;2023-05-08;1;62535;14;1;1530,0
2780;2023-06-29;3;810;9;2;510,0
2781;2023-08-14;2;3382;10;1;1020,0
2782;2024-03-26;2;62535;20;4;2040,0
2783;2023-09-08;4;810;13;1;510,0
2784;2025-04-29;5;18346;18;2;510,0
2785;2023-08-09;5;824;10;2;2550,0
2786;2023-12-14;5;898;15;4;1530,0
2787;2026-08-30;1;40315;8;1;2550,0
2788;2025-09-18;1;18346;16;5;1020,0
2789;2026-01-06;4;3382;16;4;2040,0
2790;2025-04-01;4;62535;18;3;1020,0
2791;2025-08-20;3;824;9;2;2040,0
2792;2025-09-03;1;898;19;3;1020,0
2793;2023-03-03;3;898;21;4;1020,0
2794;2025-04-14;3;898;10;5;1530,0
2795;2023-04-29;2;774;10;2;1530,0
2796;2024-10-28;1;91200;19;2;2550,0
2797;2023-01-04;5;18346;9;4;2550,0
2798;2026-07-15;4;62535;14;5;1530,0
2799;2023-11-21;1;824;13;1;2550,0
2800;2026-07-14;2;18346;17;3;2040,0
2801;2025-10-21;3;898;14;5;2550,0
2802;2024-02-18;5;85600;21;2;2040,0
2803;2024-11-05;5;774;13;2;1530,0
2804;2024-06-01;5;810;19;4;1530,0
2805;2024-09-08;5;898;17;4;2040,0
2806;2025-10-28;5;85600;21;4;2040,0
2807;2023-06-26;5;85600;8;5;2550,0
2808;2023-11-15;1;62535;10;5;1530,0
2809;2023-05-16;4;774;15;1;1530,0
2810;2025-11-15;5;85600;14;2;2040,0
2811;2023-04-08;1;774;14;4;2550,0
2812;2024-10-29;3;3382;13;5;2550,0
2813;2024-08-03;4;91200;20;2;2550,0
2814;2026-03-14;3;824;18;1;2040,0
2815;2026-06-22;5;85600;14;3;2550,0
2816;2024-04-01;5;824;15;3;2040,0
2817;2025-08-30;3;774;10;5;2040,0
2818;2025-11-07;1;824;13;2;510,0
2819;2024-07-05;2;898;11;2;1530,0
2820;2023-02-08;2;91200;13;3;510,0
2821;2025-01-29;4;3382;12;4;1530,0
2822;2025-08-12;2;824;10;3;1020,0
2823;2023-07-17;2;62535;20;3;2040,0
2824;2023-09-07;4;824;17;4;1020,0
2825;2025-05-17;1;91200;9;1;510,0
2826;2025-09-17;4;3382;11;4;510,0
2827;2025-09-03;3;3382;18;2;1020,0
2828;2023-01-09;2;40315;21;4;510,0
2829;2024-10-15;5;91200;20;3;510,0
2830;2023-03-22;3;91200;12;3;2550,0
2831;2025-03-08;2;824;11;1;2550,0
2832;2025-07-21;1;18346;8;4;2040,0
2833;2024-01-21;2;774;18;1;510,0
2834;2025-06-19;5;898;8;1;2040,0
2835;2026-07-30;3;40315;13;4;1530,0
2836;2024-05-23;4;62535;19;4;2550,0
2837;2024-07-31;3;898;10;3;2550,0
2838;2023-04-08;4;62535;16;2;2040,0
2839;2023-05-03;1;40315;19;3;1530,0
2840;2026-02-09;3;810;17;1;510,0
2841;2024-03-10;5;898;10;3;1530,0
2842;2026-03-24;3;62535;15;5;2550,0
2843;2024-06-02;5;810;20;4;1530,0
2844;2026-01-09;5;85600;16;5;1530,0
2845;2025-08-23;2;18346;20;5;510,0
2846;2025-05-31;2;18346;17;5;1020,0
2847;2025-09-27;4;898;12;3;1530,0
2848;2024-08-01;5;898;21;4;1530,0
2849;2024-01-10;4;85600;18;2;2040,0
2850;2024-06-13;4;810;16;4;1020,0
2851;2023-06-21;4;774;9;2;1020,0
2852;2025-05-26;5;18346;13;4;2040,0
2853;2025-07-31;1;40315;11;5;510,0
2854;2024-06-25;3;810;21;5;2040,0
2855;2026-03-06;5;824;14;2;2550,0
2856;2026-03-26;3;18346;19;1;1530,0
2857;2025-02-21;2;824;10;5;2550,0
2858;2023-06-03;5;774;9;5;510,0
2859;2025-10-13;3;91200;8;4;1530,0
2860;2024-08-06;1;18346;20;5;510,0
2861;2025-04-26;2;85600;18;5;2550,0
2862;2023-09-22;1;824;16;1;1530,0
2863;2023-04-10;5;91200;11;1;2040,0
2864;2024-02-27;5;810;19;5;2550,0
2865;2024-09-01;3;898;15;2;510,0
2866;2024-09-19;5;40315;17;4;2550,0
2867;2025-08-29;4;62535;17;2;2040,0
2868;2025-10-22;5;774;8;4;1530,0
2869;2025-05-21;2;91200;8;4;2040,0
2870;2024-05-22;4;40315;9;4;2040,0
2871;2026-06-29;3;18346;14;5;2040,0
2872;2023-03-12;5;3382;18;1;1530,0
2873;2026-04-30;1;3382;10;1;1020,0
2874;2025-12-08;4;62535;11;1;1020,0
2875;2024-09-05;2;810;16;3;1530,0
2876;2023-01-04;5;62535;8;2;510,0
2877;2026-03-10;2;91200;8;5;510,0
2878;2024-11-24;2;91200;14;4;2550,0
2879;2023-10-15;5;85600;12;3;2550,0
2880;2023-09-25;1;810;14;3;2550,0
2881;2025-10-01;1;85600;21;3;510,0
2882;2023-06-27;1;810;11;1;1020,0
2883;2023-02-26;1;3382;21;3;1020,0
2884;2026-05-25;5;62535;13;2;2040,0
2885;2025-12-29;1;898;9;5;510,0
2886;2025-06-17;3;824;8;5;1020,0
2887;2023-12-03;4;774;8;2;2550,0
2888;2024-08-09;2;85600;10;4;1530,0
2889;2025-02-19;2;810;16;2;510,0
2890;2023-12-06;1;824;10;5;2040,0
2891;2024-07-06;4;824;19;4;1020,0
2892;2026-04-03;4;85600;20;1;1020,0
2893;2024-10-05;2;810;16;5;1020,0
2894;2023-10-18;4;85600;18;5;1020,0
2895;2023-12-15;1;91200;12;1;2040,0
2896;2023-08-10;2;898;9;4;510,0
2897;2024-08-22;4;18346;19;4;1020,0
2898;2024-03-20;4;3382;19;5;510,0
2899;2025-06-19;5;824;11;3;2550,0
2900;2023-07-22;5;898;13;4;1530,0
2901;2024-05-19;3;91200;14;3;510,0
2902;2026-01-24;3;3382;8;2;1020,0
2903;2025-07-21;3;85600;10;5;510,0
2904;2026-06-05;4;774;12;1;1020,0
2905;2026-05-13;1;3382;14;3;2040,0
2906;2023-09-26;3;85600;20;2;2550,0
2907;2025-05-03;4;824;13;1;510,0
2908;2024-09-23;3;898;15;1;2550,0
2909;2024-08-29;4;62535;20;3;510,0
2910;2024-07-31;4;91200;12;3;2040,0
2911;2024-12-28;3;40315;21;1;1530,0
2912;2023-12-13;2;91200;18;1;2550,0
2913;2024-02-28;3;774;20;3;2040,0
2914;2024-12-31;3;62535;12;4;510,0
2915;2025-12-15;2;40315;13;3;1530,0
2916;2026-08-11;2;898;16;1;2550,0
2917;2023-10-18;1;18346;12;1;2040,0
2918;2026-02-09;4;18346;19;4;1020,0
2919;2025-06-10;2;810;21;5;2550,0
2920;2024-09-11;1;898;9;3;510,0
2921;2024-02-20;5;3382;14;2;2040,0
2922;2024-11-06;5;824;15;2;1020,0
2923;2024-02-22;1;898;20;5;1530,0
2924;2024-03-18;1;824;15;4;2040,0
2925;2023-02-10;3;898;21;5;510,0
2926;2026-01-17;4;85600;15;3;1020,0
2927;2024-08-03;4;62535;8;3;1020,0
2928;2023-09-17;2;85600;14;1;1020,0
2929;2024-06-27;5;18346;19;1;2550,0
2930;2024-03-11;1;85600;8;4;1020,0
2931;2025-03-25;4;898;21;2;510,0
2932;2025-10-24;5;898;13;1;2040,0
2933;2026-06-09;4;40315;15;4;2550,0
2934;2026-05-11;3;824;11;1;1530,0
2935;2024-10-06;3;3382;8;4;2550,0
2936;2025-06-13;3;85600;20;3;2040,0
2937;2024-11-19;5;774;14;1;510,0
2938;2023-07-22;1;85600;14;2;1020,0
2939;2023-11-12;5;62535;8;2;2550,0
2940;2023-03-02;4;85600;20;1;1020,0
2941;2026-08-18;2;18346;9;5;2040,0
2942;2025-04-04;1;3382;20;4;2040,0
2943;2026-03-20;1;62535;19;2;510,0
2944;2023-03-15;5;18346;9;3;510,0
2945;2024-09-10;4;824;20;4;1530,0
2946;2023-01-31;5;40315;10;5;1530,0
2947;2023-04-20;5;824;11;3;510,0
2948;2023-10-28;1;40315;14;4;510,0
2949;2025-04-22;5;898;20;4;510,0
2950;2025-05-31;1;3382;13;5;1020,0
2951;2025-10-29;3;774;20;5;2550,0
2952;2023-07-14;2;898;13;5;1020,0
2953;2023-09-04;3;85600;8;5;2550,0
2954;2024-05-25;4;774;16;2;2550,0
2955;2025-01-20;4;3382;16;5;2040,0
2956;2026-06-11;4;62535;17;5;2550,0
2957;2025-08-13;4;85600;10;5;1020,0
2958;2024-02-16;5;810;12;1;510,0
2959;2026-08-20;5;774;9;2;2550,0
2960;2024-04-30;5;40315;19;4;2040,0
2961;2024-03-12;2;774;16;5;2550,0
2962;2023-04-19;4;898;21;5;1530,0
2963;2025-07-22;5;824;20;5;2550,0
2964;2025-03-19;2;810;19;5;1020,0
2965;2026-02-12;2;62535;20;4;1530,0
2966;2023-05-24;4;824;21;1;510,0
2967;2023-08-30;3;40315;10;2;2550,0
2968;2026-02-11;3;91200;17;1;1530,0
2969;2023-06-21;5;824;12;5;510,0
2970;2026-03-07;2;85600;14;3;510,0
2971;2025-12-12;4;85600;14;3;2550,0
2972;2025-08-26;1;810;10;3;1530,0
2973;2024-06-11;5;91200;19;3;1020,0
2974;2024-05-06;3;40315;12;2;2040,0
2975;2026-04-30;5;824;16;3;510,0
2976;2024-12-21;1;91200;13;1;1020,0
2977;2023-10-15;2;18346;13;1;2040,0
2978;2026-07-31;1;85600;12;2;2040,0
2979;2025-09-24;5;85600;8;3;1530,0
2980;2024-10-01;1;85600;11;4;1020,0
2981;2024-12-15;4;824;16;2;2040,0
2982;2025-09-23;3;3382;17;3;1020,0
2983;2023-11-28;3;91200;12;4;1530,0
2984;2026-08-22;2;3382;14;2;1020,0
2985;2024-12-31;1;85600;10;5;2550,0
2986;2025-10-17;4;824;21;3;2040,0
2987;2024-01-29;5;62535;10;4;1530,0
2988;2025-09-26;1;898;14;3;2040,0
2989;2025-11-02;2;3382;15;1;1020,0
2990;2024-07-19;4;62535;8;3;510,0
2991;2023-01-10;1;91200;13;4;510,0
2992;2026-07-12;1;824;14;5;510,0
2993;2025-08-14;5;40315;12;5;2550,0
2994;2025-12-08;3;91200;12;2;510,0
2995;2023-11-12;2;810;17;3;1020,0
2996;2024-12-01;4;40315;8;1;1020,0
2997;2024-12-27;5;898;12;3;2040,0
2998;2024-06-05;4;3382;12;1;1530,0
2999;2025-05-31;2;40315;15;4;510,0
3000;2026-02-03;3;18346;16;2;2550,0
3001;2024-05-08;1;40315;10;3;1530,0
3002;2024-09-18;3;824;11;2;1530,0
3003;2024-12-19;1;62535;18;5;510,0
3004;2025-06-28;2;810;17;3;2550,0
3005;2023-09-29;1;40315;13;1;1020,0
3006;2023-03-01;4;18346;19;5;510,0
3007;2024-05-30;1;91200;15;5;1530,0
3008;2023-08-10;2;898;17;3;510,0
3009;2025-09-12;4;3382;9;2;2040,0
3010;2026-02-21;5;774;18;4;1530,0
3011;2024-02-27;2;774;16;2;2040,0
3012;2026-08-20;4;62535;8;1;1020,0
3013;2023-11-24;5;898;19;2;1020,0
3014;2024-05-13;1;3382;18;5;2550,0
3015;2023-02-04;5;774;20;1;1530,0
3016;2024-08-22;3;810;12;3;2550,0
3017;2025-03-18;1;3382;9;1;510,0
3018;2023-07-07;1;91200;12;3;510,0
3019;2025-03-28;1;898;21;3;2040,0
3020;2023-10-21;1;18346;11;4;2550,0
3021;2023-06-18;1;62535;10;1;2550,0
3022;2023-12-09;1;824;10;2;1020,0
3023;2023-08-17;1;774;18;5;1530,0
3024;2025-06-10;1;91200;12;2;510,0
3025;2023-09-30;2;810;16;5;2040,0
3026;2025-01-10;3;91200;13;3;2040,0
3027;2025-03-04;4;3382;8;2;2550,0
3028;2024-03-17;3;40315;15;2;2040,0
3029;2024-05-01;4;91200;18;3;1530,0
3030;2025-08-24;5;40315;16;1;2550,0
3031;2023-12-19;3;824;9;5;510,0
3032;2023-08-02;5;3382;10;4;1530,0
3033;2023-06-26;5;824;10;2;2550,0
3034;2026-06-27;4;62535;12;3;2550,0
3035;2025-06-07;4;898;17;5;1020,0
3036;2023-03-18;3;40315;10;3;510,0
3037;2023-11-07;2;40315;8;4;1530,0
3038;2024-12-28;3;85600;11;1;1020,0
3039;2025-08-07;3;774;17;5;2040,0
3040;2024-06-30;4;18346;11;1;510,0
3041;2023-10-24;4;898;12;5;510,0
3042;2025-03-19;2;85600;19;2;1530,0
3043;2025-09-01;1;810;11;5;1020,0
3044;2023-11-09;5;810;9;3;510,0
3045;2026-07-19;3;774;14;1;510,0
3046;2026-02-12;5;898;11;2;2040,0
3047;2026-04-30;4;3382;16;4;2550,0
3048;2026-01-12;3;40315;11;5;2040,0
3049;2023-09-24;5;824;12;3;2040,0
3050;2025-08-30;2;62535;13;4;2550,0
3051;2025-11-21;2;824;17;5;2550,0
3052;2024-06-03;1;824;10;1;2550,0
3053;2025-11-01;1;91200;19;1;2040,0
3054;2025-07-12;2;40315;11;2;1530,0
3055;2024-04-03;4;85600;15;4;1020,0
3056;2023-09-16;2;898;14;3;1530,0
3057;2024-05-10;5;62535;13;2;1530,0
3058;2023-01-01;5;18346;20;3;510,0
3059;2024-09-02;2;824;10;1;2550,0
3060;2026-05-08;3;85600;20;1;1530,0
3061;2026-03-05;3;40315;13;4;510,0
3062;2023-12-22;3;40315;10;1;2040,0
3063;2024-11-06;2;40315;15;1;510,0
3064;2026-02-26;5;18346;14;2;510,0
3065;2026-01-24;3;774;17;3;1020,0
3066;2024-11-24;4;824;19;5;2040,0
3067;2024-11-12;1;85600;21;5;2550,0
3068;2026-02-24;4;18346;20;1;1020,0
3069;2024-07-06;5;40315;20;3;2040,0
3070;2026-07-09;4;91200;10;5;2550,0
3071;2025-02-23;1;40315;9;5;1530,0
3072;2023-11-28;4;898;10;3;2550,0
3073;2025-09-02;1;91200;10;2;510,0
3074;2023-06-23;2;3382;11;3;2550,0
3075;2023-05-05;4;85600;12;3;2550,0
3076;2025-10-22;2;91200;18;3;2040,0
3077;2025-10-09;1;91200;16;3;1020,0
3078;2025-08-03;4;91200;19;1;2550,0
3079;2023-05-17;3;3382;8;2;1530,0
3080;2025-11-30;4;774;8;5;2550,0
3081;2024-09-10;3;3382;16;2;1020,0
3082;2026-05-21;3;824;15;2;1020,0
3083;2025-11-13;2;3382;17;5;2550,0
3084;2024-10-14;4;774;8;2;2550,0
3085;2026-07-30;3;18346;13;3;1020,0
3086;2025-01-23;4;898;9;4;2550,0
3087;2023-09-21;1;18346;8;3;1020,0
3088;2025-05-23;2;824;14;5;510,0
3089;2024-02-16;3;898;8;4;1530,0
3090;2023-03-12;4;91200;11;1;2040,0
3091;2023-09-27;1;824;21;3;510,0
3092;2026-02-15;2;40315;20;3;1530,0
3093;2024-07-21;2;3382;17;2;510,0
3094;2026-07-06;5;810;17;1;1530,0
3095;2024-08-27;2;3382;20;1;1020,0
3096;2026-04-18;5;3382;11;2;1020,0
3097;2023-05-28;1;810;20;2;2040,0
3098;2026-04-13;3;898;18;4;1530,0
3099;2023-04-18;4;62535;17;4;510,0
3100;2024-02-17;2;774;16;5;1020,0
3101;2024-01-19;5;774;10;2;1020,0
3102;2023-07-03;5;774;11;5;1530,0
3103;2026-02-04;2;774;15;5;2040,0
3104;2026-05-03;2;85600;16;1;1020,0
3105;2024-12-30;3;40315;10;3;1020,0
3106;2025-03-28;2;18346;19;5;1020,0
3107;2025-02-28;1;774;17;5;510,0
3108;2025-07-18;5;85600;21;1;510,0
3109;2025-06-19;3;3382;19;3;2040,0
3110;2024-03-04;1;62535;18;3;1020,0
3111;2023-07-12;4;898;19;1;2040,0
3112;2025-10-28;4;62535;20;2;2040,0
3113;2024-06-09;5;85600;17;5;1530,0
3114;2023-01-19;3;774;15;2;2550,0
3115;2024-05-27;2;62535;18;3;2040,0
3116;2023-03-02;5;810;17;5;510,0
3117;2024-06-26;3;62535;9;2;2040,0
3118;2024-12-03;1;898;14;3;510,0
3119;2025-06-03;1;3382;10;2;1020,0
3120;2026-01-08;3;898;15;1;2040,0
3121;2026-08-17;5;824;10;1;1020,0
3122;2026-08-01;3;774;21;4;1020,0
3123;2024-02-07;5;91200;13;2;2040,0
3124;2026-02-11;5;898;21;5;510,0
3125;2023-05-08;2;3382;13;5;1020,0
3126;2023-11-02;2;18346;17;4;510,0
3127;2025-07-08;5;62535;12;4;510,0
3128;2026-01-19;5;810;18;4;2550,0
3129;2025-12-04;2;898;8;5;1530,0
3130;2025-02-26;3;898;13;3;1530,0
3131;2026-07-07;2;85600;10;3;1020,0
3132;2023-04-07;3;774;20;3;2550,0
3133;2024-12-31;3;62535;16;2;1020,0
3134;2024-03-07;5;3382;13;3;2040,0
3135;2023-06-03;5;18346;15;1;510,0
3136;2026-02-20;2;3382;9;5;1530,0
3137;2023-09-22;5;91200;14;1;1530,0
3138;2026-05-28;1;774;13;5;510,0
3139;2024-10-11;3;85600;16;5;1020,0
3140;2024-07-11;3;3382;13;5;1020,0
3141;2024-09-28;5;3382;20;3;1530,0
3142;2026-03-19;1;85600;13;3;2040,0
3143;2026-07-17;1;91200;14;5;510,0
3144;2026-07-10;3;91200;8;5;2040,0
3145;2024-06-30;2;898;19;4;2550,0
3146;2024-03-17;4;774;19;2;1020,0
3147;2023-01-11;4;91200;8;4;1020,0
3148;2025-05-30;1;40315;10;5;2550,0
3149;2025-03-18;5;898;21;1;2040,0
3150;2026-04-27;2;774;11;5;1020,0
3151;2023-09-21;2;810;10;3;1530,0
3152;2025-01-23;3;824;8;2;1530,0
3153;2025-03-31;2;824;15;4;510,0
3154;2025-10-06;5;91200;18;5;510,0
3155;2023-12-21;5;898;17;3;510,0
3156;2025-09-15;3;810;14;1;510,0
3157;2023-12-13;4;810;9;5;2040,0
3158;2024-02-26;3;898;8;5;1020,0
3159;2023-05-14;3;40315;10;1;510,0
3160;2026-04-19;2;810;18;1;510,0
3161;2024-03-10;3;62535;18;4;2550,0
3162;2024-06-01;5;774;14;3;2550,0
3163;2025-01-31;4;898;19;3;1020,0
3164;2025-04-02;2;62535;20;1;2550,0
3165;2024-06-06;5;898;19;2;1020,0
3166;2026-03-26;4;40315;15;5;2040,0
3167;2025-03-17;1;40315;20;1;2550,0
3168;2024-01-17;5;85600;15;3;2040,0
3169;2025-04-01;1;62535;20;5;1530,0
3170;2024-10-14;4;898;16;3;510,0
3171;2024-07-28;5;62535;17;2;1530,0
3172;2026-07-03;4;91200;17;5;510,0
3173;2025-12-09;4;824;8;3;1530,0
3174;2023-05-27;5;824;17;3;510,0
3175;2025-06-28;2;91200;8;2;510,0
3176;2025-12-17;4;40315;10;4;1530,0
3177;2026-08-04;2;824;10;2;2550,0
3178;2023-07-13;1;40315;20;3;510,0
3179;2024-08-14;5;774;19;5;1020,0
3180;2023-04-11;1;85600;8;3;1020,0
3181;2025-05-15;1;91200;13;3;2040,0
3182;2024-04-28;2;898;12;1;1530,0
3183;2025-03-16;2;898;13;1;1020,0
3184;2024-05-26;1;774;13;5;2550,0
3185;2024-04-23;4;824;12;2;1530,0
3186;2026-07-09;2;898;14;3;1020,0
3187;2023-07-26;2;774;19;4;510,0
3188;2026-03-17;5;810;8;5;1530,0
3189;2024-09-24;4;810;10;4;2040,0
3190;2025-12-30;4;898;10;5;2040,0
3191;2023-06-26;3;810;16;5;510,0
3192;2026-02-10;4;91200;16;4;510,0
3193;2025-03-10;2;810;21;3;2040,0
3194;2025-02-10;3;18346;13;3;1530,0
3195;2024-02-21;3;810;21;1;1020,0
3196;2024-08-09;5;898;18;5;1020,0
3197;2026-02-24;1;40315;15;2;1530,0
3198;2025-10-17;4;774;8;5;510,0
3199;2024-02-11;5;40315;9;4;2040,0
3200;2024-11-25;4;774;14;1;2040,0
3201;2023-06-18;1;3382;10;5;2550,0
3202;2025-07-24;5;62535;10;5;1530,0
3203;2025-04-19;3;824;17;3;2040,0
3204;2025-05-23;3;91200;9;3;1020,0
3205;2024-12-31;5;40315;17;4;1020,0
3206;2025-01-06;4;898;14;3;510,0
3207;2024-01-19;3;898;9;3;510,0
3208;2024-02-02;4;91200;20;3;510,0
3209;2024-03-26;5;898;17;4;510,0
3210;2023-08-28;2;91200;10;2;1020,0
3211;2026-04-14;4;898;10;3;2550,0
3212;2025-06-14;2;3382;20;4;2040,0
3213;2023-03-02;4;62535;18;2;1020,0
3214;2024-03-30;3;3382;13;2;2040,0
3215;2024-01-23;3;810;12;3;2550,0
3216;2024-08-28;4;898;14;4;2550,0
3217;2024-12-12;1;3382;9;3;1530,0
3218;2026-06-14;3;62535;17;2;510,0
3219;2023-03-18;2;898;20;5;1020,0
3220;2023-12-19;4;85600;18;2;1530,0
3221;2024-04-28;3;898;14;4;1530,0
3222;2024-03-07;2;898;9;2;2040,0
3223;2023-09-08;1;91200;9;4;2550,0
3224;2023-08-05;1;85600;13;2;1530,0
3225;2025-10-12;5;774;18;2;2040,0
3226;2025-08-08;5;3382;8;5;2550,0
3227;2025-06-05;1;85600;20;5;2040,0
3228;2025-05-23;3;91200;17;2;2550,0
3229;2025-12-27;1;3382;15;4;1020,0
3230;2024-05-31;5;824;9;4;1020,0
3231;2024-06-29;5;810;10;5;2550,0
3232;2026-07-04;3;898;10;4;2040,0
3233;2023-03-09;4;3382;15;5;2040,0
3234;2024-12-18;3;18346;18;1;510,0
3235;2024-09-25;2;810;9;1;2550,0
3236;2024-01-10;2;898;14;1;2550,0
3237;2025-04-13;4;824;16;2;510,0
3238;2024-03-12;1;62535;18;2;510,0
3239;2026-02-17;4;40315;14;5;2550,0
3240;2025-05-05;5;810;14;2;510,0
3241;2024-08-22;2;91200;15;5;1020,0
3242;2023-08-25;1;810;17;1;1530,0
3243;2023-02-17;1;18346;8;3;510,0
3244;2026-02-10;4;824;16;3;510,0
3245;2024-06-14;3;40315;9;5;2550,0
3246;2023-09-09;3;85600;8;4;1530,0
3247;2024-10-22;5;91200;16;5;2040,0
3248;2023-10-17;1;62535;15;2;1020,0
3249;2026-01-24;4;85600;8;3;1530,0
3250;2025-10-06;4;810;10;3;1020,0
3251;2025-06-14;2;898;20;4;2550,0
3252;2024-02-08;3;62535;12;1;1530,0
3253;2024-05-11;4;898;12;2;1530,0
3254;2023-03-03;2;85600;19;1;2550,0
3255;2025-08-19;2;85600;10;1;1530,0
3256;2025-05-20;1;824;9;4;510,0
3257;2024-11-28;5;774;14;5;510,0
3258;2023-05-21;1;85600;15;2;1530,0
3259;2026-02-15;5;91200;21;3;510,0
3260;2023-12-24;2;898;9;1;1020,0
3261;2023-03-07;4;824;14;1;1530,0
3262;2023-06-29;5;18346;19;1;1530,0
3263;2024-06-07;1;85600;18;4;2550,0
3264;2025-11-08;5;85600;15;4;2040,0
3265;2024-09-12;5;824;17;1;1020,0
3266;2023-12-13;3;810;20;2;1020,0
3267;2026-07-02;5;40315;20;3;1530,0
3268;2025-05-09;3;810;21;5;1530,0
3269;2026-08-14;1;3382;10;2;2550,0
3270;2026-06-03;2;85600;18;2;2040,0
3271;2025-07-08;5;810;19;1;1530,0
3272;2023-01-27;4;91200;9;1;2550,0
3273;2026-08-14;5;810;11;1;2040,0
3274;2026-01-29;4;774;19;4;2040,0
3275;2024-05-29;5;810;16;1;2550,0
3276;2023-11-03;1;898;16;3;510,0
3277;2025-03-28;5;810;10;2;1530,0
3278;2023-09-26;1;824;13;4;510,0
3279;2023-06-14;3;898;20;1;1020,0
3280;2024-12-17;5;18346;14;5;510,0
3281;2023-04-18;1;85600;20;3;2550,0
3282;2025-06-08;5;3382;8;4;1530,0
3283;2024-09-14;4;898;14;3;1530,0
3284;2026-02-15;4;774;15;3;1530,0
3285;2025-12-28;2;824;18;2;2040,0
3286;2025-10-25;4;810;14;2;2040,0
3287;2025-12-07;1;85600;10;1;1530,0
3288;2025-06-17;4;898;17;1;1530,0
3289;2023-07-13;4;810;13;4;510,0
3290;2026-02-04;1;18346;21;4;1020,0
3291;2025-08-03;1;774;16;2;2040,0
3292;2026-01-10;3;824;12;3;2040,0
3293;2026-08-01;5;774;10;4;2040,0
3294;2023-03-26;3;62535;19;1;2550,0
3295;2025-01-01;2;62535;11;3;2040,0
3296;2025-07-07;3;18346;15;3;1020,0
3297;2024-03-22;3;91200;17;1;2550,0
3298;2023-08-24;3;62535;20;2;1530,0
3299;2023-08-19;4;85600;21;3;2040,0
3300;2025-12-25;5;774;13;2;510,0
3301;2024-11-16;4;774;8;1;2550,0
3302;2023-10-01;3;18346;18;4;1530,0
3303;2024-05-03;2;3382;12;5;2040,0
3304;2023-04-24;5;62535;18;4;2550,0
3305;2024-02-02;1;898;10;4;510,0
3306;2023-02-18;3;85600;19;5;2040,0
3307;2024-01-23;4;40315;21;4;1530,0
3308;2026-07-22;2;824;19;5;1530,0
3309;2025-05-30;1;91200;21;4;2040,0
3310;2024-12-11;4;810;12;4;2550,0
3311;2025-06-10;5;85600;16;4;510,0
3312;2025-12-26;1;824;12;4;2040,0
3313;2024-01-04;5;3382;9;3;1020,0
3314;2026-05-22;4;898;18;4;2040,0
3315;2025-12-30;1;85600;13;4;510,0
3316;2026-03-02;1;824;17;5;1020,0
3317;2024-02-21;2;810;9;1;1020,0
3318;2024-08-29;3;40315;15;2;2040,0
3319;2026-01-05;3;85600;17;5;1530,0
3320;2023-05-05;4;91200;9;2;2040,0
3321;2024-08-28;1;18346;17;4;510,0
3322;2024-03-16;1;62535;21;1;1530,0
3323;2025-12-24;1;91200;14;2;1020,0
3324;2024-04-17;5;774;18;3;2550,0
3325;2025-06-04;5;898;11;4;1530,0
3326;2026-08-04;5;40315;10;3;1020,0
3327;2025-03-04;4;3382;8;1;2550,0
3328;2025-11-22;1;40315;19;4;1020,0
3329;2025-02-17;1;898;20;1;1530,0
3330;2023-11-28;2;898;20;5;510,0
3331;2025-05-09;4;898;18;3;1530,0
3332;2024-03-20;5;85600;20;5;1530,0
3333;2023-06-21;1;898;8;4;1530,0
3334;2023-10-04;2;898;17;4;1020,0
3335;2024-04-01;1;774;19;4;510,0
3336;2026-03-03;4;85600;16;2;510,0
3337;2026-07-23;3;85600;9;5;510,0
3338;2024-08-30;4;774;17;3;510,0
3339;2023-02-05;1;40315;17;4;1530,0
3340;2026-05-22;5;18346;16;2;2040,0
3341;2026-06-04;1;62535;17;2;1530,0
3342;2026-06-27;3;18346;15;2;2550,0
3343;2023-07-27;4;91200;16;1;1020,0
3344;2025-01-06;1;898;14;2;2550,0
3345;2025-06-10;2;18346;9;2;2040,0
3346;2023-11-28;1;3382;8;5;1530,0
3347;2025-09-11;2;3382;8;3;1020,0
3348;2025-10-05;5;91200;13;4;1530,0
3349;2024-08-23;1;898;10;1;2550,0
3350;2026-03-10;5;810;12;4;2550,0
3351;2026-02-03;5;62535;9;2;1020,0
3352;2023-09-07;3;898;14;4;510,0
3353;2026-07-18;2;62535;17;3;510,0
3354;2025-07-03;5;774;12;3;1020,0
3355;2025-12-25;1;85600;21;2;2040,0
3356;2026-07-19;5;62535;20;2;1020,0
3357;2024-06-26;5;3382;19;1;1020,0
3358;2024-08-07;4;774;18;2;2040,0
3359;2025-12-05;5;40315;10;1;510,0
3360;2025-12-15;2;40315;20;3;2040,0
3361;2023-07-11;3;62535;20;2;510,0
3362;2023-03-24;2;810;13;4;1020,0
3363;2025-12-29;4;3382;12;3;1020,0
3364;2026-07-10;5;810;11;1;2550,0
3365;2026-07-21;5;40315;19;5;2040,0
3366;2026-04-18;5;91200;18;1;1530,0
3367;2025-09-20;1;62535;12;3;1020,0
3368;2025-11-08;2;40315;9;4;2550,0
3369;2024-01-18;4;18346;8;3;1020,0
3370;2024-03-20;3;810;11;1;510,0
3371;2026-05-13;5;40315;21;1;510,0
3372;2024-03-25;4;18346;18;4;510,0
3373;2023-12-10;1;824;18;2;1020,0
3374;2023-12-27;4;18346;18;5;510,0
3375;2023-10-28;2;85600;15;5;1530,0
3376;2024-11-28;1;62535;14;2;1530,0
3377;2024-02-07;5;62535;17;3;1530,0
3378;2024-12-01;4;85600;20;2;1020,0
3379;2025-10-17;4;85600;11;1;510,0
3380;2023-12-24;2;3382;15;3;2040,0
3381;2025-04-11;1;40315;10;4;510,0
3382;2023-02-21;2;40315;16;5;510,0
3383;2023-11-10;4;774;17;4;510,0
3384;2023-12-30;1;824;13;1;510,0
3385;2024-08-25;3;91200;16;2;510,0
3386;2023-04-11;2;3382;19;2;2550,0
3387;2024-06-02;3;774;20;4;2550,0
3388;2023-04-21;2;898;14;5;1020,0
3389;2025-04-06;1;62535;15;3;510,0
3390;2026-03-17;4;85600;15;3;2040,0
3391;2025-06-12;5;40315;21;3;2040,0
3392;2024-06-11;5;40315;9;1;1530,0
3393;2023-11-08;2;898;9;5;2550,0
3394;2026-03-31;3;85600;19;1;2550,0
3395;2025-10-04;1;40315;9;1;2040,0
3396;2024-07-09;5;91200;17;2;1530,0
3397;2023-12-23;2;62535;17;4;2040,0
3398;2025-04-27;2;40315;16;5;1020,0
3399;2025-08-09;2;85600;8;3;1020,0
3400;2026-08-23;3;85600;19;3;1530,0
3401;2023-04-22;4;18346;13;2;510,0
3402;2026-08-09;3;824;15;3;2040,0
3403;2023-06-07;2;91200;16;5;1020,0
3404;2026-05-25;1;62535;11;2;510,0
3405;2025-10-07;1;18346;17;2;2040,0
3406;2025-03-22;2;774;15;5;2040,0
3407;2024-02-16;4;18346;14;3;2040,0
3408;2023-07-29;5;898;16;2;510,0
3409;2024-12-31;2;824;9;1;1020,0
3410;2023-05-01;3;91200;9;1;2550,0
3411;2024-10-29;2;91200;13;4;2040,0
3412;2025-07-11;5;824;19;5;510,0
3413;2024-09-09;2;898;9;2;1530,0
3414;2026-02-03;2;62535;13;5;1020,0
3415;2026-08-09;2;898;10;2;1020,0
3416;2025-07-10;3;3382;16;5;1530,0
3417;2025-08-14;1;774;8;1;1020,0
3418;2025-04-06;4;898;12;5;1530,0
3419;2023-12-13;4;91200;13;1;510,0
3420;2024-02-19;2;898;20;2;1530,0
3421;2024-09-01;4;774;17;1;2040,0
3422;2025-07-17;5;810;18;1;510,0
3423;2024-07-16;5;85600;20;5;2040,0
3424;2025-12-24;3;810;15;2;2040,0
3425;2025-08-06;3;824;15;5;1530,0
3426;2023-10-03;3;810;15;5;2550,0
3427;2024-01-23;5;898;13;1;1020,0
3428;2026-05-11;4;62535;11;4;2550,0
3429;2024-08-24;2;40315;15;4;2550,0
3430;2024-01-14;3;898;16;1;1530,0
3431;2025-08-05;4;91200;12;4;2040,0
3432;2024-06-09;1;62535;21;4;1530,0
3433;2025-09-15;1;3382;9;4;1020,0
3434;2025-01-19;4;91200;14;4;510,0
3435;2026-01-18;4;810;16;3;510,0
3436;2025-05-13;1;62535;9;4;2550,0
3437;2023-06-20;5;40315;19;3;2040,0
3438;2025-12-23;4;91200;18;5;1020,0
3439;2026-08-15;2;810;15;1;510,0
3440;2023-04-16;1;18346;12;3;510,0
3441;2026-07-03;4;18346;9;5;1530,0
3442;2026-03-24;5;62535;9;1;510,0
3443;2026-07-21;3;62535;20;2;510,0
3444;2024-12-02;5;810;18;5;510,0
3445;2026-03-05;5;91200;9;3;510,0
3446;2025-09-07;2;3382;10;3;2040,0
3447;2024-09-16;3;810;11;2;2040,0
3448;2025-09-06;1;774;11;3;1020,0
3449;2025-12-02;4;3382;14;2;2550,0
3450;2025-12-17;5;810;21;4;1530,0
3451;2026-03-22;1;824;8;5;2040,0
3452;2025-06-15;3;824;8;2;2040,0
3453;2023-02-27;1;898;14;5;510,0
3454;2024-10-07;2;3382;16;5;1020,0
3455;2024-05-17;4;3382;17;3;1530,0
3456;2025-12-24;4;91200;12;3;510,0
3457;2023-02-02;2;898;15;2;1020,0
3458;2025-10-22;3;62535;8;2;2040,0
3459;2026-05-20;3;3382;9;2;2040,0
3460;2023-07-19;5;824;14;1;1020,0
3461;2024-06-12;3;810;21;3;2040,0
3462;2023-07-01;4;810;21;5;2040,0
3463;2025-06-27;4;898;11;4;510,0
3464;2023-03-25;1;774;19;1;1530,0
3465;2025-08-30;4;85600;10;4;2040,0
3466;2026-03-19;3;40315;21;5;1530,0
3467;2025-02-22;1;62535;17;4;2550,0
3468;2024-11-18;3;810;18;1;1020,0
3469;2023-02-13;3;810;17;5;1530,0
3470;2024-08-07;1;3382;9;5;2040,0
3471;2023-04-18;1;62535;17;3;1530,0
3472;2026-07-26;3;898;10;3;1530,0
3473;2024-08-26;4;824;16;2;2550,0
3474;2025-08-29;5;85600;16;2;2040,0
3475;2025-12-27;4;91200;15;1;2040,0
3476;2023-01-03;2;774;9;2;2040,0
3477;2026-02-03;2;810;12;4;1020,0
3478;2024-08-03;3;824;17;5;2040,0
3479;2025-06-26;2;18346;15;5;1020,0
3480;2023-04-17;4;774;21;3;1530,0
3481;2023-06-21;2;62535;10;3;1530,0
3482;2025-05-24;5;85600;12;5;2550,0
3483;2023-04-09;2;3382;9;2;2040,0
3484;2025-04-24;5;40315;8;1;2040,0
3485;2024-04-08;2;898;12;5;2040,0
3486;2026-03-17;5;824;15;5;1020,0
3487;2024-01-24;5;774;15;2;2040,0
3488;2023-04-06;2;3382;8;1;1020,0
3489;2025-04-14;5;824;16;3;1020,0
3490;2024-04-28;4;3382;9;3;510,0
3491;2024-09-02;5;62535;21;1;510,0
3492;2024-08-09;1;774;18;1;2040,0
3493;2023-11-11;4;898;18;1;1530,0
3494;2026-04-22;2;18346;8;5;2040,0
3495;2026-07-03;1;810;17;5;1020,0
3496;2024-12-26;1;62535;17;4;510,0
3497;2024-04-28;3;898;20;4;2040,0
3498;2025-05-21;2;40315;16;2;510,0
3499;2024-11-06;3;3382;16;3;2040,0
3500;2023-08-06;1;40315;17;1;1020,0
3501;2026-01-24;4;40315;14;2;1530,0
3502;2024-11-20;1;18346;13;3;510,0
3503;2025-12-19;1;774;12;2;510,0
3504;2024-11-08;1;898;21;1;1530,0
3505;2024-02-10;5;824;13;4;510,0
3506;2024-02-11;5;62535;21;3;1530,0
3507;2023-03-14;3;18346;14;2;2040,0
3508;2024-05-13;3;824;14;5;2550,0
3509;2025-02-02;5;91200;15;1;1020,0
3510;2026-05-23;2;18346;16;5;2040,0
3511;2024-07-15;2;40315;9;3;1020,0
3512;2023-07-21;1;18346;17;3;1530,0
3513;2026-08-15;5;18346;15;2;510,0
3514;2026-04-25;3;91200;11;2;510,0
3515;2023-05-21;4;40315;15;3;2040,0
3516;2024-05-23;2;810;8;2;2550,0
3517;2023-12-06;3;774;17;1;510,0
3518;2025-11-18;3;62535;16;2;2040,0
3519;2025-11-19;1;62535;10;2;2040,0
3520;2024-10-17;4;898;21;4;510,0
3521;2026-01-31;3;62535;17;4;1530,0
3522;2023-06-18;4;40315;16;1;1020,0
3523;2025-02-27;2;3382;18;4;510,0
3524;2024-12-03;1;85600;13;5;1020,0
3525;2024-12-12;3;774;21;4;1530,0
3526;2024-09-15;2;85600;21;5;2040,0
3527;2023-09-17;3;62535;18;5;1530,0
3528;2024-06-13;2;18346;21;2;1530,0
3529;2026-06-22;1;774;11;5;2040,0
3530;2026-03-31;4;62535;8;5;2550,0
3531;2023-05-05;5;18346;13;2;2040,0
3532;2026-02-19;5;91200;16;5;1530,0
3533;2025-05-27;4;898;9;2;2040,0
3534;2026-05-19;2;18346;10;3;1020,0
3535;2025-09-13;5;40315;19;3;2550,0
3536;2024-01-09;3;18346;14;3;2040,0
3537;2024-09-13;4;3382;19;5;2040,0
3538;2024-01-01;5;810;18;5;1530,0
3539;2025-09-16;2;824;14;5;1530,0
3540;2023-06-24;3;810;18;4;1530,0
3541;2023-08-26;2;40315;8;3;2550,0
3542;2026-08-08;5;810;8;4;1020,0
3543;2023-09-04;1;62535;8;5;2550,0
3544;2023-05-19;5;774;15;2;1530,0
3545;2024-03-27;5;824;15;1;2040,0
3546;2023-06-11;1;824;21;3;1530,0
3547;2026-07-26;3;85600;19;5;510,0
3548;2025-07-07;2;810;19;1;2040,0
3549;2023-01-18;3;85600;21;2;1530,0
3550;2024-01-21;5;810;20;4;1020,0
3551;2023-05-19;3;85600;9;3;1020,0
3552;2026-01-22;1;91200;9;2;2040,0
3553;2024-10-21;3;3382;13;5;510,0
3554;2024-11-02;4;774;8;3;1020,0
3555;2024-10-20;5;62535;18;4;510,0
3556;2026-04-14;5;62535;11;3;2550,0
3557;2023-09-23;4;824;18;3;1020,0
3558;2026-04-08;1;3382;17;2;2550,0
3559;2025-04-04;1;18346;19;5;1530,0
3560;2025-04-29;1;824;16;4;510,0
3561;2026-06-30;1;810;15;1;1020,0
3562;2024-09-12;3;85600;19;4;1020,0
3563;2025-04-21;1;810;13;1;2040,0
3564;2024-02-26;3;824;9;4;2040,0
3565;2025-05-15;5;40315;9;2;2040,0
3566;2025-05-26;4;91200;10;2;1020,0
3567;2025-09-13;3;898;8;4;2040,0
3568;2026-06-08;4;824;16;4;1530,0
3569;2026-04-26;4;3382;9;1;2040,0
3570;2024-05-20;3;3382;17;3;1530,0
3571;2023-08-04;4;91200;10;5;2040,0
3572;2023-09-11;4;85600;20;3;2550,0
3573;2025-08-15;2;824;14;2;1020,0
3574;2026-03-04;4;85600;17;2;1530,0
3575;2025-01-18;2;824;13;1;2040,0
3576;2023-07-08;2;18346;16;1;1530,0
3577;2023-09-09;2;18346;14;1;1020,0
3578;2024-05-29;3;40315;15;1;2040,0
3579;2025-12-17;4;898;10;3;2040,0
3580;2024-01-21;3;40315;8;5;1020,0
3581;2025-04-02;5;824;19;2;2550,0
3582;2025-12-13;1;18346;20;4;1530,0
3583;2023-05-13;3;774;12;3;2040,0
3584;2025-06-07;3;85600;8;1;2040,0
3585;2024-08-27;5;91200;11;5;2040,0
3586;2024-10-25;5;824;15;2;510,0
3587;2023-01-20;2;898;18;3;2040,0
3588;2024-01-14;2;898;12;4;2040,0
3589;2025-09-24;5;824;17;1;2550,0
3590;2025-10-18;1;810;9;3;1020,0
3591;2025-10-06;4;40315;12;1;2550,0
3592;2026-06-02;5;774;21;2;2040,0
3593;2026-05-17;2;774;8;3;2040,0
3594;2026-07-28;4;85600;18;1;2040,0
3595;2023-07-05;2;774;17;1;1530,0
3596;2025-09-11;5;898;8;1;510,0
3597;2025-08-07;1;91200;21;4;510,0
3598;2023-02-13;3;824;10;3;1530,0
3599;2026-03-28;3;85600;17;3;2040,0
3600;2024-07-20;1;91200;12;5;1530,0
3601;2023-06-28;5;774;17;2;2550,0
3602;2025-01-16;4;824;16;5;1020,0
3603;2025-05-28;3;18346;9;1;2550,0
3604;2023-12-15;4;774;21;3;1020,0
3605;2025-05-08;5;3382;19;3;1020,0
3606;2023-09-26;3;810;12;4;1530,0
3607;2026-08-27;3;18346;13;2;1020,0
3608;2023-03-03;2;898;14;1;2040,0
3609;2024-09-26;2;898;8;4;2550,0
3610;2023-06-07;5;810;14;1;510,0
3611;2026-07-11;3;18346;18;3;1020,0
3612;2024-10-24;4;62535;16;1;2550,0
3613;2025-04-28;3;91200;12;2;1530,0
3614;2025-05-08;5;85600;20;3;1530,0
3615;2024-03-01;5;85600;11;4;2040,0
3616;2023-05-11;2;810;21;5;2040,0
3617;2024-10-22;5;810;12;3;2040,0
3618;2023-07-18;5;40315;9;2;2550,0
3619;2026-06-05;3;3382;11;5;1530,0
3620;2026-07-24;4;40315;10;5;2040,0
3621;2025-02-04;1;18346;9;4;1020,0
3622;2023-08-30;3;85600;12;2;1020,0
3623;2023-12-13;2;91200;8;3;510,0
3624;2025-05-23;5;898;19;4;2550,0
3625;2024-05-31;5;810;16;5;1530,0
3626;2025-11-15;5;18346;20;5;2040,0
3627;2023-04-24;2;18346;14;1;1530,0
3628;2025-10-20;4;62535;9;4;2550,0
3629;2023-09-05;1;898;16;1;510,0
3630;2024-08-30;1;3382;21;2;510,0
3631;2026-06-09;5;18346;10;2;1020,0
3632;2025-01-30;3;85600;16;2;510,0
3633;2025-07-25;3;18346;17;1;510,0
3634;2025-01-21;1;85600;12;4;2040,0
3635;2025-10-26;2;40315;12;1;1020,0
3636;2023-04-30;5;91200;15;4;2040,0
3637;2025-11-08;5;85600;15;5;2550,0
3638;2025-11-04;5;18346;17;1;510,0
3639;2025-08-08;4;810;16;3;1530,0
3640;2025-04-20;4;774;20;4;2550,0
3641;2023-11-24;5;85600;12;1;510,0
3642;2023-02-21;5;810;16;2;510,0
3643;2026-01-19;2;898;16;1;1020,0
3644;2025-12-15;2;85600;19;2;1530,0
3645;2023-12-25;4;62535;16;2;2550,0
3646;2025-09-29;2;40315;21;4;1020,0
3647;2026-01-18;5;91200;21;2;2040,0
3648;2026-06-27;5;18346;13;5;1020,0
3649;2023-02-16;2;774;18;5;2550,0
3650;2023-03-04;4;40315;17;1;1020,0
3651;2026-07-03;5;91200;20;2;510,0
3652;2023-11-02;4;3382;19;5;1530,0
3653;2024-04-22;2;18346;16;1;2550,0
3654;2024-12-31;3;774;12;1;2040,0
3655;2024-08-03;5;3382;17;2;1020,0
3656;2024-09-10;3;62535;11;5;510,0
3657;2024-09-22;1;824;11;3;510,0
3658;2025-11-03;3;898;12;2;2040,0
3659;2023-07-20;1;774;18;1;1020,0
3660;2024-02-15;5;40315;14;5;2550,0
3661;2024-06-18;4;40315;12;5;1020,0
3662;2025-03-20;3;85600;13;5;1020,0
3663;2024-10-02;5;810;10;4;2040,0
3664;2025-10-20;2;18346;11;5;1020,0
3665;2023-01-26;5;40315;11;4;2550,0
3666;2024-06-24;3;62535;19;4;2040,0
3667;2023-12-08;3;810;8;2;2550,0
3668;2025-09-22;5;18346;20;5;510,0
3669;2026-06-21;4;898;11;3;1530,0
3670;2025-05-12;5;898;21;3;2550,0
3671;2024-08-06;2;91200;10;3;1020,0
3672;2025-08-12;4;18346;17;2;1530,0
3673;2024-09-19;1;62535;18;1;510,0
3674;2023-02-23;3;85600;16;4;1020,0
3675;2026-02-08;1;810;21;3;2550,0
3676;2023-06-09;2;62535;18;3;2040,0
3677;2024-08-14;4;810;17;1;1020,0
3678;2024-01-06;5;810;16;4;510,0
3679;2026-07-02;5;810;8;5;2040,0
3680;2024-12-30;4;18346;18;2;2550,0
3681;2024-06-07;5;3382;17;5;2040,0
3682;2023-03-28;3;85600;11;5;1530,0
3683;2023-06-01;3;774;8;4;2550,0
3684;2023-04-17;2;85600;21;2;1530,0
3685;2026-07-16;3;18346;15;3;2040,0
3686;2024-02-29;2;774;9;2;1530,0
3687;2024-09-24;2;824;10;4;1020,0
3688;2025-03-27;3;810;17;3;2550,0
3689;2026-07-21;4;898;15;3;1530,0
3690;2023-09-22;1;91200;17;1;2550,0
3691;2023-02-14;3;91200;12;3;1020,0
3692;2023-09-26;1;40315;17;3;2550,0
3693;2025-03-19;1;40315;20;2;1020,0
3694;2026-05-22;1;91200;13;4;1530,0
3695;2024-09-04;4;62535;16;3;1020,0
3696;2023-05-16;5;898;16;2;1020,0
3697;2026-08-16;2;3382;19;1;510,0
3698;2024-02-26;4;774;20;4;510,0
3699;2024-11-29;1;898;14;4;510,0
3700;2026-07-31;4;91200;9;3;2550,0
3701;2023-07-10;2;810;13;4;2040,0
3702;2024-06-23;4;85600;9;1;2550,0
3703;2026-08-02;2;40315;13;3;2550,0
3704;2023-07-11;1;85600;10;4;1020,0
3705;2026-06-29;4;62535;13;4;2550,0
3706;2023-07-24;4;91200;12;3;510,0
3707;2026-04-20;1;40315;16;5;1020,0
3708;2023-04-13;3;3382;15;1;2040,0
3709;2026-02-10;1;62535;19;2;2040,0
3710;2026-05-29;5;3382;16;1;2550,0
3711;2023-04-28;5;85600;11;2;2550,0
3712;2024-10-07;3;810;14;3;2550,0
3713;2024-12-28;1;40315;17;5;2550,0
3714;2026-02-28;4;810;8;5;2550,0
3715;2023-05-11;5;40315;8;5;1530,0
3716;2024-04-16;5;91200;18;4;2550,0
3717;2026-01-18;4;824;8;3;1530,0
3718;2024-07-09;1;40315;18;4;2550,0
3719;2023-07-26;2;85600;21;1;2040,0
3720;2025-07-24;4;18346;21;2;1020,0
3721;2023-06-05;3;62535;20;5;2040,0
3722;2023-12-15;1;810;10;2;2040,0
3723;2024-04-23;3;62535;12;5;510,0
3724;2023-06-29;5;898;10;4;510,0
3725;2026-03-25;3;40315;8;1;1530,0
3726;2025-11-19;2;85600;19;1;510,0
3727;2025-08-08;5;774;11;3;510,0
3728;2023-02-19;3;810;11;2;2550,0
3729;2025-03-27;2;3382;21;5;2040,0
3730;2025-05-31;4;62535;10;3;1020,0
3731;2023-12-30;3;85600;12;2;2550,0
3732;2023-06-28;2;3382;13;5;1530,0
3733;2023-02-26;4;40315;12;5;1530,0
3734;2024-04-07;1;91200;19;3;2550,0
3735;2025-08-18;1;3382;18;1;510,0
3736;2024-11-28;2;40315;10;3;2550,0
3737;2025-05-28;4;91200;14;5;2550,0
3738;2026-08-27;2;824;13;2;1020,0
3739;2025-05-09;5;85600;11;1;1020,0
3740;2023-12-15;4;898;21;2;2550,0
3741;2026-05-26;5;810;11;5;1530,0
3742;2023-01-26;2;898;11;2;510,0
3743;2024-01-28;3;898;17;4;1530,0
3744;2026-05-13;2;62535;12;3;1530,0
3745;2025-01-13;2;40315;16;5;1530,0
3746;2024-03-31;2;774;8;3;2550,0
3747;2023-03-08;2;898;20;3;2040,0
3748;2024-06-29;3;85600;13;2;2040,0
3749;2024-02-08;4;62535;17;4;1530,0
3750;2024-12-06;3;824;8;4;1020,0
3751;2023-07-05;3;62535;18;5;2040,0
3752;2024-08-30;5;91200;21;1;2550,0
3753;2026-05-24;1;774;16;1;1530,0
3754;2025-02-03;1;40315;21;5;2550,0
3755;2024-07-20;1;3382;10;1;1020,0
3756;2025-12-29;4;810;17;5;510,0
3757;2024-04-18;1;91200;15;4;2550,0
3758;2023-10-08;5;40315;13;1;1530,0
3759;2025-10-05;5;40315;12;4;1530,0
3760;2024-11-02;4;85600;10;5;1530,0
3761;2025-06-13;4;810;13;2;1530,0
3762;2023-04-23;4;3382;21;1;510,0
3763;2025-12-22;3;3382;12;2;2040,0
3764;2024-04-27;2;898;13;5;510,0
3765;2025-08-16;3;774;11;3;1530,0
3766;2023-09-22;4;18346;20;1;1020,0
3767;2023-06-30;4;62535;18;3;1020,0
3768;2026-01-12;3;898;17;5;1530,0
3769;2023-08-07;5;824;12;1;2040,0
3770;2023-09-18;3;898;14;3;2040,0
3771;2024-01-27;1;810;19;2;2040,0
3772;2023-10-15;5;774;21;3;1530,0
3773;2025-03-21;1;824;17;4;2040,0
3774;2024-07-01;2;898;14;3;1020,0
3775;2025-10-21;1;810;13;1;2550,0
3776;2024-09-14;3;40315;18;1;2040,0
3777;2025-09-05;5;810;21;4;510,0
3778;2024-02-12;4;3382;14;3;1020,0
3779;2025-04-29;4;62535;17;2;510,0
3780;2023-10-05;3;62535;17;4;1530,0
3781;2025-10-16;3;85600;8;5;510,0
3782;2025-10-22;5;40315;8;2;2040,0
3783;2026-04-15;5;85600;17;4;1530,0
3784;2024-08-11;1;824;18;4;510,0
3785;2026-05-10;1;91200;20;5;2040,0
3786;2023-07-11;1;3382;8;5;1020,0
3787;2026-04-09;2;85600;17;1;2550,0
3788;2025-01-21;4;40315;20;3;2550,0
3789;2026-08-22;1;898;21;4;2040,0
3790;2024-11-16;5;898;15;4;2550,0
3791;2024-03-29;4;91200;14;3;1530,0
3792;2025-07-03;1;824;19;4;2040,0
3793;2023-04-16;5;3382;20;4;2550,0
3794;2023-06-05;5;18346;9;4;1020,0
3795;2025-10-26;3;3382;20;4;1020,0
3796;2025-12-18;2;898;17;3;2040,0
3797;2026-02-14;4;85600;13;4;1020,0
3798;2023-04-09;4;810;15;5;510,0
3799;2024-09-14;1;824;11;4;2040,0
3800;2025-09-28;4;774;12;5;2040,0
3801;2023-03-30;4;18346;10;1;1020,0
3802;2026-01-19;1;85600;10;4;510,0
3803;2023-10-18;4;824;19;4;1530,0
3804;2026-07-20;3;85600;13;5;510,0
3805;2023-10-21;4;774;11;2;1020,0
3806;2024-06-03;4;810;13;2;2040,0
3807;2025-09-01;3;85600;14;4;510,0
3808;2026-04-18;4;774;17;5;2040,0
3809;2026-04-12;4;40315;12;2;510,0
3810;2023-12-05;1;40315;10;3;1020,0
3811;2024-05-18;3;62535;11;4;1020,0
3812;2024-12-02;3;824;9;4;1020,0
3813;2024-01-16;2;91200;14;1;2040,0
3814;2025-03-09;2;85600;20;1;1530,0
3815;2024-05-14;3;898;15;4;1530,0
3816;2025-10-27;2;774;12;5;2040,0
3817;2026-08-14;5;62535;16;2;510,0
3818;2026-07-14;2;810;8;3;1020,0
3819;2023-09-22;1;898;18;4;510,0
3820;2025-08-22;1;91200;10;1;1530,0
3821;2024-04-28;5;91200;15;4;1020,0
3822;2023-01-16;4;62535;21;5;2040,0
3823;2024-03-21;4;3382;12;3;510,0
3824;2025-02-08;2;774;11;5;2040,0
3825;2023-03-11;4;91200;21;4;2040,0
3826;2023-05-20;4;898;21;4;1530,0
3827;2026-03-14;5;810;18;2;510,0
3828;2024-10-28;4;18346;19;4;1020,0
3829;2025-03-24;1;810;21;3;1020,0
3830;2023-11-21;5;774;15;3;510,0
3831;2025-05-30;2;824;14;4;1530,0
3832;2024-12-08;3;40315;18;5;510,0
3833;2025-04-13;1;774;16;1;1530,0
3834;2023-06-22;4;18346;15;4;1020,0
3835;2025-01-17;5;62535;16;5;2040,0
3836;2024-08-15;5;3382;19;1;2550,0
3837;2023-12-21;3;810;9;1;510,0
3838;2024-05-27;3;91200;19;4;1530,0
3839;2025-08-20;2;824;16;1;2040,0
3840;2023-07-30;1;810;11;4;1530,0
3841;2025-09-27;3;774;18;2;1530,0
3842;2026-06-05;5;898;9;4;2040,0
3843;2026-07-10;4;3382;20;3;2550,0
3844;2026-07-07;4;91200;14;3;2550,0
3845;2024-06-20;2;18346;11;2;1020,0
3846;2025-03-05;3;774;10;4;1530,0
3847;2025-08-06;5;810;9;2;1530,0
3848;2025-11-27;1;810;16;2;510,0
3849;2026-05-10;1;898;10;4;1020,0
3850;2024-05-31;3;18346;8;3;510,0
3851;2026-05-04;1;18346;14;4;1020,0
3852;2023-05-22;1;62535;21;4;2550,0
3853;2025-10-06;4;810;19;1;1020,0
3854;2025-05-11;3;40315;18;1;1530,0
3855;2025-06-21;3;810;17;1;1530,0
3856;2023-10-29;2;91200;12;4;2550,0
3857;2025-03-25;4;18346;15;5;2550,0
3858;2024-04-26;3;898;20;2;1530,0
3859;2023-04-07;2;774;20;1;1530,0
3860;2024-06-18;3;62535;11;5;1530,0
3861;2025-09-01;1;824;10;5;2550,0
3862;2025-06-11;4;3382;17;5;510,0
3863;2024-07-05;4;91200;10;2;1020,0
3864;2024-02-08;3;810;20;2;1530,0
3865;2025-10-26;5;18346;15;1;2040,0
3866;2025-10-21;4;898;9;4;2040,0
3867;2023-01-15;3;85600;11;2;1530,0
3868;2024-04-15;2;85600;21;4;2550,0
3869;2025-04-02;4;18346;8;3;2040,0
3870;2023-09-16;1;774;19;1;2040,0
3871;2025-01-16;4;85600;12;4;1530,0
3872;2024-01-27;1;3382;16;2;1530,0
3873;2025-05-23;1;18346;12;2;2550,0
3874;2025-11-15;5;3382;20;3;1530,0
3875;2024-09-03;1;3382;11;5;1530,0
3876;2024-07-06;5;18346;9;1;2550,0
3877;2023-07-20;4;18346;20;5;1020,0
3878;2023-11-23;4;3382;13;4;1020,0
3879;2026-06-10;3;824;15;3;2040,0
3880;2025-08-29;3;85600;20;1;2040,0
3881;2026-04-19;2;824;17;5;1020,0
3882;2026-04-24;1;3382;13;5;1020,0
3883;2024-01-25;4;774;11;2;1530,0
3884;2025-09-21;3;62535;14;2;1530,0
3885;2023-10-26;1;3382;8;2;2040,0
3886;2024-11-19;2;91200;8;2;1020,0
3887;2025-02-07;3;898;14;5;1530,0
3888;2026-07-30;3;3382;10;2;2040,0
3889;2024-01-13;2;85600;18;3;2550,0
3890;2024-02-25;1;91200;14;5;1530,0
3891;2024-09-05;5;774;11;2;2550,0
3892;2025-02-17;2;18346;19;1;1020,0
3893;2025-12-18;5;898;10;4;1020,0
3894;2024-09-01;4;824;9;4;1020,0
3895;2024-01-02;5;824;15;5;1020,0
3896;2025-02-18;2;3382;15;5;2550,0
3897;2024-05-17;4;85600;12;1;510,0
3898;2025-11-25;5;774;15;5;510,0
3899;2025-01-04;2;91200;12;3;2040,0
3900;2023-10-18;2;824;10;5;2040,0
3901;2024-06-18;1;40315;15;3;2550,0
3902;2025-12-08;3;62535;14;2;2040,0
3903;2025-03-07;2;774;20;3;510,0
3904;2023-05-15;4;91200;9;3;1020,0
3905;2026-07-22;4;810;19;3;510,0
3906;2026-02-03;1;62535;10;3;2550,0
3907;2023-09-01;4;774;13;5;1020,0
3908;2023-06-14;3;810;9;2;2550,0
3909;2024-03-02;2;85600;14;5;2040,0
3910;2025-08-21;1;810;14;3;1530,0
3911;2023-04-19;2;898;13;3;1020,0
3912;2024-01-31;1;91200;18;5;2040,0
3913;2023-10-01;4;824;17;2;1530,0
3914;2026-03-26;5;824;18;5;2550,0
3915;2025-09-06;4;3382;15;2;2550,0
3916;2023-10-01;1;824;10;2;2550,0
3917;2025-12-02;3;774;15;1;1530,0
3918;2023-07-05;1;85600;9;2;1020,0
3919;2025-09-30;1;62535;13;3;1530,0
3920;2025-09-21;5;824;21;3;1530,0
3921;2025-01-28;1;40315;20;1;2550,0
3922;2024-11-14;3;40315;10;2;2040,0
3923;2024-12-16;1;85600;8;2;2550,0
3924;2024-03-10;1;62535;21;4;510,0
3925;2024-05-25;5;810;13;4;510,0
3926;2023-04-25;3;85600;10;1;2040,0
3927;2025-07-16;5;40315;21;3;1530,0
3928;2026-06-22;5;774;20;5;510,0
3929;2023-09-24;2;810;13;5;2040,0
3930;2024-10-20;2;18346;21;5;2550,0
3931;2024-07-23;2;824;16;4;2040,0
3932;2026-07-31;1;40315;17;2;1530,0
3933;2025-01-30;2;18346;18;3;1020,0
3934;2026-08-05;2;3382;8;2;2550,0
3935;2024-11-01;2;898;18;5;2550,0
3936;2024-06-11;2;40315;20;2;2550,0
3937;2026-04-15;5;898;8;5;2550,0
3938;2025-08-08;5;898;17;1;510,0
3939;2026-03-30;5;3382;8;1;1530,0
3940;2023-11-15;3;85600;10;1;2040,0
3941;2025-10-02;2;3382;8;5;1020,0
3942;2023-08-09;5;3382;15;1;1020,0
3943;2023-12-27;5;91200;13;2;2040,0
3944;2023-03-08;3;40315;15;1;1020,0
3945;2024-05-12;4;85600;14;3;2040,0
3946;2023-06-30;4;774;18;2;2550,0
3947;2026-03-30;1;62535;18;5;1530,0
3948;2024-11-30;5;91200;8;4;1530,0
3949;2023-05-31;3;898;19;4;510,0
3950;2025-10-20;5;62535;17;1;2040,0
3951;2023-05-20;3;898;12;5;2550,0
3952;2026-02-08;1;774;12;5;1530,0
3953;2025-12-25;2;810;8;2;510,0
3954;2025-06-16;4;85600;15;1;2040,0
3955;2023-09-02;5;18346;16;4;2550,0
3956;2026-04-25;2;62535;9;2;1020,0
3957;2023-09-02;5;898;13;4;2550,0
3958;2023-11-26;5;18346;21;2;2040,0
3959;2024-11-22;4;40315;9;3;1020,0
3960;2025-12-20;5;3382;11;1;510,0
3961;2023-01-06;3;898;8;5;1530,0
3962;2024-04-19;4;91200;11;4;510,0
3963;2023-03-14;2;18346;11;2;1020,0
3964;2026-07-06;3;824;11;4;2550,0
3965;2024-06-25;5;824;20;3;1530,0
3966;2024-01-21;4;62535;12;4;2040,0
3967;2023-11-05;1;18346;12;4;1530,0
3968;2024-07-24;3;810;12;4;2040,0
3969;2023-11-29;3;898;11;3;2550,0
3970;2025-10-19;1;40315;20;5;510,0
3971;2023-06-04;1;898;18;3;1020,0
3972;2024-11-09;2;3382;17;3;2550,0
3973;2024-12-12;4;3382;18;2;510,0
3974;2025-04-11;3;824;12;1;2040,0
3975;2026-08-21;2;18346;17;5;1530,0
3976;2025-01-01;4;40315;11;5;2040,0
3977;2025-06-12;1;18346;9;2;1530,0
3978;2026-04-07;1;3382;14;3;510,0
3979;2024-01-31;4;91200;20;5;510,0
3980;2023-07-04;3;774;15;1;2550,0
3981;2025-09-09;1;62535;10;2;510,0
3982;2023-03-16;5;898;12;3;1530,0
3983;2025-08-05;5;824;8;3;1020,0
3984;2026-07-12;3;898;11;3;1020,0
3985;2026-06-09;2;898;18;3;1020,0
3986;2025-12-12;5;824;15;1;2550,0
3987;2024-09-03;5;18346;16;4;2550,0
3988;2026-02-08;5;62535;10;1;510,0
3989;2025-08-05;3;62535;20;2;510,0
3990;2023-03-25;3;774;21;4;2040,0
3991;2024-03-03;2;824;11;4;1530,0
3992;2023-04-09;4;824;11;3;2040,0
3993;2024-08-29;3;898;16;2;1020,0
3994;2023-08-16;4;40315;10;3;2040,0
3995;2026-03-20;4;85600;14;5;2040,0
3996;2026-04-19;3;810;18;3;1530,0
3997;2026-04-24;4;18346;17;2;1530,0
3998;2023-09-16;3;824;15;3;2550,0
3999;2023-03-28;1;62535;12;5;2040,0
4000;2025-03-08;4;91200;19;2;1020,0
4001;2024-12-24;1;774;8;4;2550,0
4002;2025-12-29;4;898;15;5;2550,0
4003;2025-03-15;4;898;20;5;2550,0
4004;2024-03-14;5;824;15;1;2040,0
4005;2026-01-01;3;85600;13;4;510,0
4006;2025-08-19;1;85600;19;4;510,0
4007;2025-03-06;5;18346;9;5;2040,0
4008;2025-02-16;3;18346;16;4;2550,0
4009;2024-07-25;4;898;15;1;2040,0
4010;2023-01-13;3;774;8;2;2040,0
4011;2025-04-12;5;810;20;2;1530,0
4012;2024-08-25;4;40315;20;1;510,0
4013;2024-02-26;3;3382;20;3;1530,0
4014;2025-05-09;3;85600;16;5;1020,0
4015;2023-06-19;2;18346;11;4;1020,0
4016;2024-12-16;4;774;19;2;1530,0
4017;2024-02-06;3;40315;21;2;510,0
4018;2023-05-25;3;898;10;5;1020,0
4019;2026-08-10;4;774;18;5;510,0
4020;2023-08-25;5;62535;13;4;2040,0
4021;2025-04-14;2;824;11;5;510,0
4022;2025-03-15;1;824;17;3;1530,0
4023;2026-07-23;4;898;21;1;1530,0
4024;2025-09-20;5;62535;17;1;2550,0
4025;2024-11-14;3;18346;13;1;2550,0
4026;2025-04-13;3;824;19;5;2550,0
4027;2023-12-20;5;898;21;4;2550,0
4028;2024-11-02;2;898;8;1;2040,0
4029;2024-02-16;1;824;20;2;510,0
4030;2026-04-01;3;898;14;3;1020,0
4031;2023-12-18;3;824;21;1;1020,0
4032;2026-05-25;5;91200;8;2;1530,0
4033;2026-02-26;1;85600;14;2;1020,0
4034;2026-04-12;2;18346;14;2;2040,0
4035;2024-09-24;4;18346;15;3;1020,0
4036;2024-09-09;1;774;18;5;1020,0
4037;2023-01-25;2;85600;18;4;2040,0
4038;2024-06-21;4;774;16;1;1530,0
4039;2024-01-22;1;40315;20;1;510,0
4040;2024-09-23;3;85600;8;4;2040,0
4041;2024-10-16;1;824;12;3;2550,0
4042;2023-11-14;5;774;13;2;1020,0
4043;2024-10-31;2;774;18;3;1020,0
4044;2024-11-07;2;62535;13;1;2040,0
4045;2024-12-05;5;3382;15;2;2550,0
4046;2024-08-29;2;3382;17;4;2550,0
4047;2026-08-06;2;18346;13;1;2550,0
4048;2024-12-16;3;40315;20;3;1020,0
4049;2024-02-12;4;91200;18;5;2040,0
4050;2023-08-24;4;898;9;4;2040,0
4051;2024-07-25;3;824;16;1;2550,0
4052;2023-06-04;1;40315;16;1;2550,0
4053;2025-02-24;4;62535;17;2;1530,0
4054;2024-02-24;5;18346;13;3;2040,0
4055;2023-04-09;4;898;14;4;1020,0
4056;2024-10-12;1;898;13;4;2550,0
4057;2024-07-21;1;91200;14;2;510,0
4058;2024-06-08;2;18346;8;1;510,0
4059;2025-12-16;3;62535;19;3;1530,0
4060;2025-05-26;2;85600;14;5;2550,0
4061;2026-08-08;5;85600;20;5;510,0
4062;2024-09-22;1;18346;18;1;1530,0
4063;2023-07-24;3;774;19;1;2040,0
4064;2026-02-06;5;810;13;4;1530,0
4065;2024-03-31;1;810;11;3;2040,0
4066;2026-03-06;5;898;20;1;2550,0
4067;2025-03-19;4;810;12;4;1020,0
4068;2023-10-16;4;3382;16;1;2550,0
4069;2026-07-19;3;898;21;1;2550,0
4070;2024-07-26;1;824;11;5;1020,0
4071;2026-04-10;5;62535;18;4;2550,0
4072;2025-03-14;4;85600;10;3;1530,0
4073;2023-09-27;4;774;12;5;1020,0
4074;2024-12-04;4;40315;10;3;2550,0
4075;2026-06-28;2;824;10;3;1530,0
4076;2024-09-09;4;774;16;3;2040,0
4077;2025-01-08;2;3382;13;5;2040,0
4078;2025-05-19;3;62535;13;3;1020,0
4079;2026-04-04;3;40315;19;1;1530,0
4080;2024-09-20;1;62535;10;5;510,0
4081;2024-06-16;4;898;11;5;1020,0
4082;2023-11-02;4;774;12;4;2040,0
4083;2025-01-13;2;62535;20;2;2550,0
4084;2024-12-25;4;85600;11;5;2550,0
4085;2023-05-30;4;91200;14;2;2040,0
4086;2023-08-27;4;85600;14;2;1530,0
4087;2023-02-23;3;85600;13;3;1530,0
4088;2025-01-01;1;898;11;5;2040,0
4089;2024-01-30;4;898;8;3;2040,0
4090;2023-05-18;3;824;17;3;2040,0
4091;2024-06-15;2;3382;10;4;1020,0
4092;2025-06-12;5;18346;21;2;1020,0
4093;2024-07-14;2;85600;10;3;1020,0
4094;2024-08-13;2;774;18;4;2550,0
4095;2026-08-24;5;91200;20;3;1020,0
4096;2023-07-12;4;3382;11;2;1530,0
4097;2023-09-22;1;85600;17;4;2040,0
4098;2024-05-17;4;774;21;5;2040,0
4099;2025-05-09;3;810;21;3;1530,0
4100;2025-11-25;3;810;9;5;1530,0
4101;2024-09-07;5;774;20;5;2550,0
4102;2026-01-22;5;824;18;4;2550,0
4103;2026-07-13;5;898;12;4;2550,0
4104;2025-03-11;5;898;11;4;1530,0
4105;2023-05-30;1;40315;10;1;2550,0
4106;2024-12-17;3;774;12;1;1530,0
4107;2024-03-01;2;898;14;1;510,0
4108;2025-09-20;4;774;10;1;1530,0
4109;2025-07-27;2;774;13;1;1530,0
4110;2024-04-19;4;824;17;4;2040,0
4111;2024-11-16;5;810;12;4;1020,0
4112;2026-07-01;5;824;14;2;1020,0
4113;2024-12-22;5;40315;10;2;2040,0
4114;2024-06-12;2;3382;14;4;510,0
4115;2023-01-18;2;898;10;3;1530,0
4116;2024-03-10;4;774;8;3;1530,0
4117;2025-01-16;4;40315;10;5;2550,0
4118;2024-03-01;5;810;19;5;2040,0
4119;2025-09-26;1;824;8;5;1530,0
4120;2023-12-08;3;824;14;3;2040,0
4121;2024-04-15;4;40315;17;1;2550,0
4122;2024-10-05;2;85600;18;4;2040,0
4123;2023-11-07;5;810;8;3;1530,0
4124;2025-10-26;2;62535;14;4;1530,0
4125;2025-02-09;4;40315;17;4;1020,0
4126;2024-09-19;4;3382;12;1;1020,0
4127;2023-09-21;4;40315;18;3;510,0
4128;2023-07-25;4;62535;21;5;1530,0
4129;2024-05-31;2;18346;10;5;1530,0
4130;2025-10-22;5;3382;15;3;2550,0
4131;2025-04-12;4;62535;11;3;1530,0
4132;2023-05-13;4;898;9;5;2040,0
4133;2025-09-14;3;18346;18;4;2550,0
4134;2024-06-25;4;3382;10;5;510,0
4135;2025-11-20;5;91200;8;5;2040,0
4136;2023-01-18;1;91200;8;3;1020,0
4137;2023-03-14;4;774;11;3;1530,0
4138;2024-03-11;1;91200;14;1;510,0
4139;2025-02-09;5;810;11;1;1530,0
4140;2025-05-15;3;91200;17;2;2550,0
4141;2024-06-21;5;18346;14;5;1530,0
4142;2023-06-14;2;62535;12;4;2550,0
4143;2024-05-31;1;85600;21;1;1530,0
4144;2023-05-13;5;18346;10;3;510,0
4145;2026-03-03;3;3382;17;1;2550,0
4146;2024-09-04;1;774;8;5;2040,0
4147;2025-09-13;3;62535;8;5;2550,0
4148;2026-03-18;2;774;19;4;2550,0
4149;2025-03-22;3;18346;12;1;510,0
4150;2026-02-16;4;62535;20;5;510,0
4151;2026-03-12;3;18346;16;2;1530,0
4152;2023-04-01;4;62535;20;2;2040,0
4153;2023-10-15;4;91200;8;1;2550,0
4154;2025-02-12;2;91200;18;5;2040,0
4155;2025-01-19;2;3382;11;5;1530,0
4156;2024-03-08;4;810;12;5;510,0
4157;2026-05-07;2;810;16;4;1020,0
4158;2024-03-10;4;3382;11;3;2550,0
4159;2026-04-20;3;91200;11;3;1020,0
4160;2024-05-12;5;40315;18;4;510,0
4161;2025-12-09;1;18346;13;4;1020,0
4162;2024-02-19;4;91200;12;2;2040,0
4163;2026-06-09;2;824;11;1;2040,0
4164;2024-06-24;5;774;14;5;510,0
4165;2024-03-04;1;774;14;1;510,0
4166;2024-02-05;2;824;12;3;2550,0
4167;2026-05-08;1;91200;10;4;1530,0
4168;2024-07-15;3;3382;9;1;1530,0
4169;2024-02-06;1;18346;8;2;1530,0
4170;2024-08-18;2;18346;21;5;1530,0
4171;2023-05-19;2;18346;12;5;2040,0
4172;2023-05-20;1;810;10;5;1530,0
4173;2025-07-21;3;91200;19;4;1530,0
4174;2025-01-24;5;85600;21;2;2040,0
4175;2024-11-25;2;3382;10;1;1530,0
4176;2026-05-27;4;62535;10;5;2550,0
4177;2023-11-21;2;774;12;5;1020,0
4178;2023-01-23;1;62535;16;1;1530,0
4179;2025-06-05;1;62535;11;5;1020,0
4180;2023-06-04;2;3382;8;1;510,0
4181;2026-07-25;1;18346;12;3;1020,0
4182;2026-08-03;5;3382;14;1;1530,0
4183;2025-04-04;3;91200;18;4;1530,0
4184;2023-09-10;2;3382;18;1;2550,0
4185;2024-09-05;5;18346;20;2;1020,0
4186;2024-05-19;3;810;21;5;510,0
4187;2023-12-31;4;18346;18;1;510,0
4188;2025-06-08;1;810;10;2;2550,0
4189;2025-08-03;4;774;21;5;1020,0
4190;2023-01-09;1;18346;11;5;2040,0
4191;2024-08-18;1;91200;8;1;1530,0
4192;2024-09-02;3;62535;12;4;2040,0
4193;2025-03-18;4;3382;11;5;510,0
4194;2025-07-29;4;3382;12;1;1530,0
4195;2024-12-29;2;898;19;4;1530,0
4196;2025-08-18;3;810;9;2;1020,0
4197;2024-12-29;5;3382;21;4;2550,0
4198;2025-05-08;3;810;18;3;510,0
4199;2026-01-11;5;898;11;5;510,0
4200;2026-05-20;4;898;14;2;510,0
4201;2023-04-14;2;824;14;3;2550,0
4202;2024-09-27;1;824;20;3;2550,0
4203;2025-06-07;4;85600;12;2;1020,0
4204;2024-08-20;3;3382;11;2;510,0
4205;2025-08-23;1;40315;17;1;2550,0
4206;2026-07-01;5;40315;20;2;2550,0
4207;2023-04-03;2;91200;20;4;2550,0
4208;2026-04-21;1;824;8;1;510,0
4209;2023-06-20;4;62535;12;3;2040,0
4210;2025-03-02;5;85600;12;4;1020,0
4211;2023-06-09;3;40315;17;1;1020,0
4212;2025-12-22;4;85600;14;4;1530,0
4213;2024-09-01;1;91200;16;4;2040,0
4214;2026-05-24;4;85600;17;5;2040,0
4215;2024-11-21;4;40315;8;3;510,0
4216;2026-03-15;5;774;15;2;1020,0
4217;2025-09-24;1;774;13;4;2550,0
4218;2026-06-26;2;85600;18;4;510,0
4219;2025-03-12;5;91200;21;5;2040,0
4220;2025-03-07;4;18346;13;4;1020,0
4221;2025-05-19;3;18346;17;4;2550,0
4222;2023-06-18;2;810;13;1;1020,0
4223;2023-11-14;3;824;16;3;510,0
4224;2024-09-09;3;62535;16;2;2040,0
4225;2026-02-11;4;40315;8;2;2040,0
4226;2024-12-06;5;774;13;1;2040,0
4227;2025-05-11;2;898;12;1;2550,0
4228;2024-03-17;3;85600;12;5;2550,0
4229;2026-02-04;3;85600;16;5;2550,0
4230;2023-05-19;3;3382;11;5;1020,0
4231;2026-06-24;3;91200;16;3;1020,0
4232;2025-10-23;1;824;15;3;1530,0
4233;2024-11-17;4;898;14;5;2550,0
4234;2023-02-26;5;3382;18;5;1020,0
4235;2023-09-06;1;810;10;4;2550,0
4236;2023-09-12;4;774;14;3;2040,0
4237;2025-11-28;3;91200;13;5;1020,0
4238;2023-10-02;1;62535;13;1;510,0
4239;2026-01-11;3;810;16;4;1530,0
4240;2024-04-12;2;824;21;3;1530,0
4241;2023-06-18;4;40315;8;3;2040,0
4242;2024-05-27;2;85600;10;3;1530,0
4243;2023-09-09;5;774;13;3;2040,0
4244;2024-10-02;4;898;20;3;2040,0
4245;2023-04-27;3;91200;10;3;510,0
4246;2025-12-03;4;3382;20;4;1020,0
4247;2024-08-30;2;40315;10;1;2550,0
4248;2025-06-07;4;810;15;3;510,0
4249;2023-05-02;1;810;19;2;1020,0
4250;2024-06-07;2;18346;11;5;2550,0
4251;2025-07-31;2;898;11;5;1530,0
4252;2025-02-08;1;18346;13;5;1020,0
4253;2026-08-29;4;91200;17;3;1020,0
4254;2024-07-04;4;898;16;2;1530,0
4255;2025-06-18;2;810;20;4;510,0
4256;2026-03-05;3;774;8;4;1020,0
4257;2023-12-04;3;18346;20;2;2550,0
4258;2025-01-28;5;85600;18;3;1020,0
4259;2024-10-27;5;774;17;1;2550,0
4260;2024-11-02;5;824;13;1;1530,0
4261;2025-11-08;5;18346;18;1;1020,0
4262;2024-08-26;2;18346;21;5;1530,0
4263;2026-07-24;2;91200;11;4;2550,0
4264;2025-09-20;4;810;14;1;2040,0
4265;2024-03-19;4;91200;20;4;1020,0
4266;2025-05-01;5;91200;17;3;2040,0
4267;2024-11-23;5;40315;11;4;1020,0
4268;2023-01-28;2;62535;17;5;2040,0
4269;2023-06-07;4;91200;16;4;1020,0
4270;2024-04-01;5;3382;8;1;2550,0
4271;2026-06-05;1;824;16;2;2040,0
4272;2023-06-01;2;3382;12;3;1530,0
4273;2024-04-11;3;898;20;1;1530,0
4274;2025-06-30;4;40315;20;5;510,0
4275;2026-02-15;2;810;16;3;1020,0
4276;2026-04-06;3;62535;13;3;2040,0
4277;2026-02-18;2;810;9;3;510,0
4278;2024-06-04;2;898;11;3;1020,0
4279;2023-01-14;1;18346;8;2;1020,0
4280;2026-03-05;2;824;16;5;2550,0
4281;2024-11-06;3;18346;11;1;1530,0
4282;2024-04-21;5;62535;15;3;1020,0
4283;2026-05-18;5;62535;14;1;2550,0
4284;2023-04-22;4;18346;13;3;1530,0
4285;2026-01-20;4;3382;15;1;2550,0
4286;2023-04-28;3;40315;15;5;1020,0
4287;2025-02-10;4;898;14;4;2040,0
4288;2024-09-29;1;85600;14;4;1020,0
4289;2025-11-01;1;91200;13;2;2040,0
4290;2026-04-06;4;824;15;5;1020,0
4291;2023-12-05;5;40315;16;5;1530,0
4292;2024-08-30;2;85600;8;4;1020,0
4293;2023-09-02;5;62535;9;5;2040,0
4294;2025-03-18;3;18346;19;1;1020,0
4295;2025-02-02;2;824;17;3;2550,0
4296;2023-01-20;1;91200;10;5;2040,0
4297;2024-09-14;2;18346;19;1;1530,0
4298;2023-03-04;4;18346;14;4;1530,0
4299;2023-10-02;1;3382;16;1;1530,0
4300;2025-05-25;2;774;14;3;1530,0
4301;2024-10-11;1;3382;15;2;510,0
4302;2026-08-19;3;810;9;5;2550,0
4303;2026-04-01;3;810;8;4;1020,0
4304;2026-04-10;3;824;19;5;510,0
4305;2025-03-13;1;85600;20;3;2040,0
4306;2025-11-20;3;91200;16;1;1020,0
4307;2025-02-09;1;810;20;4;510,0
4308;2025-09-01;2;824;21;3;1530,0
4309;2026-04-21;2;91200;10;5;1530,0
4310;2025-03-06;3;18346;15;4;510,0
4311;2026-02-21;2;85600;14;4;2040,0
4312;2025-02-19;2;91200;19;2;2040,0
4313;2023-11-14;5;62535;15;5;1530,0
4314;2023-02-10;5;3382;17;1;1020,0
4315;2024-05-01;4;40315;18;5;1530,0
4316;2025-08-08;2;824;11;5;1530,0
4317;2023-09-17;3;774;9;3;2040,0
4318;2023-10-25;2;91200;15;3;510,0
4319;2024-01-08;5;774;12;2;2040,0
4320;2023-09-30;3;898;19;2;2040,0
4321;2025-12-08;1;3382;17;4;1530,0
4322;2025-09-12;3;85600;13;5;2040,0
4323;2024-08-31;2;898;16;5;2550,0
4324;2023-06-02;1;40315;14;2;2040,0
4325;2025-05-29;4;824;13;2;1020,0
4326;2023-03-24;2;898;21;5;1020,0
4327;2025-02-12;1;898;17;3;1530,0
4328;2023-01-28;5;898;9;4;2550,0
4329;2023-07-19;3;40315;21;1;510,0
4330;2026-07-14;5;824;18;2;2040,0
4331;2025-10-19;3;824;16;1;1530,0
4332;2023-10-04;4;91200;16;2;1020,0
4333;2024-12-07;2;824;10;1;1530,0
4334;2026-08-29;2;3382;18;5;1020,0
4335;2026-02-02;5;62535;18;2;1530,0
4336;2026-05-28;1;898;18;3;2040,0
4337;2026-07-19;2;91200;11;3;2040,0
4338;2026-04-18;2;810;15;4;2550,0
4339;2024-09-04;1;40315;12;2;510,0
4340;2025-02-24;3;91200;13;3;1020,0
4341;2024-06-03;5;774;17;5;1020,0
4342;2023-09-05;3;40315;17;5;1020,0
4343;2023-06-02;4;18346;16;4;1020,0
4344;2024-12-11;5;62535;20;4;510,0
4345;2025-10-24;5;40315;12;4;1020,0
4346;2024-01-20;1;85600;13;4;510,0
4347;2024-01-29;4;91200;15;5;510,0
4348;2023-03-09;4;898;9;4;1530,0
4349;2023-03-22;3;40315;21;4;1020,0
4350;2026-02-28;4;898;11;2;2040,0
4351;2023-03-12;3;62535;11;3;510,0
4352;2024-11-25;2;824;19;5;510,0
4353;2026-08-16;3;85600;11;5;2040,0
4354;2025-09-14;3;898;12;2;1530,0
4355;2024-07-27;1;85600;20;2;1020,0
4356;2023-03-20;2;40315;20;4;1020,0
4357;2025-12-18;2;774;11;4;2550,0
4358;2025-04-06;3;40315;17;1;1530,0
4359;2025-08-09;5;40315;20;4;510,0
4360;2025-08-02;3;91200;18;1;1530,0
4361;2026-02-23;4;62535;20;1;2550,0
4362;2026-06-25;5;62535;21;4;510,0
4363;2026-06-07;1;810;21;3;510,0
4364;2023-08-05;4;91200;18;1;1020,0
4365;2026-08-05;2;3382;9;2;1530,0
4366;2025-04-06;1;62535;10;4;510,0
4367;2025-05-05;1;40315;9;2;1530,0
4368;2024-12-09;3;898;19;5;2040,0
4369;2024-05-20;2;85600;18;1;1020,0
4370;2025-04-20;4;810;9;2;1020,0
4371;2024-04-03;1;85600;15;1;2550,0
4372;2025-12-30;1;91200;8;2;510,0
4373;2025-11-14;4;85600;8;3;1530,0
4374;2025-12-12;3;40315;8;1;2040,0
4375;2024-01-07;3;774;20;4;2040,0
4376;2024-03-22;3;810;10;2;1530,0
4377;2025-08-15;4;91200;18;5;2550,0
4378;2026-01-02;3;3382;8;4;1020,0
4379;2026-02-05;4;774;19;3;1530,0
4380;2023-01-22;2;40315;13;4;1020,0
4381;2024-01-31;1;85600;16;1;1530,0
4382;2025-06-16;1;3382;20;1;1530,0
4383;2025-12-18;4;85600;8;5;2040,0
4384;2024-12-22;4;91200;17;5;510,0
4385;2026-01-19;4;824;14;1;2040,0
4386;2026-02-26;1;40315;12;3;2550,0
4387;2026-06-22;1;85600;17;1;1530,0
4388;2025-10-01;5;91200;18;3;1530,0
4389;2023-11-11;4;91200;9;5;2040,0
4390;2023-05-06;5;824;14;4;2550,0
4391;2024-08-15;3;810;15;4;1020,0
4392;2023-03-07;4;3382;19;5;1530,0
4393;2023-07-07;2;898;18;1;510,0
4394;2023-09-22;3;85600;11;3;510,0
4395;2025-07-22;1;85600;15;2;510,0
4396;2025-08-18;5;3382;14;1;1020,0
4397;2024-08-03;3;18346;19;2;1530,0
4398;2024-10-23;4;62535;18;4;2550,0
4399;2025-10-05;4;774;9;5;2040,0
4400;2024-10-21;3;824;13;1;1530,0
4401;2026-02-06;4;91200;17;4;2040,0
4402;2024-04-10;1;898;12;3;1530,0
4403;2023-01-22;4;774;16;2;1020,0
4404;2023-11-07;4;898;12;1;2550,0
4405;2024-01-17;3;898;13;2;1020,0
4406;2025-06-09;4;62535;20;5;1020,0
4407;2023-09-13;1;62535;12;3;1530,0
4408;2024-08-28;1;40315;11;3;2040,0
4409;2024-01-01;4;3382;11;5;1020,0
4410;2025-04-28;1;774;19;5;1530,0
4411;2023-11-30;1;810;19;5;2550,0
4412;2023-09-27;1;85600;17;5;510,0
4413;2025-06-18;2;824;15;5;1530,0
4414;2026-05-02;4;824;12;5;510,0
4415;2025-10-11;3;18346;19;1;1020,0
4416;2025-09-05;1;774;20;4;1530,0
4417;2026-08-28;2;898;14;4;2040,0
4418;2026-03-22;1;824;12;3;1530,0
4419;2023-02-10;3;18346;17;4;1530,0
4420;2024-02-08;4;898;10;2;1530,0
4421;2024-02-18;1;824;12;3;510,0
4422;2023-01-22;3;85600;9;2;1020,0
4423;2026-05-04;4;824;15;3;1530,0
4424;2024-11-18;3;85600;17;1;2550,0
4425;2023-07-06;2;898;12;3;1530,0
4426;2024-05-15;4;40315;17;2;510,0
4427;2023-02-07;1;91200;14;1;510,0
4428;2023-06-03;1;85600;20;5;2040,0
4429;2026-05-24;4;824;15;1;2550,0
4430;2024-07-22;2;62535;11;4;1530,0
4431;2023-12-14;2;85600;18;1;1020,0
4432;2023-11-11;1;91200;16;5;2550,0
4433;2026-01-01;1;810;16;2;2040,0
4434;2025-05-22;2;40315;13;1;1020,0
4435;2026-04-19;2;774;11;5;510,0
4436;2025-10-21;3;3382;14;5;1530,0
4437;2025-04-04;1;91200;12;5;1530,0
4438;2024-08-09;4;774;14;2;2550,0
4439;2025-03-28;5;40315;14;1;1530,0
4440;2024-12-09;5;810;19;5;1530,0
4441;2025-08-20;1;91200;11;2;1530,0
4442;2024-08-18;5;18346;17;1;2550,0
4443;2025-05-14;5;62535;18;1;1530,0
4444;2024-09-12;1;3382;9;3;2040,0
4445;2023-08-22;5;810;13;4;2040,0
4446;2023-02-12;1;62535;14;3;2040,0
4447;2024-12-07;4;774;21;2;2040,0
4448;2023-06-17;1;898;8;1;1020,0
4449;2025-06-10;5;40315;20;3;2550,0
4450;2023-07-10;3;898;8;1;510,0
4451;2023-06-07;5;91200;21;1;1530,0
4452;2026-08-19;1;774;11;1;1020,0
4453;2026-08-28;3;774;17;3;2550,0
4454;2026-07-27;1;3382;12;2;1020,0
4455;2024-01-09;4;810;8;1;2040,0
4456;2023-06-29;2;898;15;1;2550,0
4457;2025-11-14;4;898;19;3;2040,0
4458;2024-10-05;5;810;16;2;2040,0
4459;2025-04-13;3;91200;14;2;510,0
4460;2025-01-01;3;3382;11;2;1530,0
4461;2023-01-19;5;810;10;4;2040,0
4462;2023-04-15;5;774;8;5;1530,0
4463;2024-08-08;5;810;18;2;510,0
4464;2026-05-13;3;898;17;5;510,0
4465;2026-05-19;5;18346;14;3;1530,0
4466;2025-08-09;3;774;18;3;2550,0
4467;2025-08-13;3;18346;13;4;2550,0
4468;2025-01-11;4;40315;17;5;510,0
4469;2023-11-13;5;85600;17;5;1020,0
4470;2024-07-08;2;810;11;3;510,0
4471;2023-07-27;1;3382;12;3;510,0
4472;2026-07-27;1;810;18;1;2550,0
4473;2023-08-25;3;3382;13;5;2040,0
4474;2026-03-01;5;91200;15;1;510,0
4475;2023-04-09;2;810;21;5;1020,0
4476;2026-07-13;2;810;19;5;2040,0
4477;2023-04-10;1;824;20;4;1530,0
4478;2024-11-08;1;824;15;2;1530,0
4479;2024-10-26;5;91200;18;1;2550,0
4480;2024-06-03;4;40315;10;2;1530,0
4481;2024-01-02;5;774;13;5;1530,0
4482;2025-06-30;2;85600;18;2;1530,0
4483;2023-07-22;1;3382;15;5;1020,0
4484;2024-11-09;4;85600;11;4;1020,0
4485;2026-06-08;2;40315;13;4;1020,0
4486;2025-12-29;2;3382;17;3;2550,0
4487;2023-07-28;1;62535;12;2;1530,0
4488;2025-11-24;4;824;9;3;2550,0
4489;2024-07-29;3;898;8;3;2040,0
4490;2023-03-22;5;18346;9;1;510,0
4491;2023-08-14;4;898;15;1;2550,0
4492;2023-08-19;4;85600;20;5;1530,0
4493;2025-04-02;3;774;18;3;1530,0
4494;2024-10-11;5;85600;21;4;2550,0
4495;2026-05-18;4;18346;13;5;2040,0
4496;2025-07-04;1;774;21;2;1530,0
4497;2023-05-24;2;810;19;4;1530,0
4498;2024-04-19;3;85600;13;2;1020,0
4499;2025-08-26;4;40315;9;4;2550,0
4500;2023-09-10;5;62535;20;5;1530,0
4501;2026-01-04;4;824;11;3;2550,0
4502;2024-02-27;2;91200;13;3;2040,0
4503;2026-01-05;4;85600;17;4;2550,0
4504;2026-01-13;3;898;14;5;1530,0
4505;2025-01-31;4;824;8;4;510,0
4506;2026-06-07;5;62535;20;2;1020,0
4507;2026-03-25;1;91200;13;5;1530,0
4508;2026-04-23;3;18346;11;5;1020,0
4509;2023-06-23;2;810;8;4;2040,0
4510;2025-07-18;5;91200;8;4;1530,0
4511;2024-08-23;2;40315;13;2;510,0
4512;2024-03-16;1;810;21;4;1530,0
4513;2024-12-25;1;62535;10;1;2550,0
4514;2024-10-20;2;774;17;2;2040,0
4515;2023-12-26;3;62535;20;2;510,0
4516;2024-05-07;1;40315;15;5;510,0
4517;2023-09-26;5;810;20;4;2550,0
4518;2024-01-06;2;85600;17;4;510,0
4519;2023-04-08;1;810;21;1;510,0
4520;2024-09-05;5;810;10;4;1530,0
4521;2024-11-04;2;3382;11;4;2040,0
4522;2025-01-09;3;898;17;5;510,0
4523;2025-02-23;2;774;19;3;2550,0
4524;2026-04-10;1;91200;13;2;510,0
4525;2024-01-04;2;62535;13;1;1020,0
4526;2023-08-27;3;40315;15;5;2040,0
4527;2025-05-04;1;85600;19;1;1020,0
4528;2025-02-13;4;18346;12;4;510,0
4529;2024-05-14;3;62535;10;5;2040,0
4530;2024-11-04;3;91200;14;3;2040,0
4531;2025-12-09;1;40315;17;1;1530,0
4532;2024-07-27;4;824;13;1;1020,0
4533;2025-09-22;2;824;16;2;1020,0
4534;2025-01-01;4;810;14;1;510,0
4535;2024-11-02;1;91200;10;1;1020,0
4536;2025-12-06;2;824;10;1;2040,0
4537;2024-01-21;3;91200;21;4;510,0
4538;2026-06-09;5;3382;9;1;2040,0
4539;2024-05-14;5;898;11;2;1020,0
4540;2025-12-08;1;18346;16;2;2040,0
4541;2024-01-16;5;40315;20;5;1530,0
4542;2023-01-24;3;3382;12;1;510,0
4543;2025-06-20;1;810;12;4;510,0
4544;2023-04-29;3;3382;13;2;1020,0
4545;2025-11-24;1;898;13;4;510,0
4546;2026-07-14;4;3382;9;4;1020,0
4547;2023-07-31;4;3382;17;1;2550,0
4548;2025-01-08;3;91200;10;2;2550,0
4549;2026-01-17;5;824;8;3;2550,0
4550;2026-05-02;4;898;17;5;1530,0
4551;2023-07-23;1;810;17;5;1530,0
4552;2023-08-24;3;810;18;3;2550,0
4553;2026-07-17;5;810;19;4;2040,0
4554;2023-01-10;1;40315;11;1;2550,0
4555;2023-02-16;1;91200;8;3;2550,0
4556;2025-01-17;5;91200;11;2;2040,0
4557;2025-04-28;2;91200;8;5;510,0
4558;2025-10-12;4;18346;16;5;510,0
4559;2023-04-17;1;810;13;4;510,0
4560;2024-01-29;3;824;20;4;2040,0
4561;2023-01-17;5;40315;15;4;2040,0
4562;2023-10-05;3;810;10;5;510,0
4563;2024-02-12;4;91200;12;1;2040,0
4564;2023-01-29;2;898;9;1;510,0
4565;2024-04-26;2;810;13;3;1020,0
4566;2026-08-19;4;18346;10;1;2550,0
4567;2023-05-07;5;898;13;4;1020,0
4568;2023-03-17;1;40315;19;3;2550,0
4569;2024-05-24;4;824;10;2;510,0
4570;2024-03-08;5;85600;18;1;510,0
4571;2024-02-04;3;18346;9;3;2550,0
4572;2024-09-15;2;774;10;1;1020,0
4573;2025-08-26;3;40315;19;1;2040,0
4574;2024-01-08;1;18346;9;5;2040,0
4575;2023-03-22;2;40315;13;5;2040,0
4576;2026-06-14;1;18346;21;4;1530,0
4577;2024-10-30;4;18346;15;1;1020,0
4578;2023-12-19;5;62535;18;2;2550,0
4579;2025-06-29;2;40315;15;4;2550,0
4580;2024-09-08;4;810;11;2;1530,0
4581;2024-05-24;1;91200;12;5;1530,0
4582;2024-05-07;5;62535;21;5;1530,0
4583;2024-02-26;1;40315;16;3;2550,0
4584;2023-03-18;4;40315;9;2;2040,0
4585;2025-03-25;5;40315;10;3;510,0
4586;2023-08-29;3;85600;18;1;1020,0
4587;2024-03-10;5;85600;11;3;2040,0
4588;2025-11-03;4;810;10;2;1530,0
4589;2025-09-10;2;18346;12;2;2040,0
4590;2025-10-13;1;91200;18;3;510,0
4591;2025-03-01;4;810;10;2;2550,0
4592;2025-12-26;2;62535;12;3;2550,0
4593;2023-08-13;2;774;16;5;2040,0
4594;2023-02-11;5;824;14;3;2040,0
4595;2024-12-09;3;898;14;2;2550,0
4596;2025-05-10;5;62535;11;5;2550,0
4597;2025-12-05;2;3382;20;4;1020,0
4598;2023-08-19;2;898;18;5;510,0
4599;2026-07-06;2;774;20;2;2040,0
4600;2023-06-30;1;810;13;5;1020,0
4601;2023-10-22;2;3382;11;3;2550,0
4602;2024-08-15;3;91200;15;5;2550,0
4603;2023-11-05;5;62535;18;2;1530,0
4604;2025-01-22;4;85600;15;2;2040,0
4605;2023-12-11;5;91200;17;5;1020,0
4606;2023-02-06;2;62535;15;5;510,0
4607;2024-09-29;5;62535;10;2;1530,0
4608;2025-10-09;2;85600;11;3;1530,0
4609;2023-12-02;1;824;8;1;510,0
4610;2024-06-13;3;824;20;2;1020,0
4611;2026-08-10;2;62535;8;5;1530,0
4612;2024-10-24;5;898;9;5;510,0
4613;2024-11-27;2;85600;13;1;510,0
4614;2025-07-06;2;774;19;1;510,0
4615;2024-06-16;1;810;19;3;2040,0
4616;2026-02-13;5;40315;15;4;2550,0
4617;2026-08-08;4;62535;14;5;1020,0
4618;2023-06-03;5;62535;19;5;1530,0
4619;2023-09-30;1;810;15;3;1530,0
4620;2025-11-06;1;774;13;3;2040,0
4621;2023-11-09;1;91200;14;1;1020,0
4622;2025-04-19;3;3382;17;2;1020,0
4623;2024-12-01;5;898;10;5;2550,0
4624;2023-02-18;4;40315;9;4;1020,0
4625;2026-02-17;3;91200;14;3;2040,0
4626;2023-09-25;3;898;18;2;1530,0
4627;2024-06-03;3;91200;10;2;1530,0
4628;2024-01-21;3;91200;15;2;2040,0
4629;2025-07-25;3;810;19;3;2040,0
4630;2025-04-04;2;91200;14;4;1530,0
4631;2025-05-12;3;774;21;3;2550,0
4632;2025-03-26;4;3382;18;5;2040,0
4633;2026-08-16;2;91200;8;1;510,0
4634;2023-02-05;4;62535;20;5;1020,0
4635;2024-04-04;4;810;11;4;1020,0
4636;2025-12-24;1;810;13;5;1020,0
4637;2025-09-16;3;18346;12;2;1530,0
4638;2026-01-18;3;3382;10;5;2550,0
4639;2024-03-02;3;898;9;1;510,0
4640;2023-02-19;3;40315;9;2;2550,0
4641;2026-04-09;3;3382;13;2;2040,0
4642;2023-08-23;2;62535;16;4;1530,0
4643;2024-03-12;5;85600;12;1;510,0
4644;2026-04-11;3;824;18;4;1020,0
4645;2025-10-09;2;898;18;1;1020,0
4646;2024-05-15;5;18346;13;3;1020,0
4647;2025-04-28;1;824;15;3;2040,0
4648;2023-10-03;2;774;13;4;1530,0
4649;2023-02-06;3;3382;19;3;1020,0
4650;2025-03-27;2;40315;20;2;2550,0
4651;2025-07-29;4;898;17;1;1020,0
4652;2024-01-02;5;3382;8;5;1530,0
4653;2023-10-16;2;91200;18;5;2550,0
4654;2025-06-23;5;3382;19;5;1020,0
4655;2026-07-06;2;40315;14;3;510,0
4656;2025-03-16;4;3382;13;5;510,0
4657;2026-01-09;1;62535;9;4;1020,0
4658;2026-04-02;1;85600;14;4;2550,0
4659;2024-09-10;3;810;16;4;510,0
4660;2024-06-17;3;40315;21;5;1020,0
4661;2023-04-27;3;774;12;1;1530,0
4662;2026-02-08;4;40315;21;3;2550,0
4663;2025-12-29;5;62535;8;1;510,0
4664;2025-08-14;1;62535;14;5;2040,0
4665;2026-06-01;3;810;20;4;1020,0
4666;2026-08-17;2;898;16;5;510,0
4667;2023-09-07;2;810;15;5;1020,0
4668;2024-06-09;3;91200;18;5;1530,0
4669;2023-02-15;5;40315;8;4;2550,0
4670;2024-09-07;3;774;17;1;1020,0
4671;2023-05-28;5;774;10;5;1530,0
4672;2023-03-16;2;91200;17;1;510,0
4673;2025-05-03;5;898;17;2;1530,0
4674;2026-01-26;2;62535;19;4;2550,0
4675;2025-05-10;2;18346;18;5;2550,0
4676;2023-04-17;5;91200;11;5;1530,0
4677;2025-01-09;2;85600;11;5;510,0
4678;2025-01-06;1;898;16;4;1530,0
4679;2026-04-25;1;774;19;4;2550,0
4680;2026-05-06;2;898;8;3;1530,0
4681;2023-05-03;5;3382;17;3;2040,0
4682;2023-03-13;3;91200;18;3;510,0
4683;2026-06-02;4;40315;13;1;1530,0
4684;2024-05-20;5;85600;8;2;2040,0
4685;2024-01-28;4;824;14;2;2040,0
4686;2024-01-27;4;62535;21;5;2040,0
4687;2024-04-25;1;91200;21;3;510,0
4688;2024-10-17;2;62535;18;1;510,0
4689;2023-06-23;3;62535;17;3;1020,0
4690;2025-11-16;5;18346;18;4;1020,0
4691;2023-11-25;2;18346;21;5;2040,0
4692;2025-07-17;2;91200;8;1;2040,0
4693;2025-07-04;2;62535;10;1;510,0
4694;2025-09-04;2;18346;13;4;2040,0
4695;2024-01-12;1;62535;9;4;1020,0
4696;2023-02-03;2;62535;19;4;1020,0
4697;2026-07-15;3;85600;14;4;510,0
4698;2025-04-16;4;40315;18;4;1020,0
4699;2024-11-25;2;774;16;2;1020,0
4700;2026-05-31;2;62535;19;1;1020,0
4701;2023-02-04;1;824;16;4;510,0
4702;2025-06-16;4;18346;10;5;1530,0
4703;2025-09-07;5;898;18;5;1530,0
4704;2024-03-23;3;40315;16;4;510,0
4705;2025-11-14;3;3382;16;3;2550,0
4706;2026-07-15;1;62535;19;4;2550,0
4707;2023-11-25;1;774;21;4;2040,0
4708;2023-09-09;1;62535;9;3;2550,0
4709;2025-07-01;2;62535;8;5;510,0
4710;2023-04-26;4;62535;21;5;2040,0
4711;2025-04-08;3;18346;14;1;2040,0
4712;2026-06-21;2;85600;19;1;2550,0
4713;2025-12-29;2;898;12;5;1530,0
4714;2025-04-04;3;40315;11;5;1530,0
4715;2023-06-02;4;774;8;2;2040,0
4716;2026-05-01;2;3382;19;2;510,0
4717;2025-05-03;2;898;8;4;1530,0
4718;2025-03-04;5;40315;9;2;1020,0
4719;2024-02-09;1;774;12;1;510,0
4720;2025-01-26;1;810;12;3;510,0
4721;2023-08-10;3;3382;18;2;510,0
4722;2024-07-16;4;774;18;4;1020,0
4723;2024-08-16;1;810;20;1;2550,0
4724;2025-08-06;5;40315;15;3;2550,0
4725;2026-07-11;1;774;15;2;2550,0
4726;2026-08-22;4;774;20;1;2550,0
4727;2025-05-16;4;91200;16;5;1530,0
4728;2026-06-18;3;40315;12;4;1530,0
4729;2025-05-16;4;898;17;2;1020,0
4730;2024-01-29;2;824;14;2;2550,0
4731;2024-09-07;5;18346;20;4;2040,0
4732;2025-01-13;4;91200;17;5;510,0
4733;2024-07-07;4;40315;20;1;1020,0
4734;2024-06-13;5;824;16;3;2550,0
4735;2023-05-26;3;62535;12;3;1530,0
4736;2026-01-30;5;62535;16;1;2550,0
4737;2024-04-10;2;898;16;5;1020,0
4738;2023-09-01;1;898;18;1;2550,0
4739;2025-01-29;5;824;16;2;1530,0
4740;2025-01-06;3;3382;19;4;1530,0
4741;2025-04-09;3;62535;12;5;2550,0
4742;2026-06-16;3;774;12;5;510,0
4743;2026-02-21;4;3382;19;1;510,0
4744;2025-10-18;4;898;20;2;2040,0
4745;2026-05-21;1;824;11;2;510,0
4746;2024-04-01;1;810;15;2;510,0
4747;2023-03-21;2;18346;13;3;2550,0
4748;2024-03-06;5;810;13;4;510,0
4749;2024-04-07;5;62535;13;1;2040,0
4750;2023-08-18;1;85600;10;1;510,0
4751;2024-09-11;2;774;14;3;1020,0
4752;2023-06-04;1;898;14;5;510,0
4753;2024-02-29;2;810;14;2;510,0
4754;2023-10-22;4;40315;10;3;1530,0
4755;2026-03-06;3;85600;21;2;1020,0
4756;2024-11-14;4;3382;14;1;1020,0
4757;2026-04-22;2;85600;9;2;1530,0
4758;2023-12-15;2;91200;8;2;1530,0
4759;2024-01-23;5;774;20;3;1020,0
4760;2025-01-08;5;898;15;5;2550,0
4761;2026-01-10;3;898;20;3;1020,0
4762;2025-09-09;2;91200;12;3;1530,0
4763;2025-04-26;1;824;20;5;2040,0
4764;2024-08-31;1;91200;8;2;510,0
4765;2025-05-19;3;62535;15;4;2550,0
4766;2025-02-27;1;85600;18;2;510,0
4767;2023-06-01;4;810;8;2;2040,0
4768;2025-05-10;5;18346;9;5;1530,0
4769;2026-05-24;1;85600;19;5;2550,0
4770;2025-03-30;1;40315;9;5;1530,0
4771;2024-05-29;4;91200;18;1;2040,0
4772;2024-06-12;2;62535;21;4;1530,0
4773;2025-03-04;1;824;15;1;1530,0
4774;2026-01-21;2;62535;9;5;2040,0
4775;2025-12-21;5;774;15;4;510,0
4776;2026-07-23;1;40315;19;4;510,0
4777;2025-07-21;1;85600;21;4;2040,0
4778;2025-08-23;3;18346;20;1;2550,0
4779;2026-07-21;4;85600;20;5;2040,0
4780;2026-08-09;2;62535;13;4;510,0
4781;2024-12-08;5;898;21;1;2550,0
4782;2023-05-22;4;85600;13;3;1530,0
4783;2024-08-13;5;62535;11;3;1530,0
4784;2024-06-26;5;774;16;2;1530,0
4785;2026-04-10;4;824;9;1;1530,0
4786;2023-08-07;5;810;20;4;2550,0
4787;2026-07-27;1;91200;19;5;2550,0
4788;2025-07-21;1;810;13;5;2040,0
4789;2023-11-08;4;62535;8;1;1020,0
4790;2026-08-23;4;91200;14;4;1530,0
4791;2024-05-21;5;18346;18;5;510,0
4792;2025-11-05;4;810;9;2;1530,0
4793;2024-02-10;3;85600;18;4;510,0
4794;2024-03-24;1;774;14;2;2550,0
4795;2023-09-17;5;810;12;4;2550,0
4796;2025-03-22;4;85600;13;1;2040,0
4797;2024-08-17;5;898;10;3;1530,0
4798;2024-11-01;2;824;17;5;1020,0
4799;2023-08-25;1;774;9;1;510,0
4800;2023-07-25;3;774;12;5;2550,0
4801;2023-03-13;4;810;21;3;1530,0
4802;2025-07-11;1;18346;20;1;2550,0
4803;2023-01-11;1;91200;13;5;1020,0
4804;2025-08-01;5;40315;10;1;2040,0
4805;2025-11-17;2;62535;13;3;2040,0
4806;2026-02-22;2;18346;12;1;2040,0
4807;2025-07-15;1;824;20;5;2040,0
4808;2026-02-04;2;62535;19;1;1530,0
4809;2026-01-27;1;18346;13;1;1020,0
4810;2023-12-29;2;810;11;2;1020,0
4811;2024-07-15;1;898;8;3;510,0
4812;2025-11-02;1;774;9;2;1530,0
4813;2025-06-06;2;810;10;3;2550,0
4814;2025-04-03;5;62535;8;2;2040,0
4815;2025-11-09;3;62535;13;1;2040,0
4816;2025-04-12;4;62535;11;4;2550,0
4817;2023-11-04;5;3382;11;1;1530,0
4818;2025-08-31;4;824;10;3;2550,0
4819;2026-01-06;3;85600;8;4;2550,0
4820;2025-07-14;1;85600;15;4;1530,0
4821;2025-11-16;1;62535;17;3;1530,0
4822;2024-11-04;1;898;11;3;2550,0
4823;2025-03-21;5;62535;21;4;2040,0
4824;2025-11-15;2;91200;12;4;1020,0
4825;2023-09-20;3;810;14;2;2550,0
4826;2025-11-16;1;85600;20;4;2040,0
4827;2025-06-04;3;810;21;2;2040,0
4828;2023-03-29;2;18346;20;2;510,0
4829;2023-07-15;1;91200;21;2;1020,0
4830;2026-01-26;4;810;13;3;510,0
4831;2024-11-11;4;18346;11;4;1530,0
4832;2025-11-22;3;18346;20;4;510,0
4833;2024-03-01;4;40315;9;1;2550,0
4834;2024-09-18;2;18346;8;4;510,0
4835;2024-11-27;2;85600;18;3;1530,0
4836;2023-02-24;2;18346;11;4;2550,0
4837;2024-09-16;2;40315;15;2;2040,0
4838;2025-05-26;4;91200;17;4;1530,0
4839;2025-04-20;3;40315;9;4;1020,0
4840;2026-08-08;4;40315;10;4;1020,0
4841;2026-08-08;2;40315;14;1;2550,0
4842;2024-02-14;2;40315;15;3;1020,0
4843;2026-04-30;2;3382;16;2;2550,0
4844;2025-11-29;2;810;14;1;2040,0
4845;2024-02-22;2;824;18;1;1530,0
4846;2026-02-23;4;3382;11;1;2040,0
4847;2025-08-10;5;18346;12;5;510,0
4848;2024-01-05;5;85600;11;5;2040,0
4849;2025-04-28;3;810;19;4;1020,0
4850;2026-08-15;5;40315;8;3;510,0
4851;2025-02-19;2;85600;19;1;2550,0
4852;2025-03-15;1;824;14;4;510,0
4853;2024-04-06;5;62535;8;2;510,0
4854;2024-05-16;2;62535;16;5;2040,0
4855;2025-12-19;1;91200;12;3;510,0
4856;2024-03-09;3;62535;9;1;510,0
4857;2025-03-27;5;774;10;2;1530,0
4858;2023-09-27;1;824;11;5;2040,0
4859;2024-01-19;3;824;11;1;1530,0
4860;2024-05-25;2;18346;12;5;2040,0
4861;2024-06-20;5;85600;15;3;2550,0
4862;2025-09-07;4;774;11;5;510,0
4863;2024-12-20;3;810;20;3;2040,0
4864;2025-06-15;2;774;21;4;1020,0
4865;2023-10-20;1;40315;20;5;510,0
4866;2025-03-09;2;3382;21;5;1020,0
4867;2025-07-19;4;18346;20;2;1530,0
4868;2024-06-07;4;18346;8;2;2550,0
4869;2023-05-06;4;3382;12;2;1530,0
4870;2025-01-08;4;810;10;1;2550,0
4871;2024-02-27;4;85600;16;4;1020,0
4872;2026-06-15;3;91200;20;1;1020,0
4873;2023-02-14;2;898;15;1;2550,0
4874;2023-03-16;5;18346;12;2;2040,0
4875;2024-12-11;1;774;13;1;2550,0
4876;2023-02-09;2;62535;13;5;510,0
4877;2024-04-06;2;85600;14;4;1530,0
4878;2023-09-14;5;3382;20;3;2040,0
4879;2024-08-04;4;18346;17;3;1020,0
4880;2024-07-06;4;898;16;4;1020,0
4881;2024-09-15;1;898;16;1;2040,0
4882;2026-01-05;5;85600;20;2;2550,0
4883;2025-12-01;1;85600;16;2;1530,0
4884;2026-01-10;5;898;16;1;1020,0
4885;2024-01-31;5;18346;11;5;1530,0
4886;2025-10-13;2;898;10;1;1530,0
4887;2025-08-26;2;774;21;1;2040,0
4888;2025-05-12;4;62535;14;3;510,0
4889;2023-11-01;5;824;12;4;1020,0
4890;2025-04-27;3;3382;21;2;1020,0
4891;2023-04-24;1;40315;21;1;510,0
4892;2023-08-12;3;898;11;1;510,0
4893;2024-10-08;5;62535;15;3;1530,0
4894;2024-06-19;5;18346;13;1;1020,0
4895;2023-04-11;3;3382;17;4;1530,0
4896;2026-04-13;2;774;21;5;1020,0
4897;2023-12-26;3;18346;14;3;510,0
4898;2023-03-28;1;18346;21;1;1020,0
4899;2023-07-17;3;810;12;1;510,0
4900;2026-04-17;1;774;12;2;1020,0
4901;2023-05-23;4;62535;13;2;2040,0
4902;2024-11-09;4;3382;13;1;1020,0
4903;2026-05-11;3;824;17;3;1020,0
4904;2024-10-13;4;91200;13;2;1020,0
4905;2023-09-13;2;810;19;1;2040,0
4906;2025-11-29;5;810;19;1;1020,0
4907;2025-02-01;1;810;8;4;2550,0
4908;2025-12-12;4;824;14;5;510,0
4909;2023-02-10;4;18346;20;2;2550,0
4910;2026-02-02;4;18346;11;2;1020,0
4911;2023-07-14;1;810;19;1;1530,0
4912;2026-07-30;3;774;10;4;1530,0
4913;2024-10-03;1;824;20;2;1530,0
4914;2024-06-07;5;898;16;4;2550,0
4915;2026-07-23;5;3382;9;2;1530,0
4916;2024-04-01;2;824;11;3;1020,0
4917;2025-10-03;2;18346;18;3;1530,0
4918;2025-08-31;5;40315;17;1;2550,0
4919;2025-06-01;5;898;15;4;2040,0
4920;2026-03-08;1;91200;18;5;1020,0
4921;2024-11-27;5;3382;8;5;1530,0
4922;2026-02-14;1;18346;13;2;1020,0
4923;2025-09-19;3;91200;16;1;2040,0
4924;2026-04-14;4;91200;20;4;1020,0
4925;2026-07-08;3;91200;21;2;510,0
4926;2025-08-23;5;91200;13;5;510,0
4927;2025-08-08;3;774;13;2;2040,0
4928;2023-06-30;1;18346;13;5;2040,0
4929;2024-06-04;2;62535;17;2;2040,0
4930;2025-06-26;3;824;15;2;1530,0
4931;2025-04-07;2;898;21;4;2550,0
4932;2025-03-31;3;810;16;4;1530,0
4933;2023-11-07;3;40315;11;5;2040,0
4934;2025-01-31;5;62535;10;1;2550,0
4935;2024-08-07;3;18346;18;3;1020,0
4936;2026-08-02;1;898;20;3;1020,0
4937;2023-06-18;1;3382;18;1;2550,0
4938;2023-02-24;3;18346;11;1;2040,0
4939;2025-06-23;2;898;18;5;510,0
4940;2023-08-28;3;62535;21;5;2550,0
4941;2025-08-14;5;40315;13;4;1530,0
4942;2025-01-27;4;810;15;3;2040,0
4943;2024-10-18;4;3382;11;4;2040,0
4944;2023-07-27;5;91200;18;2;510,0
4945;2024-08-18;4;85600;12;2;2040,0
4946;2023-12-28;2;91200;10;5;1020,0
4947;2024-01-12;2;898;16;1;1530,0
4948;2026-05-14;3;810;12;4;2040,0
4949;2026-05-10;2;85600;16;2;1530,0
4950;2024-06-22;2;824;12;5;2550,0
4951;2023-09-21;1;40315;13;4;2550,0
4952;2025-12-10;3;18346;17;3;1530,0
4953;2023-05-16;5;91200;9;4;1530,0
4954;2023-12-16;5;40315;9;5;1530,0
4955;2025-04-25;4;62535;11;4;2040,0
4956;2025-07-03;3;810;19;1;510,0
4957;2024-07-05;5;85600;9;3;2550,0
4958;2024-01-12;4;774;12;4;2550,0
4959;2025-08-01;5;898;13;1;2550,0
4960;2024-02-07;2;810;14;4;2550,0
4961;2023-06-02;1;18346;16;4;1020,0
4962;2026-05-09;3;898;9;4;2040,0
4963;2026-05-15;3;898;17;3;2040,0
4964;2025-06-05;5;824;14;5;1530,0
4965;2024-01-05;3;91200;14;5;2550,0
4966;2025-08-07;4;898;11;1;2040,0
4967;2026-07-08;4;824;20;1;2550,0
4968;2026-01-13;4;3382;19;4;2550,0
4969;2025-01-20;2;898;16;1;2550,0
4970;2023-06-27;4;85600;12;5;1020,0
4971;2024-10-08;5;40315;9;1;2040,0
4972;2023-07-26;3;810;16;4;1530,0
4973;2026-01-29;4;3382;9;1;510,0
4974;2025-05-27;3;85600;13;1;2550,0
4975;2023-11-19;3;40315;19;2;1020,0
4976;2023-01-04;3;898;16;4;510,0
4977;2025-02-06;3;18346;10;4;1020,0
4978;2025-01-26;3;3382;9;1;1020,0
4979;2025-06-12;5;810;15;1;510,0
4980;2024-06-24;4;62535;19;1;510,0
4981;2026-07-17;4;824;10;1;510,0
4982;2023-07-07;3;810;18;2;1020,0
4983;2026-06-16;3;810;14;1;2550,0
4984;2024-06-04;2;91200;9;1;1530,0
4985;2024-06-13;2;91200;16;1;2040,0
4986;2024-07-01;4;40315;19;4;510,0
4987;2025-10-28;3;40315;11;1;1530,0
4988;2026-04-07;5;85600;8;2;2040,0
4989;2023-02-09;2;898;14;4;1530,0
4990;2025-01-29;5;824;16;5;1530,0
4991;2025-09-19;4;18346;21;1;1530,0
4992;2024-01-18;3;774;20;3;2040,0
4993;2025-01-11;5;85600;18;5;1020,0
4994;2024-03-21;4;18346;13;3;1530,0
4995;2023-12-12;1;824;18;3;510,0
4996;2024-05-02;5;824;15;4;510,0
4997;2024-05-22;1;91200;9;5;1530,0
4998;2023-12-01;2;85600;9;4;2550,0
4999;2024-09-07;4;85600;9;1;2040,0
5000;2023-06-08;4;774;14;4;1020,0
5001;2026-03-26;4;85600;14;4;2040,0
5002;2023-05-30;5;774;19;2;1530,0
5003;2025-06-24;1;824;11;3;1530,0
5004;2026-06-07;1;18346;17;1;510,0
5005;2025-08-18;2;91200;19;4;2550,0
5006;2024-08-09;2;3382;12;4;620,0
5007;2024-07-23;1;85600;19;3;1860,0
5008;2024-02-20;4;40315;11;5;2480,0
5009;2024-08-06;1;91200;9;4;1860,0
5010;2023-03-01;5;898;20;3;2480,0
5011;2023-12-06;1;18346;21;4;2480,0
5012;2024-08-17;2;85600;13;2;1240,0
5013;2023-04-29;2;898;17;1;3100,0
5014;2023-11-26;1;40315;18;5;2480,0
5015;2026-06-12;4;810;14;4;3100,0
5016;2023-10-17;1;810;17;2;1240,0
5017;2025-06-06;1;898;15;2;1860,0
5018;2024-12-01;4;810;20;4;1860,0
5019;2025-10-06;4;85600;21;5;620,0
5020;2025-09-22;5;62535;8;3;1860,0
5021;2025-01-20;1;774;12;5;3100,0
5022;2025-02-18;2;91200;15;3;2480,0
5023;2024-01-11;2;810;20;5;3100,0
5024;2026-01-05;5;40315;18;4;1860,0
5025;2024-12-17;5;40315;10;2;2480,0
5026;2023-07-04;3;18346;16;3;3100,0
5027;2023-09-21;5;774;20;1;3100,0
5028;2023-04-07;4;824;13;2;1240,0
5029;2023-02-26;1;85600;11;2;2480,0
5030;2025-06-01;1;62535;9;5;3100,0
5031;2023-07-27;5;18346;9;4;1860,0
5032;2023-12-05;4;3382;21;5;1240,0
5033;2023-04-26;2;824;8;2;1240,0
5034;2024-09-02;2;3382;21;3;620,0
5035;2023-07-07;3;40315;15;1;620,0
5036;2023-09-23;2;774;9;5;620,0
5037;2026-01-23;1;40315;11;5;2480,0
5038;2023-04-15;2;91200;8;3;2480,0
5039;2025-12-24;1;18346;8;3;620,0
5040;2026-07-13;2;40315;14;3;3100,0
5041;2023-12-03;1;810;21;2;2480,0
5042;2025-11-11;2;91200;8;1;1860,0
5043;2025-01-15;4;62535;14;1;3100,0
5044;2026-07-05;4;774;17;2;1860,0
5045;2023-05-28;1;898;16;4;2480,0
5046;2025-07-27;1;62535;17;3;2480,0
5047;2023-02-25;2;62535;13;2;1860,0
5048;2025-06-04;1;85600;18;3;620,0
5049;2023-03-02;1;62535;9;3;1860,0
5050;2025-01-23;4;3382;16;1;1240,0
5051;2024-06-09;5;774;17;3;1240,0
5052;2024-04-21;1;810;18;2;1240,0
5053;2025-11-24;1;85600;17;3;3100,0
5054;2024-09-24;1;40315;11;5;1240,0
5055;2025-12-13;1;824;16;4;620,0
5056;2025-06-27;1;810;12;5;1860,0
5057;2025-11-27;2;91200;11;2;2480,0
5058;2025-09-04;5;40315;11;3;620,0
5059;2024-01-16;4;898;8;2;1240,0
5060;2023-09-19;3;18346;11;3;2480,0
5061;2024-02-25;3;824;15;1;620,0
5062;2023-02-21;2;85600;19;2;620,0
5063;2024-01-11;5;898;15;1;2480,0
5064;2025-10-30;3;62535;19;5;1240,0
5065;2024-05-24;5;898;18;2;1860,0
5066;2023-01-24;1;85600;9;4;1240,0
5067;2025-04-04;3;898;13;1;1860,0
5068;2024-02-21;5;91200;14;1;1240,0
5069;2025-03-21;2;85600;21;4;1860,0
5070;2025-12-16;1;898;8;1;2480,0
5071;2024-09-14;4;91200;18;3;2480,0
5072;2024-04-29;2;774;10;3;1860,0
5073;2024-10-10;1;18346;18;5;3100,0
5074;2025-11-02;4;774;12;2;620,0
5075;2024-11-26;2;62535;15;2;620,0
5076;2025-03-04;5;18346;17;4;1240,0
5077;2025-07-14;1;85600;19;2;1240,0
5078;2025-12-13;5;62535;18;3;620,0
5079;2025-12-23;3;3382;17;2;1860,0
5080;2023-12-24;1;898;11;3;1860,0
5081;2023-01-07;4;40315;8;1;1240,0
5082;2024-07-25;1;3382;11;1;3100,0
5083;2026-02-18;1;898;15;2;620,0
5084;2024-09-22;1;62535;11;3;1860,0
5085;2026-03-04;5;91200;10;3;1860,0
5086;2025-07-09;4;62535;16;3;1240,0
5087;2026-05-12;4;85600;19;5;1240,0
5088;2026-06-09;5;898;20;3;3100,0
5089;2025-05-12;5;810;15;2;620,0
5090;2024-09-01;5;3382;9;3;2480,0
5091;2025-10-10;4;774;16;3;1860,0
5092;2023-03-16;4;18346;10;4;1240,0
5093;2025-10-24;5;824;20;1;3100,0
5094;2023-02-16;1;40315;9;2;2480,0
5095;2024-06-19;1;91200;20;5;1240,0
5096;2024-02-21;1;824;20;5;1860,0
5097;2024-08-23;5;62535;9;1;2480,0
5098;2023-01-31;4;824;9;1;1860,0
5099;2024-03-13;3;898;13;3;3100,0
5100;2023-08-24;1;824;17;5;2480,0
5101;2026-01-30;2;3382;19;1;620,0
5102;2025-07-28;5;824;21;5;1860,0
5103;2025-12-13;4;774;21;1;620,0
5104;2023-12-05;2;824;15;5;2480,0
5105;2023-10-17;3;898;16;5;3100,0
5106;2026-07-12;2;898;20;2;620,0
5107;2023-08-14;5;3382;12;5;1860,0
5108;2025-04-05;4;824;10;4;1860,0
5109;2023-09-22;5;91200;10;2;1860,0
5110;2024-10-26;1;91200;12;5;1860,0
5111;2024-07-16;5;62535;10;1;1860,0
5112;2024-07-19;5;62535;15;5;1860,0
5113;2025-04-02;4;91200;10;3;3100,0
5114;2026-03-19;5;774;15;5;2480,0
5115;2025-10-21;5;40315;13;3;1240,0
5116;2026-06-05;2;62535;21;3;1240,0
5117;2024-01-29;3;810;8;5;620,0
5118;2024-03-31;1;898;10;2;2480,0
5119;2024-07-28;2;62535;11;1;1860,0
5120;2024-10-01;5;91200;19;5;1860,0
5121;2023-11-20;5;774;14;3;2480,0
5122;2023-01-06;4;898;14;5;2480,0
5123;2024-10-03;3;3382;20;2;620,0
5124;2025-09-23;5;40315;9;1;3100,0
5125;2023-07-28;4;91200;12;1;620,0
5126;2024-02-05;4;898;10;3;2480,0
5127;2023-06-16;5;3382;20;2;1240,0
5128;2024-04-27;3;85600;12;1;1860,0
5129;2026-03-15;2;3382;13;4;3100,0
5130;2026-08-02;4;85600;11;3;1240,0
5131;2025-06-09;5;810;11;2;1860,0
5132;2025-08-14;3;824;8;3;1240,0
5133;2025-01-16;2;3382;19;4;2480,0
5134;2025-06-29;4;898;10;3;2480,0
5135;2026-06-04;1;85600;15;3;1240,0
5136;2025-12-05;3;62535;21;2;1860,0
5137;2023-03-08;3;62535;16;3;2480,0
5138;2025-01-29;4;91200;16;3;1240,0
5139;2025-08-25;5;810;19;1;620,0
5140;2025-03-23;1;62535;13;1;3100,0
5141;2025-08-14;1;18346;11;1;2480,0
5142;2024-07-06;5;18346;14;3;620,0
5143;2023-02-18;4;810;9;2;1240,0
5144;2025-07-15;4;62535;11;4;620,0
5145;2025-03-03;2;40315;18;2;1860,0
5146;2024-03-21;2;824;14;3;2480,0
5147;2024-04-02;1;62535;12;5;620,0
5148;2024-01-19;2;62535;9;3;2480,0
5149;2026-08-23;1;898;14;5;2480,0
5150;2023-02-23;4;3382;21;4;3100,0
5151;2024-01-02;1;774;8;4;620,0
5152;2023-07-04;5;91200;17;4;2480,0
5153;2024-01-02;4;774;20;4;1240,0
5154;2023-04-27;3;18346;15;1;2480,0
5155;2023-09-21;5;85600;12;2;2480,0
5156;2025-04-03;2;91200;15;3;1860,0
5157;2025-11-04;1;898;11;3;620,0
5158;2023-09-23;1;85600;11;3;3100,0
5159;2023-01-11;5;40315;8;5;3100,0
5160;2025-01-30;1;3382;13;3;620,0
5161;2025-08-26;4;824;17;4;1240,0
5162;2023-10-13;3;91200;10;3;3100,0
5163;2025-05-12;1;3382;8;3;620,0
5164;2024-01-02;2;898;12;1;2480,0
5165;2026-01-19;4;40315;20;3;620,0
5166;2023-09-30;5;62535;15;3;620,0
5167;2025-09-26;5;62535;19;4;2480,0
5168;2024-08-10;2;3382;16;3;620,0
5169;2025-03-13;3;774;14;4;620,0
5170;2024-10-23;2;85600;10;3;620,0
5171;2024-05-24;4;18346;17;2;3100,0
5172;2025-04-26;3;40315;16;3;2480,0
5173;2023-07-25;2;824;15;4;3100,0
5174;2025-10-22;1;40315;13;1;1240,0
5175;2026-05-27;1;774;21;5;1860,0
5176;2025-09-08;1;85600;19;1;1240,0
5177;2024-07-04;5;824;8;4;620,0
5178;2023-10-12;4;91200;9;3;1240,0
5179;2024-06-16;1;40315;9;5;1860,0
5180;2023-03-20;2;898;20;2;620,0
5181;2023-10-07;5;898;8;4;620,0
5182;2025-03-09;2;810;14;1;2480,0
5183;2026-01-16;4;18346;20;5;1240,0
5184;2026-07-28;3;774;16;1;3100,0
5185;2024-01-22;5;810;20;3;1240,0
5186;2023-09-02;1;91200;15;5;2480,0
5187;2024-06-28;1;898;8;3;1240,0
5188;2025-09-01;4;774;8;3;3100,0
5189;2026-05-20;2;62535;15;5;2480,0
5190;2025-01-26;5;85600;19;4;2480,0
5191;2024-07-13;5;898;9;5;1860,0
5192;2023-03-16;5;774;13;1;1240,0
5193;2026-01-31;3;3382;17;2;1860,0
5194;2025-12-04;1;18346;16;4;3100,0
5195;2026-07-20;5;810;20;1;2480,0
5196;2026-04-15;5;898;16;5;620,0
5197;2024-02-10;2;18346;21;2;1240,0
5198;2025-04-21;3;810;20;5;3100,0
5199;2026-04-17;5;40315;19;4;3100,0
5200;2026-04-06;3;85600;15;1;1240,0
5201;2023-07-12;4;91200;15;5;1240,0
5202;2023-01-24;5;3382;18;5;2480,0
5203;2025-01-19;3;824;16;3;620,0
5204;2025-08-08;4;3382;9;4;1860,0
5205;2025-01-30;1;85600;11;2;2480,0
5206;2023-01-03;3;18346;18;4;1240,0
5207;2024-04-24;2;774;14;2;1860,0
5208;2024-07-06;2;774;14;5;1860,0
5209;2023-07-19;4;824;15;5;1240,0
5210;2025-01-05;2;40315;19;1;1860,0
5211;2025-04-25;2;62535;16;1;1240,0
5212;2025-03-11;1;898;21;4;2480,0
5213;2024-04-04;1;62535;21;3;3100,0
5214;2025-12-05;2;91200;17;5;620,0
5215;2023-05-22;1;62535;10;1;1860,0
5216;2026-08-05;1;824;16;2;2480,0
5217;2024-11-20;1;810;16;4;2480,0
5218;2023-04-29;2;85600;11;1;1860,0
5219;2023-05-03;2;824;21;4;3100,0
5220;2026-06-01;4;18346;18;3;3100,0
5221;2026-07-09;2;824;13;5;620,0
5222;2025-07-04;1;3382;16;5;1240,0
5223;2026-06-01;2;3382;21;3;2480,0
5224;2023-11-27;5;774;16;3;1240,0
5225;2026-07-24;2;898;19;4;1240,0
5226;2023-01-11;3;824;18;2;620,0
5227;2024-03-07;1;18346;14;1;1860,0
5228;2024-02-23;1;3382;10;5;1240,0
5229;2026-03-18;3;898;8;1;1240,0
5230;2024-02-15;2;810;15;2;620,0
5231;2026-08-23;3;62535;9;2;620,0
5232;2025-11-13;3;774;9;2;3100,0
5233;2024-02-27;3;18346;15;5;2480,0
5234;2023-07-22;2;18346;16;5;1240,0
5235;2026-03-15;1;18346;9;5;1860,0
5236;2025-05-30;2;62535;19;2;620,0
5237;2025-05-04;2;91200;12;5;2480,0
5238;2025-05-31;4;774;10;1;1860,0
5239;2025-07-15;3;898;8;4;620,0
5240;2026-06-01;2;62535;17;2;620,0
5241;2023-04-06;4;898;16;5;3100,0
5242;2024-03-27;4;91200;9;4;3100,0
5243;2026-05-04;4;3382;20;2;3100,0
5244;2026-02-28;1;40315;18;4;2480,0
5245;2024-10-07;2;85600;20;4;2480,0
5246;2024-07-20;5;824;20;1;1240,0
5247;2026-06-15;1;3382;14;5;1860,0
5248;2024-12-06;2;898;16;4;1240,0
5249;2023-09-15;1;18346;18;3;3100,0
5250;2024-11-04;3;774;9;5;620,0
5251;2025-09-30;5;40315;10;1;3100,0
5252;2025-03-19;5;40315;20;5;1860,0
5253;2024-10-25;3;62535;11;2;3100,0
5254;2026-05-21;4;774;12;2;620,0
5255;2026-08-07;1;91200;10;5;3100,0
5256;2025-06-05;3;3382;11;3;1240,0
5257;2025-03-02;2;85600;8;3;1860,0
5258;2024-06-24;3;898;11;2;620,0
5259;2023-12-02;2;62535;10;5;620,0
5260;2026-02-09;3;91200;16;4;3100,0
5261;2023-10-15;4;824;12;2;3100,0
5262;2024-06-25;2;810;18;3;2480,0
5263;2025-05-30;1;824;18;1;620,0
5264;2026-03-25;5;3382;16;1;1860,0
5265;2024-08-16;2;824;9;5;3100,0
5266;2024-11-01;1;824;21;5;2480,0
5267;2026-04-03;1;85600;17;3;2480,0
5268;2025-02-19;2;40315;9;2;620,0
5269;2025-04-09;5;40315;18;3;1240,0
5270;2025-06-17;3;774;11;3;620,0
5271;2024-05-16;2;898;12;4;3100,0
5272;2024-09-13;2;91200;18;4;1860,0
5273;2023-09-06;1;18346;13;1;2480,0
5274;2025-03-15;4;810;18;3;3100,0
5275;2026-03-03;4;3382;14;5;2480,0
5276;2024-04-14;3;18346;12;4;620,0
5277;2024-05-20;4;91200;18;1;2480,0
5278;2025-07-06;5;62535;14;1;620,0
5279;2024-02-22;2;3382;12;3;620,0
5280;2024-08-14;4;824;9;5;1240,0
5281;2025-01-23;1;18346;21;1;1860,0
5282;2025-11-25;4;85600;8;5;3100,0
5283;2023-12-20;2;85600;10;3;1860,0
5284;2024-06-11;5;18346;16;1;1860,0
5285;2024-05-20;5;85600;8;5;1240,0
5286;2024-10-07;2;824;18;5;1860,0
5287;2025-09-06;3;810;20;2;620,0
5288;2025-04-28;3;824;12;1;620,0
5289;2023-03-29;3;62535;14;2;2480,0
5290;2026-08-08;5;3382;21;1;2480,0
5291;2025-08-14;3;810;16;4;3100,0
5292;2024-03-27;2;40315;12;2;3100,0
5293;2024-09-25;1;62535;8;3;1240,0
5294;2026-08-13;1;91200;9;5;2480,0
5295;2024-08-27;4;898;9;2;620,0
5296;2023-02-18;4;62535;9;2;1240,0
5297;2023-09-05;3;91200;20;4;1860,0
5298;2024-04-06;5;3382;8;5;1240,0
5299;2024-08-11;4;810;20;3;2480,0
5300;2023-06-04;4;3382;8;4;1860,0
5301;2025-06-11;1;40315;21;5;3100,0
5302;2025-03-22;2;898;17;5;3100,0
5303;2025-12-02;1;62535;11;1;620,0
5304;2023-09-19;5;3382;20;4;1240,0
5305;2024-04-04;5;898;12;2;1240,0
5306;2023-03-30;5;62535;15;1;3100,0
5307;2023-10-12;4;40315;21;2;2480,0
5308;2026-03-12;5;774;13;5;620,0
5309;2025-09-13;4;85600;11;3;2480,0
5310;2023-12-22;2;810;13;1;3100,0
5311;2023-10-03;2;824;15;2;1860,0
5312;2026-02-06;1;91200;18;1;1240,0
5313;2025-05-30;1;62535;17;5;2480,0
5314;2025-05-28;3;810;15;1;3100,0
5315;2025-11-19;3;18346;21;2;1860,0
5316;2023-02-05;4;824;21;3;620,0
5317;2026-07-25;3;774;9;1;620,0
5318;2023-06-14;2;824;15;1;1860,0
5319;2023-06-21;2;40315;12;2;3100,0
5320;2023-10-30;5;62535;19;2;620,0
5321;2023-01-17;2;824;11;5;2480,0
5322;2025-03-31;4;85600;17;1;1860,0
5323;2024-10-29;1;774;19;2;3100,0
5324;2024-07-06;2;40315;20;2;2480,0
5325;2024-04-28;1;774;21;5;1240,0
5326;2023-06-30;5;62535;14;4;1240,0
5327;2026-01-16;2;62535;12;5;2480,0
5328;2024-11-22;4;18346;14;3;1240,0
5329;2025-02-27;5;62535;11;4;1860,0
5330;2026-08-17;5;85600;20;3;620,0
5331;2025-03-15;5;3382;17;1;1240,0
5332;2023-04-04;3;18346;15;2;1860,0
5333;2024-05-29;2;810;18;1;3100,0
5334;2023-06-26;4;774;19;5;3100,0
5335;2023-09-05;2;774;17;3;3100,0
5336;2024-07-16;2;91200;15;3;1860,0
5337;2026-06-04;3;62535;15;3;2480,0
5338;2024-05-29;4;18346;20;5;3100,0
5339;2023-10-06;4;3382;15;3;3100,0
5340;2023-11-24;5;824;14;5;1240,0
5341;2024-01-16;1;824;10;4;3100,0
5342;2023-12-15;3;40315;10;3;620,0
5343;2025-10-01;3;810;12;4;2480,0
5344;2024-06-23;1;774;19;4;2480,0
5345;2023-09-09;3;18346;8;4;1240,0
5346;2023-05-12;4;62535;15;3;1860,0
5347;2023-12-14;3;40315;10;5;1860,0
5348;2025-01-12;5;810;10;1;3100,0
5349;2026-05-28;1;85600;18;4;1240,0
5350;2025-09-09;3;774;11;3;2480,0
5351;2025-07-04;5;898;9;1;1860,0
5352;2023-07-03;5;810;8;3;620,0
5353;2023-08-31;4;85600;12;4;1240,0
5354;2023-07-26;2;62535;10;5;3100,0
5355;2026-06-01;2;810;20;5;3100,0
5356;2024-07-23;2;898;12;2;2480,0
5357;2023-09-03;4;62535;9;4;620,0
5358;2025-12-09;4;824;8;1;1240,0
5359;2024-10-19;1;40315;11;1;1860,0
5360;2023-09-19;1;85600;16;3;2480,0
5361;2024-09-29;5;824;11;1;1240,0
5362;2026-04-06;4;3382;9;1;1860,0
5363;2026-08-05;2;18346;9;1;1240,0
5364;2025-07-05;1;91200;18;1;1240,0
5365;2024-05-24;4;85600;14;5;3100,0
5366;2024-06-09;3;18346;10;3;1240,0
5367;2026-04-14;2;774;10;1;3100,0
5368;2023-03-20;5;91200;15;2;1240,0
5369;2024-03-11;2;62535;17;3;2480,0
5370;2026-08-28;2;40315;21;3;1240,0
5371;2025-10-14;5;91200;12;2;620,0
5372;2024-10-13;2;62535;18;3;3100,0
5373;2023-12-24;3;85600;8;3;3100,0
5374;2025-06-18;3;3382;11;3;2480,0
5375;2024-10-18;5;774;9;5;1240,0
5376;2025-11-19;4;40315;16;2;3100,0
5377;2024-04-08;5;18346;16;4;1240,0
5378;2024-11-06;1;18346;21;1;2480,0
5379;2024-08-11;2;18346;15;3;3100,0
5380;2025-07-11;3;3382;11;1;620,0
5381;2023-11-12;1;40315;14;1;3100,0
5382;2023-06-02;4;18346;12;4;1240,0
5383;2025-10-17;4;810;8;1;2480,0
5384;2024-09-01;2;774;9;5;1860,0
5385;2025-04-16;4;18346;14;1;3100,0
5386;2026-06-22;1;91200;21;4;620,0
5387;2024-03-15;5;62535;9;2;3100,0
5388;2026-01-17;3;3382;19;4;3100,0
5389;2023-09-20;4;898;12;4;620,0
5390;2024-12-12;3;824;9;4;2480,0
5391;2024-02-26;2;898;11;2;3100,0
5392;2025-04-07;1;810;9;4;620,0
5393;2025-07-05;4;3382;21;5;3100,0
5394;2023-11-01;1;62535;18;4;2480,0
5395;2023-01-11;5;85600;21;5;2480,0
5396;2025-12-15;2;3382;11;5;3100,0
5397;2023-11-09;5;85600;20;1;620,0
5398;2023-08-08;2;85600;11;5;3100,0
5399;2023-05-15;1;62535;21;5;1240,0
5400;2023-02-16;5;810;20;4;1240,0
5401;2025-04-29;4;91200;8;1;3100,0
5402;2024-10-17;2;898;21;1;1240,0
5403;2026-05-04;5;85600;9;3;620,0
5404;2023-10-02;3;85600;16;5;3100,0
5405;2023-02-09;3;18346;20;4;1240,0
5406;2024-12-21;2;3382;18;3;1860,0
5407;2026-07-18;5;85600;14;1;1860,0
5408;2026-08-17;5;824;16;1;1240,0
5409;2025-01-05;4;91200;15;5;1240,0
5410;2025-05-22;3;62535;18;4;1860,0
5411;2026-07-24;2;62535;17;3;1860,0
5412;2026-08-20;4;3382;19;3;620,0
5413;2024-02-12;1;810;9;3;1860,0
5414;2023-01-08;3;62535;9;2;620,0
5415;2026-06-13;5;85600;17;1;2480,0
5416;2024-07-16;1;91200;21;4;3100,0
5417;2024-11-01;1;40315;11;2;1860,0
5418;2024-08-02;4;774;21;3;1240,0
5419;2024-11-11;5;810;10;2;1240,0
5420;2025-12-04;3;40315;14;3;2480,0
5421;2023-10-21;3;91200;18;2;1240,0
5422;2025-07-06;1;898;13;4;3100,0
5423;2024-11-15;4;898;18;5;2480,0
5424;2025-11-20;3;898;18;1;2480,0
5425;2023-12-08;4;91200;11;4;620,0
5426;2026-08-06;4;91200;11;5;1240,0
5427;2024-12-12;2;824;9;2;1240,0
5428;2026-06-10;2;810;21;2;2480,0
5429;2025-04-05;4;18346;18;1;620,0
5430;2026-02-01;1;3382;19;3;3100,0
5431;2023-06-12;4;85600;11;4;1860,0
5432;2026-02-16;3;898;14;1;3100,0
5433;2024-01-28;3;774;14;4;3100,0
5434;2023-07-05;1;40315;10;1;1240,0
5435;2026-04-11;4;898;10;5;620,0
5436;2025-10-25;1;810;20;2;1860,0
5437;2025-01-02;3;824;8;4;1860,0
5438;2025-09-11;2;62535;15;5;1860,0
5439;2026-05-30;5;824;10;4;2480,0
5440;2024-05-17;2;18346;8;3;1860,0
5441;2025-05-12;1;824;21;5;1860,0
5442;2023-11-17;1;3382;17;5;3100,0
5443;2023-06-14;2;40315;8;3;1860,0
5444;2024-01-19;1;62535;21;5;2480,0
5445;2023-06-10;3;774;10;3;1860,0
5446;2023-02-13;1;898;12;1;2480,0
5447;2026-05-25;4;810;8;3;1860,0
5448;2025-05-26;3;40315;12;4;1860,0
5449;2023-04-25;1;3382;12;1;620,0
5450;2025-08-22;4;62535;9;1;2480,0
5451;2024-06-26;5;18346;15;5;3100,0
5452;2023-05-09;1;898;19;4;2480,0
5453;2024-12-11;1;3382;13;1;1240,0
5454;2024-11-20;3;824;12;3;1860,0
5455;2023-11-03;1;824;14;3;3100,0
5456;2026-04-24;1;40315;16;1;1240,0
5457;2024-01-26;5;18346;19;3;620,0
5458;2024-09-26;4;40315;9;4;1860,0
5459;2024-04-12;2;824;11;4;1240,0
5460;2025-10-31;5;40315;10;3;3100,0
5461;2024-12-29;1;85600;17;5;620,0
5462;2025-08-30;4;810;19;3;3100,0
5463;2023-03-10;5;85600;21;5;620,0
5464;2024-07-13;4;898;18;4;1240,0
5465;2025-09-02;1;62535;19;1;2480,0
5466;2025-04-19;5;810;15;5;2480,0
5467;2025-10-27;5;91200;13;5;2480,0
5468;2025-04-28;3;774;20;1;1240,0
5469;2024-10-25;4;3382;14;3;2480,0
5470;2024-05-29;2;91200;10;1;620,0
5471;2025-03-08;4;18346;8;3;620,0
5472;2025-05-19;1;40315;11;4;3100,0
5473;2024-06-26;1;18346;16;2;2480,0
5474;2025-05-30;1;810;8;3;1860,0
5475;2024-10-11;1;810;11;5;3100,0
5476;2026-07-09;3;824;10;1;1860,0
5477;2023-04-29;5;91200;18;5;1240,0
5478;2024-12-11;5;85600;10;4;1860,0
5479;2024-12-27;3;774;20;5;620,0
5480;2026-08-29;1;40315;16;1;1240,0
5481;2023-11-18;1;774;11;4;3100,0
5482;2023-10-09;5;85600;12;3;620,0
5483;2023-05-13;1;3382;18;3;3100,0
5484;2026-01-16;5;85600;15;4;3100,0
5485;2024-05-22;1;85600;8;4;3100,0
5486;2023-08-18;5;40315;18;1;3100,0
5487;2025-04-17;3;3382;10;4;620,0
5488;2023-06-11;4;40315;18;1;1240,0
5489;2023-06-01;2;824;14;1;1240,0
5490;2025-12-28;4;824;9;1;1240,0
5491;2025-10-27;4;824;21;4;3100,0
5492;2026-07-18;2;898;12;3;1240,0
5493;2024-07-03;1;85600;14;4;620,0
5494;2024-03-13;5;62535;11;5;2480,0
5495;2024-02-14;3;62535;10;2;2480,0
5496;2024-03-23;3;85600;16;2;1240,0
5497;2024-05-21;3;824;15;4;1860,0
5498;2024-01-10;1;85600;18;2;1240,0
5499;2025-01-16;1;774;19;2;1860,0
5500;2026-07-21;2;18346;18;2;3100,0
5501;2023-02-22;1;3382;9;5;620,0
5502;2025-02-10;5;62535;11;2;620,0
5503;2023-11-08;1;62535;18;3;1860,0
5504;2025-08-30;4;898;8;2;1240,0
5505;2024-12-17;3;91200;8;2;1860,0
5506;2025-12-21;5;774;11;3;620,0
5507;2023-11-19;2;824;12;3;1860,0
5508;2024-03-02;2;898;13;1;2480,0
5509;2023-12-04;4;824;13;1;620,0
5510;2024-07-03;1;810;18;5;1240,0
5511;2026-06-21;2;3382;17;4;1240,0
5512;2023-10-25;3;91200;19;4;1860,0
5513;2023-09-23;3;3382;16;5;1240,0
5514;2024-12-31;5;810;16;4;3100,0
5515;2026-02-24;3;91200;9;1;620,0
5516;2023-12-29;2;18346;17;2;1240,0
5517;2025-01-03;1;85600;8;4;3100,0
5518;2025-08-12;5;898;12;5;620,0
5519;2023-04-10;2;18346;10;4;620,0
5520;2026-08-28;1;40315;12;3;1860,0
5521;2024-09-07;2;62535;13;3;1860,0
5522;2023-01-08;2;774;9;1;2480,0
5523;2023-04-21;5;3382;8;1;3100,0
5524;2025-02-19;5;40315;21;3;2480,0
5525;2024-10-22;3;810;8;5;620,0
5526;2025-01-30;1;898;20;4;1860,0
5527;2023-08-22;3;18346;12;4;3100,0
5528;2023-11-25;1;40315;8;4;1860,0
5529;2024-01-15;5;774;21;5;620,0
5530;2025-10-12;5;3382;10;4;620,0
5531;2025-08-02;2;40315;10;1;2480,0
5532;2023-12-16;2;91200;8;5;1240,0
5533;2026-04-06;5;18346;8;4;1860,0
5534;2024-07-29;2;91200;8;1;1860,0
5535;2024-09-16;5;40315;19;4;1860,0
5536;2026-04-30;5;85600;21;1;2480,0
5537;2025-05-24;1;810;12;4;3100,0
5538;2023-11-27;2;62535;15;1;2480,0
5539;2026-06-12;2;91200;16;5;1240,0
5540;2024-06-14;1;85600;14;2;1240,0
5541;2024-05-08;3;85600;14;3;1240,0
5542;2025-04-17;1;3382;20;5;2480,0
5543;2025-05-04;1;774;21;1;3100,0
5544;2024-02-28;5;62535;16;5;2480,0
5545;2024-06-10;5;810;19;1;1240,0
5546;2024-12-16;5;824;19;4;1240,0
5547;2023-02-04;1;3382;21;5;1860,0
5548;2025-10-07;3;898;8;2;1860,0
5549;2024-09-27;4;774;19;5;1860,0
5550;2025-11-12;4;3382;19;1;3100,0
5551;2025-05-11;5;85600;19;3;1860,0
5552;2025-05-27;2;91200;16;3;3100,0
5553;2026-05-03;2;824;14;3;620,0
5554;2023-10-20;3;85600;8;2;1240,0
5555;2023-02-17;1;824;12;5;1860,0
5556;2023-03-08;2;3382;9;5;3100,0
5557;2025-01-02;1;3382;14;4;620,0
5558;2023-03-14;5;91200;19;1;2480,0
5559;2026-05-15;5;85600;15;3;620,0
5560;2024-02-25;1;3382;13;4;1240,0
5561;2026-01-27;5;824;21;2;3100,0
5562;2026-01-01;2;85600;20;1;1240,0
5563;2023-07-07;3;824;20;4;620,0
5564;2026-02-01;5;62535;10;1;1860,0
5565;2025-01-14;4;898;12;3;620,0
5566;2025-11-15;2;91200;12;5;1860,0
5567;2023-01-07;4;62535;14;2;1860,0
5568;2026-06-12;2;898;15;4;3100,0
5569;2026-08-01;1;810;8;2;2480,0
5570;2024-12-06;4;774;18;4;620,0
5571;2025-01-01;2;85600;18;1;1240,0
5572;2024-08-13;1;810;17;3;3100,0
5573;2023-11-10;4;18346;12;4;1860,0
5574;2025-03-12;5;40315;14;5;3100,0
5575;2024-05-10;2;85600;17;2;3100,0
5576;2024-10-05;5;18346;21;1;1860,0
5577;2024-01-28;5;898;11;3;2480,0
5578;2025-07-15;1;91200;17;2;1240,0
5579;2025-02-15;3;898;20;4;620,0
5580;2023-10-12;3;774;15;1;2480,0
5581;2024-06-18;5;774;10;4;3100,0
5582;2024-09-28;5;62535;12;2;2480,0
5583;2024-07-30;5;85600;17;1;1240,0
5584;2024-10-03;3;824;11;2;3100,0
5585;2024-06-16;3;3382;17;4;1240,0
5586;2023-11-12;4;3382;14;4;1860,0
5587;2023-07-15;3;774;14;5;620,0
5588;2024-06-19;1;85600;16;2;3100,0
5589;2025-06-12;4;3382;17;4;2480,0
5590;2026-04-27;4;810;17;1;1860,0
5591;2025-01-19;2;91200;16;2;1860,0
5592;2023-04-15;2;774;15;1;1240,0
5593;2024-03-10;1;91200;20;2;620,0
5594;2025-12-09;3;85600;8;5;1860,0
5595;2024-01-07;2;85600;10;1;620,0
5596;2024-08-13;1;40315;13;3;620,0
5597;2024-08-10;1;898;16;2;1860,0
5598;2025-04-20;1;62535;20;3;620,0
5599;2025-02-03;2;824;8;2;1240,0
5600;2023-03-29;5;898;12;1;2480,0
5601;2023-01-28;1;62535;19;3;3100,0
5602;2026-07-28;1;898;10;3;2480,0
5603;2026-07-31;2;3382;18;1;620,0
5604;2025-04-26;1;898;15;4;620,0
5605;2024-02-13;4;810;20;5;3100,0
5606;2024-07-30;4;774;11;5;620,0
5607;2025-11-01;2;810;14;3;1860,0
5608;2024-09-16;5;62535;11;2;3100,0
5609;2024-09-01;1;810;12;5;1240,0
5610;2026-04-10;3;91200;8;3;3100,0
5611;2023-12-01;2;774;11;2;620,0
5612;2024-12-23;5;91200;19;1;1240,0
5613;2025-07-21;1;40315;17;2;620,0
5614;2025-08-25;4;62535;13;1;3100,0
5615;2026-08-01;3;898;19;2;3100,0
5616;2024-12-22;2;62535;16;3;2480,0
5617;2024-02-12;3;40315;12;4;1860,0
5618;2025-10-04;3;3382;13;1;1860,0
5619;2023-02-24;4;3382;19;4;2480,0
5620;2025-08-06;3;62535;15;2;1860,0
5621;2023-11-06;4;898;20;4;620,0
5622;2025-05-15;2;3382;16;3;2480,0
5623;2023-07-21;5;91200;16;5;1860,0
5624;2024-12-09;2;40315;16;2;1860,0
5625;2024-12-21;4;85600;10;2;1240,0
5626;2024-04-25;4;898;17;4;3100,0
5627;2024-05-22;1;18346;9;3;1860,0
5628;2026-04-11;2;810;12;5;1240,0
5629;2026-04-08;4;824;21;4;1240,0
5630;2024-03-14;2;3382;15;5;620,0
5631;2023-09-17;1;810;11;2;1860,0
5632;2025-05-07;1;40315;20;1;3100,0
5633;2024-07-14;3;810;18;1;620,0
5634;2026-08-05;2;85600;10;2;1860,0
5635;2026-03-14;5;824;19;2;3100,0
5636;2024-03-28;2;898;15;3;1240,0
5637;2026-06-26;4;40315;15;1;620,0
5638;2026-07-01;5;824;19;3;620,0
5639;2023-11-21;3;62535;16;3;2480,0
5640;2023-08-13;2;3382;16;1;2480,0
5641;2023-04-21;3;898;14;5;2480,0
5642;2023-05-18;3;810;17;1;3100,0
5643;2025-03-26;2;824;10;5;3100,0
5644;2025-09-28;5;18346;12;4;620,0
5645;2025-09-03;1;774;8;2;620,0
5646;2026-08-06;1;774;15;5;1860,0
5647;2024-03-14;3;62535;8;4;2480,0
5648;2024-05-11;5;40315;14;1;2480,0
5649;2024-03-07;5;898;14;1;1860,0
5650;2024-12-05;4;3382;15;2;1240,0
5651;2025-12-01;4;898;8;4;3100,0
5652;2024-10-01;2;774;15;1;2480,0
5653;2025-01-12;2;18346;10;3;620,0
5654;2026-01-18;5;85600;11;4;1240,0
5655;2025-08-28;4;40315;19;1;1240,0
5656;2023-06-24;5;18346;14;1;2480,0
5657;2025-11-22;4;18346;14;5;2480,0
5658;2023-11-23;5;85600;21;4;1240,0
5659;2023-06-09;4;810;16;4;1860,0
5660;2023-05-10;3;40315;18;1;1240,0
5661;2023-03-01;3;85600;19;3;1860,0
5662;2025-04-18;4;3382;21;4;1240,0
5663;2023-05-24;4;810;18;5;3100,0
5664;2023-08-16;1;3382;19;2;2480,0
5665;2024-03-27;3;774;14;1;3100,0
5666;2026-01-12;3;3382;15;3;2480,0
5667;2023-01-30;2;91200;13;5;1860,0
5668;2024-07-12;1;40315;9;5;620,0
5669;2026-06-18;5;898;11;2;620,0
5670;2023-08-25;1;824;12;5;1860,0
5671;2024-08-03;3;91200;12;2;1860,0
5672;2026-03-12;5;774;14;1;1860,0
5673;2024-08-17;4;3382;18;5;1240,0
5674;2025-04-29;3;898;15;3;1860,0
5675;2024-08-03;3;810;14;5;3100,0
5676;2023-04-04;5;18346;11;4;1860,0
5677;2024-09-03;1;85600;18;2;1860,0
5678;2023-10-19;2;40315;17;3;2480,0
5679;2024-02-15;5;91200;18;2;3100,0
5680;2025-04-14;4;774;16;4;1860,0
5681;2025-02-21;5;40315;17;4;1860,0
5682;2026-03-11;3;3382;19;5;1860,0
5683;2023-07-16;3;62535;13;4;3100,0
5684;2025-03-13;3;3382;21;1;1860,0
5685;2023-02-28;2;62535;18;5;620,0
5686;2026-08-15;3;774;14;1;1860,0
5687;2024-01-14;2;85600;9;1;620,0
5688;2023-11-12;1;62535;12;1;620,0
5689;2024-12-11;5;774;16;5;2480,0
5690;2023-09-22;5;85600;13;4;620,0
5691;2025-08-06;4;18346;21;1;620,0
5692;2024-05-09;1;898;12;3;1240,0
5693;2026-03-17;1;824;16;2;3100,0
5694;2024-01-06;3;3382;20;5;1860,0
5695;2024-01-30;3;824;17;1;620,0
5696;2024-05-18;5;3382;15;2;620,0
5697;2025-05-08;3;40315;18;2;2480,0
5698;2024-10-06;4;85600;16;2;1860,0
5699;2023-09-02;2;3382;13;5;1240,0
5700;2025-07-04;4;62535;11;1;3100,0
5701;2026-03-15;2;91200;9;4;2480,0
5702;2024-11-06;5;810;21;3;2480,0
5703;2023-02-15;1;91200;18;1;3100,0
5704;2024-08-28;4;18346;10;2;1240,0
5705;2023-04-06;4;898;21;1;1860,0
5706;2024-12-02;5;810;15;4;2480,0
5707;2024-04-20;3;91200;17;5;1860,0
5708;2026-02-16;4;40315;13;2;2480,0
5709;2023-11-15;5;774;15;3;1240,0
5710;2026-07-08;2;91200;19;3;1240,0
5711;2023-01-14;1;85600;19;2;2480,0
5712;2023-04-19;5;810;17;4;1860,0
5713;2024-04-13;1;18346;18;3;3100,0
5714;2026-04-25;2;810;21;4;620,0
5715;2024-03-27;4;898;11;5;3100,0
5716;2025-10-20;3;62535;9;4;1860,0
5717;2024-07-10;3;898;9;5;1860,0
5718;2025-01-10;5;85600;8;3;2480,0
5719;2026-04-19;5;18346;16;3;620,0
5720;2023-08-23;5;774;18;3;1240,0
5721;2024-10-21;2;62535;17;1;3100,0
5722;2025-03-21;5;40315;21;3;620,0
5723;2024-03-14;3;91200;10;5;1860,0
5724;2025-05-26;2;62535;16;3;3100,0
5725;2025-09-18;2;824;15;2;1860,0
5726;2023-09-30;4;40315;12;1;3100,0
5727;2026-02-07;5;85600;20;2;2480,0
5728;2025-12-01;5;62535;19;3;620,0
5729;2024-01-07;3;91200;16;2;1240,0
5730;2026-01-05;1;40315;18;1;1240,0
5731;2026-03-17;5;62535;18;3;2480,0
5732;2025-01-18;4;3382;9;1;2480,0
5733;2024-11-06;5;810;9;1;1860,0
5734;2024-02-02;4;18346;16;5;2480,0
5735;2024-12-11;1;810;10;1;3100,0
5736;2023-02-12;4;774;21;3;3100,0
5737;2026-04-19;3;774;19;3;3100,0
5738;2023-12-12;5;91200;13;4;620,0
5739;2026-01-03;2;810;16;4;1240,0
5740;2023-03-25;1;774;16;2;3100,0
5741;2023-11-29;2;810;20;3;3100,0
5742;2024-07-27;4;91200;19;4;2480,0
5743;2024-01-22;1;3382;10;2;1240,0
5744;2024-12-05;1;3382;19;4;1240,0
5745;2025-08-12;3;3382;11;4;2480,0
5746;2024-05-12;2;774;8;1;620,0
5747;2023-06-27;5;824;18;1;1860,0
5748;2023-11-06;5;85600;21;5;2480,0
5749;2026-03-29;5;62535;18;5;1860,0
5750;2024-10-02;2;824;11;4;2480,0
5751;2024-04-03;4;91200;20;5;620,0
5752;2026-06-06;5;91200;8;4;620,0
5753;2025-01-03;1;62535;21;3;1240,0
5754;2024-04-10;1;85600;17;3;2480,0
5755;2024-03-01;2;62535;8;5;2480,0
5756;2024-10-14;1;824;11;4;620,0
5757;2023-10-19;4;18346;13;1;2480,0
5758;2024-07-17;3;824;11;1;3100,0
5759;2023-09-02;2;898;15;2;3100,0
5760;2024-08-30;1;774;16;4;1860,0
5761;2025-03-04;1;40315;17;2;2480,0
5762;2024-10-30;2;18346;21;3;620,0
5763;2026-04-21;4;3382;12;5;2480,0
5764;2025-06-03;1;18346;11;1;1240,0
5765;2026-06-15;3;810;19;4;1860,0
5766;2024-01-02;3;18346;11;4;3100,0
5767;2023-07-15;4;774;11;3;1240,0
5768;2024-02-11;1;810;20;1;2480,0
5769;2025-03-17;3;774;20;1;2480,0
5770;2025-08-23;4;62535;19;1;1860,0
5771;2024-01-18;2;810;11;1;1240,0
5772;2025-06-28;5;91200;10;3;3100,0
5773;2026-04-28;1;3382;17;3;620,0
5774;2026-05-02;5;62535;19;3;620,0
5775;2025-02-22;4;810;20;2;1240,0
5776;2023-06-03;2;3382;16;1;2480,0
5777;2026-06-20;2;62535;19;3;620,0
5778;2024-12-21;1;3382;8;1;1240,0
5779;2024-01-31;3;62535;10;1;620,0
5780;2023-04-08;5;91200;16;4;1860,0
5781;2024-08-30;1;91200;18;3;1240,0
5782;2025-03-20;2;91200;15;3;1860,0
5783;2024-09-28;5;85600;21;1;620,0
5784;2024-03-12;5;774;17;5;1860,0
5785;2024-02-25;1;85600;20;4;620,0
5786;2023-10-10;2;898;13;4;3100,0
5787;2024-10-26;3;898;8;5;620,0
5788;2025-12-02;1;18346;19;3;3100,0
5789;2025-07-27;1;3382;20;4;620,0
5790;2024-07-08;5;91200;14;1;2480,0
5791;2024-06-29;2;62535;18;5;2480,0
5792;2024-01-21;4;774;18;2;1860,0
5793;2026-05-01;2;3382;14;3;1240,0
5794;2023-04-27;2;810;21;4;3100,0
5795;2026-08-24;5;774;13;4;620,0
5796;2025-02-20;5;85600;18;5;3100,0
5797;2026-04-16;4;18346;13;2;2480,0
5798;2024-02-07;5;824;21;3;2480,0
5799;2026-07-12;1;91200;18;1;3100,0
5800;2024-08-02;4;824;14;4;1860,0
5801;2025-09-05;4;85600;13;2;3100,0
5802;2024-12-04;1;774;11;1;1240,0
5803;2025-10-13;4;18346;12;2;3100,0
5804;2023-01-09;5;18346;20;5;620,0
5805;2026-06-04;2;3382;13;1;1240,0
5806;2025-06-03;1;62535;19;4;1240,0
5807;2024-06-21;1;91200;11;5;1240,0
5808;2024-12-31;4;40315;12;3;2480,0
5809;2025-07-06;4;3382;11;2;2480,0
5810;2023-09-25;2;18346;11;2;620,0
5811;2024-05-20;3;810;18;1;620,0
5812;2026-08-19;4;85600;10;1;3100,0
5813;2023-08-03;5;91200;9;1;1860,0
5814;2023-08-09;1;3382;14;1;1860,0
5815;2023-09-19;2;774;20;3;1240,0
5816;2023-12-10;1;3382;13;2;1240,0
5817;2025-10-21;4;18346;18;5;3100,0
5818;2024-04-13;3;18346;9;3;620,0
5819;2024-05-09;1;824;14;3;1860,0
5820;2026-01-26;4;3382;15;4;1860,0
5821;2023-05-05;5;774;15;5;1240,0
5822;2024-11-14;1;91200;13;2;1240,0
5823;2024-03-13;5;85600;9;3;1860,0
5824;2024-10-06;5;774;20;3;620,0
5825;2023-02-16;4;91200;17;3;1860,0
5826;2025-07-04;3;40315;12;1;3100,0
5827;2024-01-17;5;91200;21;2;620,0
5828;2025-12-22;2;40315;19;4;2480,0
5829;2024-07-26;3;91200;15;4;1240,0
5830;2024-03-03;5;824;10;4;1240,0
5831;2023-01-14;4;62535;10;1;1240,0
5832;2026-03-29;3;18346;21;5;3100,0
5833;2023-09-26;5;85600;8;4;1860,0
5834;2024-04-26;2;85600;17;2;3100,0
5835;2025-05-10;4;898;16;4;1860,0
5836;2023-09-28;4;85600;8;3;3100,0
5837;2025-07-02;2;91200;17;1;2480,0
5838;2023-08-03;1;18346;9;4;1860,0
5839;2025-11-15;5;810;12;2;1860,0
5840;2025-02-22;2;3382;12;4;3100,0
5841;2023-10-23;2;62535;9;4;2480,0
5842;2026-08-21;2;824;13;2;1240,0
5843;2023-07-30;3;824;17;2;620,0
5844;2023-08-16;5;774;12;1;2480,0
5845;2026-03-09;1;898;20;1;1240,0
5846;2026-07-02;4;40315;15;1;1860,0
5847;2025-03-27;4;91200;10;3;620,0
5848;2025-04-03;3;40315;20;5;620,0
5849;2026-04-03;4;810;15;2;620,0
5850;2024-09-23;3;62535;13;1;1860,0
5851;2025-01-06;5;91200;21;2;1240,0
5852;2025-10-04;3;91200;10;3;1860,0
5853;2025-10-07;5;18346;8;5;620,0
5854;2023-04-19;5;898;19;2;1860,0
5855;2025-03-30;4;18346;12;1;620,0
5856;2025-10-11;1;824;13;4;1860,0
5857;2026-04-07;1;18346;15;4;620,0
5858;2023-07-21;2;85600;21;1;2480,0
5859;2025-12-31;4;3382;14;1;620,0
5860;2025-02-07;5;40315;16;4;2480,0
5861;2026-04-07;5;91200;13;1;620,0
5862;2024-11-11;4;810;12;3;1240,0
5863;2023-02-07;2;40315;12;3;1240,0
5864;2026-08-09;1;91200;10;1;2480,0
5865;2023-04-08;5;18346;15;1;620,0
5866;2025-11-27;4;810;8;4;1240,0
5867;2026-04-19;3;824;10;5;620,0
5868;2025-04-10;5;40315;19;4;3100,0
5869;2025-04-02;4;3382;12;1;620,0
5870;2025-02-11;2;18346;20;3;1240,0
5871;2025-06-26;3;898;10;4;1240,0
5872;2024-02-26;1;85600;12;1;2480,0
5873;2024-06-24;2;62535;9;4;1860,0
5874;2025-12-17;5;824;15;4;620,0
5875;2026-05-18;1;62535;13;3;3100,0
5876;2023-07-20;5;3382;19;1;620,0
5877;2023-01-28;3;62535;15;3;1240,0
5878;2024-11-24;3;824;17;4;1240,0
5879;2025-08-16;1;85600;14;4;1240,0
5880;2023-05-29;5;91200;13;1;1860,0
5881;2023-07-18;4;40315;16;2;620,0
5882;2025-01-06;3;85600;16;3;620,0
5883;2025-04-26;2;18346;15;2;1240,0
5884;2025-07-06;4;3382;12;3;1860,0
5885;2023-06-16;5;898;15;1;3100,0
5886;2025-11-01;2;824;21;1;2480,0
5887;2023-06-06;3;91200;12;4;1240,0
5888;2023-03-13;2;824;16;5;2480,0
5889;2025-01-22;1;898;21;2;1240,0
5890;2024-08-11;2;62535;12;2;1860,0
5891;2024-05-01;4;85600;20;2;3100,0
5892;2024-06-19;4;40315;8;1;620,0
5893;2023-12-20;4;774;10;5;1240,0
5894;2026-05-31;1;40315;12;2;2480,0
5895;2024-10-03;5;62535;18;2;1240,0
5896;2024-02-12;1;810;11;1;1240,0
5897;2026-04-05;3;40315;17;1;3100,0
5898;2025-02-10;3;91200;12;1;3100,0
5899;2025-05-22;3;824;13;4;2480,0
5900;2025-10-10;1;810;9;2;2480,0
5901;2026-04-01;3;85600;12;4;620,0
5902;2025-10-06;2;774;14;4;620,0
5903;2025-05-30;3;18346;14;1;1860,0
5904;2024-03-04;1;824;18;3;2480,0
5905;2023-08-16;2;3382;16;3;620,0
5906;2026-06-10;5;62535;20;5;3100,0
5907;2024-08-26;3;824;15;1;2480,0
5908;2026-03-29;5;810;15;3;1860,0
5909;2023-05-30;2;91200;8;1;1860,0
5910;2024-05-11;3;18346;18;5;1860,0
5911;2026-08-30;2;774;14;2;1860,0
5912;2024-07-19;3;62535;20;1;620,0
5913;2023-12-22;3;774;17;2;3100,0
5914;2026-03-16;4;18346;16;4;2480,0
5915;2024-09-02;5;62535;9;4;1240,0
5916;2024-01-16;3;774;17;1;2480,0
5917;2023-07-08;3;91200;12;3;1240,0
5918;2025-10-06;3;824;19;3;2480,0
5919;2025-03-27;1;62535;14;2;3100,0
5920;2025-05-15;3;85600;20;3;1860,0
5921;2024-08-20;5;91200;20;3;620,0
5922;2025-06-02;1;85600;12;5;1240,0
5923;2023-12-04;5;824;12;1;2480,0
5924;2023-03-10;2;40315;19;2;1860,0
5925;2026-02-02;5;18346;17;5;620,0
5926;2025-01-17;5;824;8;4;1860,0
5927;2025-05-18;4;824;8;1;620,0
5928;2025-03-23;4;3382;8;5;620,0
5929;2024-10-19;5;898;19;4;1860,0
5930;2024-11-09;2;774;21;5;1860,0
5931;2024-05-07;4;810;13;2;2480,0
5932;2023-04-23;4;85600;16;4;620,0
5933;2023-04-07;4;898;21;4;1240,0
5934;2023-12-21;3;62535;12;2;1240,0
5935;2023-12-25;1;40315;18;4;2480,0
5936;2025-04-15;5;774;21;2;1860,0
5937;2024-11-19;2;62535;17;2;620,0
5938;2026-04-23;1;85600;17;5;3100,0
5939;2023-09-12;5;91200;15;2;3100,0
5940;2024-09-29;1;824;14;5;2480,0
5941;2026-07-14;3;91200;14;2;620,0
5942;2025-02-08;3;3382;9;4;3100,0
5943;2023-04-22;4;810;15;1;2480,0
5944;2026-07-09;4;62535;8;3;620,0
5945;2023-07-04;2;85600;17;2;1860,0
5946;2024-10-22;4;62535;11;5;1860,0
5947;2024-08-22;1;62535;10;4;1240,0
5948;2023-04-12;1;40315;12;4;1860,0
5949;2025-05-30;2;824;21;4;1860,0
5950;2025-11-19;1;774;17;1;620,0
5951;2025-09-14;2;85600;14;5;1860,0
5952;2023-02-26;3;810;10;5;3100,0
5953;2026-08-28;1;62535;21;4;1860,0
5954;2023-10-31;1;898;15;3;620,0
5955;2023-05-23;1;810;15;3;620,0
5956;2024-07-23;4;3382;9;4;620,0
5957;2023-09-01;4;774;14;1;1860,0
5958;2026-04-28;3;824;18;4;620,0
5959;2025-08-01;1;85600;12;5;1240,0
5960;2026-06-05;1;810;19;1;1860,0
5961;2024-04-09;4;898;21;1;1240,0
5962;2025-10-11;1;824;8;1;3100,0
5963;2026-03-20;3;3382;16;2;3100,0
5964;2026-06-21;5;898;14;1;2480,0
5965;2026-07-30;1;774;9;1;1860,0
5966;2025-10-15;4;62535;11;2;3100,0
5967;2024-08-27;2;824;21;4;620,0
5968;2024-11-07;2;810;8;1;1860,0
5969;2025-10-25;5;18346;21;2;1240,0
5970;2025-12-12;3;62535;17;2;1240,0
5971;2024-08-11;3;898;12;1;620,0
5972;2024-04-23;4;774;14;2;620,0
5973;2023-11-02;4;62535;17;2;2480,0
5974;2024-05-01;1;18346;18;2;2480,0
5975;2024-05-07;4;18346;21;4;3100,0
5976;2026-01-17;1;898;16;2;620,0
5977;2025-06-04;3;18346;10;2;1860,0
5978;2025-11-11;4;810;19;3;1240,0
5979;2024-02-08;3;824;17;3;1240,0
5980;2025-08-07;4;810;12;5;2480,0
5981;2023-04-27;4;824;10;4;1860,0
5982;2024-02-04;4;62535;13;5;620,0
5983;2025-04-06;4;898;16;5;1240,0
5984;2026-06-18;3;18346;9;5;1860,0
5985;2025-09-06;4;824;18;4;1860,0
5986;2026-08-03;1;824;19;4;3100,0
5987;2024-04-11;3;824;16;5;2480,0
5988;2024-03-21;2;824;12;4;1240,0
5989;2023-02-18;2;774;12;2;1240,0
5990;2025-09-22;3;774;20;4;1860,0
5991;2023-06-11;1;91200;19;5;1240,0
5992;2025-02-12;4;824;17;3;1240,0
5993;2025-05-01;1;62535;14;4;1240,0
5994;2024-05-03;5;91200;18;1;3100,0
5995;2026-03-30;4;62535;11;3;1240,0
5996;2023-12-20;3;91200;9;2;2480,0
5997;2023-04-05;1;91200;13;3;2480,0
5998;2024-01-26;5;91200;12;5;620,0
5999;2026-07-01;3;91200;9;4;620,0
6000;2023-07-30;2;824;12;5;2480,0
6001;2025-07-24;3;810;19;3;3100,0
6002;2024-03-07;4;774;15;3;3100,0
6003;2026-04-14;3;91200;9;2;620,0
6004;2026-08-07;1;91200;21;3;620,0
6005;2024-05-10;1;774;14;4;1860,0
6006;2023-08-14;1;62535;14;2;620,0
6007;2024-02-22;4;824;17;4;1240,0
6008;2023-03-14;4;18346;18;3;2480,0
6009;2023-04-28;4;18346;20;3;3100,0
6010;2025-10-16;3;898;15;2;3100,0
6011;2023-05-30;3;85600;20;5;620,0
6012;2025-06-29;5;18346;16;2;1240,0
6013;2025-03-19;3;18346;19;1;620,0
6014;2026-01-19;3;91200;14;1;1860,0
6015;2026-08-29;1;85600;9;4;1240,0
6016;2026-05-23;3;18346;13;2;1240,0
6017;2023-09-09;2;85600;14;2;3100,0
6018;2024-12-13;5;810;13;2;1240,0
6019;2025-09-27;5;774;18;1;1860,0
6020;2023-05-06;5;18346;14;3;620,0
6021;2024-09-17;5;91200;17;2;1860,0
6022;2024-11-30;2;824;8;1;3100,0
6023;2024-12-02;4;3382;18;4;3100,0
6024;2025-07-02;4;898;9;4;3100,0
6025;2026-07-02;2;898;14;5;1240,0
6026;2023-04-05;1;85600;21;2;3100,0
6027;2026-07-23;3;62535;8;1;1860,0
6028;2025-01-06;3;3382;21;3;1860,0
6029;2023-03-06;2;91200;15;1;2480,0
6030;2025-04-22;4;774;13;5;3100,0
6031;2024-09-03;5;85600;15;5;1860,0
6032;2025-08-01;5;40315;10;4;620,0
6033;2025-08-27;2;85600;10;3;1860,0
6034;2026-08-12;5;40315;20;3;3100,0
6035;2026-08-09;5;62535;19;4;1860,0
6036;2024-08-29;2;810;21;4;1860,0
6037;2024-07-17;1;824;12;3;1240,0
6038;2023-02-23;4;898;18;4;1240,0
6039;2023-11-09;1;810;17;1;3100,0
6040;2023-05-06;5;18346;14;1;1240,0
6041;2024-04-05;5;774;10;2;620,0
6042;2025-02-14;1;91200;17;5;1860,0
6043;2024-12-19;3;774;12;5;1240,0
6044;2026-03-10;3;898;11;1;1240,0
6045;2023-03-16;1;824;12;1;3100,0
6046;2023-04-03;1;774;19;1;1240,0
6047;2023-08-25;4;810;16;4;1240,0
6048;2024-05-02;3;85600;18;4;1860,0
6049;2025-04-24;5;62535;11;3;1240,0
6050;2026-06-12;1;40315;9;5;2480,0
6051;2025-01-03;4;898;11;1;1240,0
6052;2025-01-10;1;91200;18;1;1860,0
6053;2023-07-03;1;85600;14;1;1860,0
6054;2024-11-09;2;898;19;2;3100,0
6055;2025-09-17;1;40315;8;3;3100,0
6056;2023-05-30;5;85600;16;2;620,0
6057;2023-08-02;4;62535;11;5;1860,0
6058;2025-04-13;3;91200;16;3;3100,0
6059;2024-04-09;3;62535;13;3;620,0
6060;2025-12-09;5;40315;16;1;620,0
6061;2024-06-07;3;18346;10;4;3100,0
6062;2025-09-19;3;62535;11;4;1240,0
6063;2024-07-28;4;62535;21;5;620,0
6064;2024-12-27;3;774;16;1;1240,0
6065;2023-01-29;5;774;21;4;1240,0
6066;2025-06-04;2;774;20;1;1240,0
6067;2024-07-10;4;774;14;2;620,0
6068;2025-10-19;5;40315;13;4;620,0
6069;2023-02-03;4;62535;9;4;2480,0
6070;2023-04-21;5;810;20;5;1240,0
6071;2024-05-30;3;40315;11;1;620,0
6072;2024-04-29;3;62535;11;3;1240,0
6073;2026-01-27;2;40315;15;1;620,0
6074;2026-07-29;3;824;16;4;1240,0
6075;2025-05-22;1;3382;9;5;620,0
6076;2026-07-08;4;824;11;2;1240,0
6077;2026-07-15;4;62535;15;3;2480,0
6078;2024-07-21;4;810;11;5;1860,0
6079;2024-06-21;1;40315;20;2;620,0
6080;2026-08-30;1;62535;18;3;1240,0
6081;2026-02-16;4;18346;21;2;1240,0
6082;2024-04-24;5;898;20;4;3100,0
6083;2024-02-10;4;91200;11;2;3100,0
6084;2026-03-19;4;40315;16;5;3100,0
6085;2024-10-31;5;18346;8;2;3100,0
6086;2025-01-20;4;3382;9;4;3100,0
6087;2024-04-07;2;85600;21;2;1860,0
6088;2026-06-29;4;898;14;2;620,0
6089;2025-05-26;5;85600;9;1;1860,0
6090;2023-10-28;5;85600;17;1;1240,0
6091;2023-04-17;5;898;21;1;3100,0
6092;2025-07-11;1;18346;20;4;2480,0
6093;2026-03-11;4;18346;19;3;1860,0
6094;2024-06-18;4;85600;15;4;3100,0
6095;2023-08-15;3;40315;20;5;1240,0
6096;2023-10-30;1;898;19;2;620,0
6097;2025-08-27;5;810;20;5;1860,0
6098;2023-04-26;5;898;20;2;2480,0
6099;2023-11-21;1;40315;14;2;1860,0
6100;2023-04-16;5;898;13;2;620,0
6101;2024-10-24;5;40315;12;3;1240,0
6102;2026-05-24;2;898;15;4;2480,0
6103;2024-07-11;3;3382;14;2;620,0
6104;2023-09-10;5;3382;14;4;2480,0
6105;2023-05-01;5;62535;12;5;3100,0
6106;2026-02-10;5;62535;14;4;1240,0
6107;2024-09-26;3;810;11;2;1240,0
6108;2023-02-03;1;3382;15;5;1860,0
6109;2025-11-20;3;774;20;3;2480,0
6110;2026-01-01;3;62535;18;3;3100,0
6111;2024-03-15;3;810;9;3;620,0
6112;2025-01-11;4;91200;12;4;3100,0
6113;2024-07-16;3;40315;18;1;620,0
6114;2023-06-26;2;898;9;4;1240,0
6115;2026-04-04;4;3382;19;2;3100,0
6116;2026-08-01;1;774;21;1;1240,0
6117;2023-11-30;1;774;10;2;1860,0
6118;2023-06-03;1;824;17;1;3100,0
6119;2024-10-17;5;774;8;2;2480,0
6120;2026-08-09;4;85600;11;1;1240,0
6121;2025-01-03;1;824;11;3;620,0
6122;2024-10-13;5;62535;16;3;2480,0
6123;2025-05-22;1;824;18;2;3100,0
6124;2026-06-15;2;91200;12;2;1240,0
6125;2025-08-25;4;810;12;3;1240,0
6126;2025-02-18;1;824;14;5;3100,0
6127;2024-09-10;3;40315;11;2;1240,0
6128;2024-10-07;5;40315;18;3;2480,0
6129;2023-09-03;4;810;11;2;3100,0
6130;2023-04-30;2;85600;14;2;620,0
6131;2024-11-04;4;91200;19;3;2480,0
6132;2025-03-25;1;85600;18;5;2480,0
6133;2024-03-20;5;810;15;1;1860,0
6134;2026-05-24;3;62535;14;2;1860,0
6135;2023-05-27;1;85600;20;2;2480,0
6136;2023-11-10;5;774;16;3;3100,0
6137;2025-11-27;3;774;15;3;2480,0
6138;2026-05-08;4;3382;12;3;1860,0
6139;2023-12-31;4;18346;16;2;1240,0
6140;2023-07-27;5;62535;20;2;1240,0
6141;2026-05-26;4;774;21;1;1240,0
6142;2026-07-19;5;898;17;4;1240,0
6143;2026-02-14;2;810;9;2;620,0
6144;2023-04-07;4;91200;9;3;620,0
6145;2024-11-05;3;810;11;1;3100,0
6146;2024-02-21;2;824;8;4;620,0
6147;2025-08-23;2;18346;13;4;620,0
6148;2024-07-04;1;824;21;3;2480,0
6149;2023-05-13;5;774;8;1;1240,0
6150;2025-04-06;1;62535;20;1;1860,0
6151;2025-11-24;2;62535;10;4;2480,0
6152;2023-05-25;4;18346;16;4;3100,0
6153;2024-12-26;2;40315;14;5;620,0
6154;2024-11-29;5;774;19;4;1860,0
6155;2024-02-18;2;85600;11;4;2480,0
6156;2025-06-29;5;898;17;2;620,0
6157;2024-05-18;1;824;8;2;3100,0
6158;2023-08-24;1;62535;17;3;1860,0
6159;2024-03-21;2;3382;12;4;2480,0
6160;2026-03-27;3;91200;20;2;1240,0
6161;2024-02-11;1;3382;18;3;1240,0
6162;2023-03-19;4;3382;12;2;620,0
6163;2025-07-22;3;810;21;1;3100,0
6164;2023-07-01;5;85600;14;1;1240,0
6165;2024-05-29;1;85600;10;5;3100,0
6166;2025-11-07;3;824;21;5;3100,0
6167;2024-10-11;4;85600;16;5;620,0
6168;2023-04-26;4;40315;8;2;2480,0
6169;2026-07-09;5;824;15;5;620,0
6170;2025-12-15;4;824;13;1;1860,0
6171;2023-11-02;4;3382;15;5;1860,0
6172;2025-12-11;4;62535;9;4;3100,0
6173;2024-10-19;4;898;15;5;2480,0
6174;2026-05-26;3;18346;15;3;2480,0
6175;2024-11-30;4;40315;14;5;1860,0
6176;2023-11-17;4;3382;19;1;2480,0
6177;2024-03-17;3;18346;15;1;620,0
6178;2026-01-09;5;18346;13;3;2480,0
6179;2025-11-16;3;18346;15;1;1860,0
6180;2026-06-11;4;898;13;2;620,0
6181;2024-11-09;2;774;13;3;1240,0
6182;2024-10-16;5;40315;21;3;1860,0
6183;2025-10-23;5;40315;13;2;1240,0
6184;2023-02-23;2;18346;15;2;3100,0
6185;2025-09-07;3;3382;21;4;3100,0
6186;2025-11-07;5;824;14;3;3100,0
6187;2025-01-28;4;18346;16;5;2480,0
6188;2023-05-19;4;91200;13;5;3100,0
6189;2026-07-22;4;91200;17;3;1240,0
6190;2026-03-12;3;810;16;5;1240,0
6191;2025-08-14;5;810;13;5;2480,0
6192;2025-05-11;1;62535;15;1;2480,0
6193;2026-03-23;4;40315;15;2;1240,0
6194;2026-02-26;1;62535;14;4;620,0
6195;2023-01-14;5;85600;14;1;620,0
6196;2023-06-10;5;898;12;3;3100,0
6197;2025-10-16;3;85600;17;1;1240,0
6198;2023-10-16;3;91200;20;5;1240,0
6199;2024-04-17;3;810;18;4;2480,0
6200;2024-09-10;2;62535;9;1;3100,0
6201;2025-07-16;4;40315;10;5;1240,0
6202;2025-01-05;4;774;13;5;1240,0
6203;2025-12-12;3;40315;14;2;620,0
6204;2025-06-16;5;774;14;1;620,0
6205;2026-08-05;1;3382;17;5;620,0
6206;2026-04-23;3;40315;20;4;3100,0
6207;2024-02-07;4;91200;17;2;3100,0
6208;2023-07-13;3;774;10;2;2480,0
6209;2023-10-04;3;774;12;3;620,0
6210;2025-02-15;5;40315;17;2;3100,0
6211;2024-01-01;1;40315;19;4;620,0
6212;2025-02-12;3;91200;16;1;2480,0
6213;2025-04-03;3;3382;14;4;1860,0
6214;2025-09-17;1;85600;12;4;620,0
6215;2026-06-26;4;40315;8;3;3100,0
6216;2023-08-30;1;18346;8;1;1240,0
6217;2026-01-12;2;62535;19;3;2480,0
6218;2025-01-27;2;62535;11;2;2480,0
6219;2024-04-08;5;810;20;4;3100,0
6220;2025-06-09;4;824;15;4;3100,0
6221;2025-12-24;1;40315;21;3;1860,0
6222;2025-09-26;1;3382;18;1;1240,0
6223;2024-07-17;1;3382;9;2;1240,0
6224;2023-03-05;3;85600;14;3;2480,0
6225;2025-11-15;1;774;12;4;1240,0
6226;2024-10-06;2;91200;13;1;3100,0
6227;2026-03-01;4;810;18;1;2480,0
6228;2026-06-20;4;810;9;2;2480,0
6229;2026-02-16;5;40315;11;3;1860,0
6230;2023-08-22;1;18346;14;4;1860,0
6231;2026-04-12;5;18346;11;3;620,0
6232;2024-01-13;2;91200;17;2;3100,0
6233;2025-06-07;1;898;10;1;3100,0
6234;2023-10-13;4;898;8;2;1240,0
6235;2024-06-22;3;810;18;1;1240,0
6236;2024-03-22;1;774;13;4;1240,0
6237;2026-07-24;3;85600;11;4;3100,0
6238;2026-07-28;3;62535;11;3;620,0
6239;2026-03-27;2;810;12;2;620,0
6240;2024-07-18;4;898;19;3;3100,0
6241;2023-04-19;4;18346;17;5;3100,0
6242;2025-06-23;3;91200;20;2;1860,0
6243;2025-05-13;1;40315;13;4;1240,0
6244;2025-02-28;2;18346;15;4;1240,0
6245;2024-04-18;2;824;14;5;3100,0
6246;2024-08-22;1;774;8;3;3100,0
6247;2023-03-10;3;810;10;4;2480,0
6248;2024-07-27;1;62535;20;1;1240,0
6249;2025-04-21;4;898;11;5;1240,0
6250;2023-03-28;1;898;16;2;3100,0
6251;2024-08-21;2;18346;11;5;620,0
6252;2025-04-26;2;18346;14;5;1860,0
6253;2024-05-15;5;85600;16;5;1240,0
6254;2025-08-07;4;18346;18;4;2480,0
6255;2023-02-19;2;62535;19;1;3100,0
6256;2026-06-29;2;91200;20;1;620,0
6257;2025-09-08;4;62535;8;4;1240,0
6258;2023-01-29;2;810;10;3;2480,0
6259;2026-05-17;3;810;17;2;620,0
6260;2023-11-28;1;774;10;3;3100,0
6261;2024-01-07;1;18346;10;4;1860,0
6262;2023-09-21;4;18346;8;3;2480,0
6263;2025-04-16;5;40315;12;2;1860,0
6264;2023-04-26;3;18346;13;5;1240,0
6265;2026-01-20;5;18346;17;3;2480,0
6266;2024-09-18;2;774;8;1;2480,0
6267;2024-01-09;2;85600;17;1;3100,0
6268;2024-03-05;2;898;10;4;2480,0
6269;2023-04-03;4;3382;11;1;2480,0
6270;2025-03-07;2;898;19;3;1860,0
6271;2025-07-16;3;824;11;3;3100,0
6272;2026-02-18;5;774;19;5;1240,0
6273;2025-04-07;1;824;8;5;3100,0
6274;2023-12-30;3;810;18;5;1860,0
6275;2026-06-30;5;3382;15;4;620,0
6276;2024-01-31;4;824;14;1;3100,0
6277;2024-10-12;5;18346;10;5;2480,0
6278;2026-01-19;3;18346;9;2;1860,0
6279;2024-03-31;2;898;13;1;3100,0
6280;2024-02-27;4;824;13;2;1240,0
6281;2025-10-18;4;40315;18;3;1860,0
6282;2026-08-22;2;40315;12;3;1240,0
6283;2025-01-17;1;810;8;4;3100,0
6284;2024-06-04;3;3382;15;3;1860,0
6285;2023-02-19;4;898;14;5;1240,0
6286;2024-09-12;2;810;12;2;1860,0
6287;2024-03-28;2;824;17;3;620,0
6288;2026-01-27;3;898;8;4;3100,0
6289;2026-04-29;5;824;17;2;620,0
6290;2026-06-24;1;85600;19;1;3100,0
6291;2026-05-20;4;18346;10;2;3100,0
6292;2023-10-04;3;85600;9;2;1240,0
6293;2025-05-06;3;3382;14;4;620,0
6294;2024-11-03;2;62535;8;5;3100,0
6295;2024-06-04;4;810;11;3;1860,0
6296;2024-01-23;2;18346;21;1;620,0
6297;2023-02-13;3;85600;17;4;1240,0
6298;2023-04-18;4;3382;21;4;1240,0
6299;2024-06-16;5;3382;15;1;2480,0
6300;2025-10-07;1;3382;16;5;1860,0
6301;2023-04-24;4;774;9;5;620,0
6302;2025-07-25;4;91200;19;4;1860,0
6303;2024-07-25;1;810;21;5;1860,0
6304;2024-11-22;5;62535;19;2;1860,0
6305;2025-03-18;3;62535;16;5;1240,0
6306;2025-08-03;2;62535;12;2;2480,0
6307;2024-01-13;1;774;12;2;1240,0
6308;2023-04-12;4;3382;14;3;2480,0
6309;2023-10-11;5;85600;17;1;620,0
6310;2026-04-25;2;18346;15;5;2480,0
6311;2026-07-01;3;91200;20;1;620,0
6312;2025-11-29;2;3382;21;4;3100,0
6313;2024-03-13;5;85600;14;3;3100,0
6314;2025-05-19;3;774;17;1;1860,0
6315;2024-01-14;2;18346;13;1;2480,0
6316;2025-05-19;4;18346;21;2;3100,0
6317;2026-07-16;4;18346;13;2;2480,0
6318;2024-05-14;3;774;17;1;3100,0
6319;2024-12-25;5;62535;8;1;620,0
6320;2023-07-14;3;18346;9;2;1240,0
6321;2025-12-21;5;18346;8;2;2480,0
6322;2025-11-24;5;62535;21;5;1860,0
6323;2025-03-06;2;62535;14;4;620,0
6324;2023-01-04;2;774;20;5;1860,0
6325;2024-04-26;3;18346;10;1;1860,0
6326;2023-02-12;2;91200;9;3;1860,0
6327;2023-04-29;5;91200;10;2;1860,0
6328;2023-12-19;3;810;11;1;2480,0
6329;2024-04-13;5;91200;17;3;1860,0
6330;2024-08-23;1;62535;14;1;1860,0
6331;2025-04-14;4;40315;15;4;1860,0
6332;2024-03-07;5;824;17;2;3100,0
6333;2024-01-16;3;18346;12;1;3100,0
6334;2026-04-01;4;18346;20;3;2480,0
6335;2023-04-04;1;824;18;5;2480,0
6336;2024-10-05;4;91200;11;4;2480,0
6337;2025-12-03;3;824;14;5;1240,0
6338;2023-10-30;1;774;17;3;620,0
6339;2026-07-18;4;91200;10;2;620,0
6340;2023-09-20;2;18346;9;3;2480,0
6341;2023-02-22;4;824;17;4;2480,0
6342;2023-02-13;3;3382;12;1;2480,0
6343;2023-10-30;5;810;20;5;3100,0
6344;2026-03-14;4;898;19;2;2480,0
6345;2026-06-13;2;810;20;3;620,0
6346;2025-05-22;4;40315;12;4;1860,0
6347;2025-01-04;3;3382;16;1;2480,0
6348;2023-03-31;2;18346;14;3;1240,0
6349;2025-06-06;3;3382;11;4;2480,0
6350;2025-07-20;2;91200;16;1;1860,0
6351;2024-11-26;4;62535;8;1;3100,0
6352;2023-04-23;1;774;18;1;3100,0
6353;2025-10-18;3;824;15;4;1860,0
6354;2025-05-21;2;91200;17;1;2480,0
6355;2023-06-04;5;18346;8;3;1860,0
6356;2023-08-05;3;774;16;2;1860,0
6357;2025-10-04;5;40315;8;5;1860,0
6358;2023-03-21;3;18346;15;1;620,0
6359;2026-07-21;2;3382;20;1;3100,0
6360;2024-05-03;1;898;8;5;1240,0
6361;2025-04-22;5;774;14;5;1240,0
6362;2024-11-03;3;18346;11;4;3100,0
6363;2026-06-12;4;40315;10;2;1860,0
6364;2026-05-27;4;824;14;1;2480,0
6365;2025-04-22;3;40315;17;4;1860,0
6366;2025-12-24;3;3382;15;3;1240,0
6367;2024-08-10;2;774;11;4;3100,0
6368;2026-03-07;3;18346;10;3;3100,0
6369;2025-01-17;1;85600;9;1;3100,0
6370;2023-09-14;3;824;11;1;620,0
6371;2023-01-15;1;774;11;4;620,0
6372;2023-11-12;3;40315;19;3;3100,0
6373;2025-12-24;3;774;14;5;1860,0
6374;2024-12-25;4;824;18;3;2480,0
6375;2024-04-19;3;824;15;1;1240,0
6376;2025-06-14;3;774;8;1;3100,0
6377;2025-01-01;1;774;16;2;1240,0
6378;2025-01-06;5;3382;21;5;2480,0
6379;2024-07-23;3;824;15;3;1860,0
6380;2023-09-02;3;824;13;2;3100,0
6381;2025-10-17;4;824;21;4;620,0
6382;2025-10-14;2;898;15;4;3100,0
6383;2023-11-11;2;824;14;2;620,0
6384;2026-02-22;1;810;11;5;2480,0
6385;2023-06-25;2;774;19;4;1240,0
6386;2025-09-23;4;91200;15;3;1860,0
6387;2024-11-25;2;3382;20;1;3100,0
6388;2026-02-28;5;824;10;1;620,0
6389;2024-05-09;2;824;11;3;3100,0
6390;2023-11-14;4;774;15;4;3100,0
6391;2023-06-26;3;85600;12;1;3100,0
6392;2026-07-18;2;810;15;4;1240,0
6393;2024-02-09;4;3382;14;3;1860,0
6394;2025-05-28;5;774;11;2;2480,0
6395;2025-12-15;2;3382;13;2;620,0
6396;2024-03-31;4;40315;17;3;620,0
6397;2023-10-27;2;810;18;5;1860,0
6398;2024-12-14;5;18346;8;4;1860,0
6399;2024-08-09;1;85600;20;1;1860,0
6400;2023-10-11;2;824;18;3;3100,0
6401;2026-05-27;2;824;21;5;1240,0
6402;2025-05-13;5;62535;17;4;1240,0
6403;2023-03-23;3;824;18;1;1860,0
6404;2025-03-10;3;62535;10;2;620,0
6405;2026-02-03;3;91200;14;2;2480,0
6406;2026-04-22;2;18346;13;3;1860,0
6407;2025-12-15;4;824;21;5;620,0
6408;2026-03-24;3;40315;15;2;2480,0
6409;2026-04-01;5;85600;18;2;3100,0
6410;2026-05-15;4;3382;18;4;1860,0
6411;2023-06-12;5;824;11;1;620,0
6412;2023-11-06;2;898;15;5;620,0
6413;2026-03-04;3;810;8;1;1240,0
6414;2023-05-06;1;810;17;5;2480,0
6415;2023-12-29;3;18346;18;5;1860,0
6416;2023-02-01;5;40315;9;5;2480,0
6417;2024-02-09;4;40315;18;1;2480,0
6418;2025-04-08;1;40315;10;1;620,0
6419;2023-01-20;2;3382;15;3;2480,0
6420;2024-05-08;5;62535;21;3;1240,0
6421;2023-11-23;5;91200;20;3;1860,0
6422;2024-10-30;1;898;10;2;1860,0
6423;2025-01-09;5;824;12;1;2480,0
6424;2025-11-21;5;824;21;4;620,0
6425;2025-05-05;2;85600;21;2;1860,0
6426;2023-10-18;4;824;10;5;1240,0
6427;2024-12-29;2;91200;20;5;620,0
6428;2023-09-20;1;62535;16;3;3100,0
6429;2026-07-19;4;810;12;1;3100,0
6430;2024-03-02;5;85600;18;3;1860,0
6431;2024-04-12;5;824;13;1;1860,0
6432;2024-05-08;2;898;17;4;1860,0
6433;2023-12-17;5;810;18;4;1240,0
6434;2023-07-29;3;810;8;4;620,0
6435;2026-08-26;3;91200;15;4;620,0
6436;2024-03-17;3;824;8;5;3100,0
6437;2026-05-05;1;91200;10;5;3100,0
6438;2026-03-09;3;824;9;5;3100,0
6439;2025-10-23;3;18346;17;3;1860,0
6440;2026-08-22;3;3382;20;5;620,0
6441;2026-03-20;4;898;10;1;1860,0
6442;2026-03-14;1;898;21;3;620,0
6443;2024-12-26;5;810;10;1;620,0
6444;2024-11-18;5;18346;18;2;1860,0
6445;2023-04-28;1;824;18;3;1860,0
6446;2023-12-17;1;824;16;4;620,0
6447;2025-03-08;1;91200;12;1;3100,0
6448;2026-07-20;1;91200;12;4;1860,0
6449;2024-04-23;2;40315;21;1;1240,0
6450;2024-01-26;1;774;16;1;1860,0
6451;2025-09-07;2;40315;12;4;1240,0
6452;2024-07-01;1;85600;20;2;1860,0
6453;2024-02-18;5;898;15;3;2480,0
6454;2024-02-03;2;774;15;3;1240,0
6455;2025-01-21;4;40315;18;2;1240,0
6456;2026-02-18;4;3382;15;5;3100,0
6457;2024-12-05;2;91200;20;4;620,0
6458;2026-08-18;4;40315;10;3;3100,0
6459;2026-07-03;5;824;17;1;620,0
6460;2025-04-12;2;62535;12;1;3100,0
6461;2026-08-24;2;824;13;1;2480,0
6462;2026-02-26;4;62535;8;2;620,0
6463;2023-03-18;1;62535;14;4;1860,0
6464;2025-09-14;4;898;20;5;3100,0
6465;2023-02-12;4;3382;10;5;2480,0
6466;2025-06-12;1;810;17;4;1240,0
6467;2026-06-21;4;3382;11;5;1240,0
6468;2024-11-02;2;898;12;1;620,0
6469;2025-04-01;1;85600;15;5;1240,0
6470;2024-09-22;4;91200;18;3;3100,0
6471;2023-05-22;2;3382;20;3;1860,0
6472;2023-12-04;2;91200;20;1;1240,0
6473;2024-04-16;3;40315;21;3;1240,0
6474;2026-01-20;3;824;8;4;620,0
6475;2023-08-16;5;18346;8;1;2480,0
6476;2025-06-15;4;62535;21;5;1240,0
6477;2024-07-25;4;91200;20;3;1240,0
6478;2025-12-04;4;18346;19;3;620,0
6479;2025-04-19;2;3382;21;5;620,0
6480;2025-09-23;3;18346;10;5;3100,0
6481;2024-09-10;3;18346;18;3;620,0
6482;2026-07-21;2;774;21;1;1860,0
6483;2025-12-21;3;91200;19;3;1860,0
6484;2023-03-16;3;810;18;3;3100,0
6485;2024-04-08;4;898;11;1;1860,0
6486;2026-03-03;2;40315;20;2;1240,0
6487;2024-10-08;4;3382;15;3;620,0
6488;2025-08-28;4;62535;10;1;620,0
6489;2026-06-30;3;85600;20;2;620,0
6490;2023-01-21;1;85600;9;3;1240,0
6491;2024-06-01;3;824;13;1;1860,0
6492;2023-01-31;3;40315;17;5;3100,0
6493;2025-01-12;4;3382;16;2;1860,0
6494;2024-06-21;3;91200;10;5;3100,0
6495;2023-04-24;5;85600;15;3;2480,0
6496;2024-11-28;5;898;14;4;3100,0
6497;2025-12-28;2;91200;21;4;1860,0
6498;2024-02-11;5;3382;17;3;3100,0
6499;2025-04-10;1;824;8;5;3100,0
6500;2025-03-27;4;898;16;1;2480,0
6501;2023-08-24;1;810;8;3;2480,0
6502;2024-09-13;3;85600;14;5;3100,0
6503;2025-01-17;4;824;20;1;2480,0
6504;2024-05-16;1;898;14;2;2480,0
6505;2025-02-01;1;774;20;3;3100,0
6506;2023-04-29;4;40315;12;5;620,0
6507;2025-08-18;2;40315;8;4;620,0
6508;2023-01-11;3;810;9;5;1860,0
6509;2026-02-17;1;62535;9;2;620,0
6510;2025-09-22;3;824;14;2;2480,0
6511;2024-06-27;2;3382;18;4;3100,0
6512;2023-08-02;2;18346;18;3;1860,0
6513;2024-04-22;2;774;19;5;3100,0
6514;2023-04-26;1;774;16;1;2480,0
6515;2026-04-04;1;898;10;1;1860,0
6516;2024-01-04;2;85600;10;3;620,0
6517;2023-05-22;3;898;19;2;2480,0
6518;2026-08-01;4;40315;12;4;1860,0
6519;2025-09-06;3;62535;9;4;3100,0
6520;2024-04-27;5;3382;14;3;1860,0
6521;2026-07-13;5;898;19;5;620,0
6522;2026-06-17;2;18346;14;4;2480,0
6523;2023-04-06;1;62535;20;4;3100,0
6524;2023-10-26;4;91200;17;1;1240,0
6525;2023-08-25;3;824;15;5;2480,0
6526;2025-05-08;3;85600;17;2;3100,0
6527;2026-02-13;2;898;8;5;1860,0
6528;2025-06-07;5;3382;17;3;1240,0
6529;2024-02-17;2;810;18;1;1240,0
6530;2026-07-19;2;824;13;1;3100,0
6531;2025-12-31;1;85600;15;2;620,0
6532;2025-08-27;2;898;11;2;2480,0
6533;2024-06-05;2;774;8;5;3100,0
6534;2023-05-19;1;824;8;3;1240,0
6535;2026-02-20;3;810;16;4;1240,0
6536;2026-08-11;3;85600;10;5;1860,0
6537;2025-03-29;2;898;10;1;1860,0
6538;2023-08-12;1;40315;17;2;3100,0
6539;2026-01-28;2;18346;14;5;1240,0
6540;2025-03-11;2;18346;21;4;2480,0
6541;2023-04-15;1;898;8;5;1860,0
6542;2024-03-09;3;774;15;5;2480,0
6543;2024-07-27;2;774;17;3;1240,0
6544;2024-07-25;5;898;17;4;620,0
6545;2026-06-10;2;18346;21;4;3100,0
6546;2023-08-06;3;85600;15;4;2480,0
6547;2025-04-17;5;824;11;1;1860,0
6548;2026-01-07;5;91200;14;3;1240,0
6549;2023-07-06;2;774;21;2;620,0
6550;2024-08-15;2;3382;13;1;1240,0
6551;2023-02-26;2;62535;9;2;620,0
6552;2025-08-14;3;62535;21;4;3100,0
6553;2025-02-13;1;91200;9;2;3100,0
6554;2024-06-26;1;3382;19;4;1240,0
6555;2025-01-08;4;18346;10;5;3100,0
6556;2024-01-10;2;85600;14;1;620,0
6557;2026-08-24;3;62535;20;3;3100,0
6558;2024-05-05;4;824;12;2;1240,0
6559;2023-02-09;4;18346;8;1;3100,0
6560;2024-06-20;3;3382;10;1;620,0
6561;2023-07-18;2;85600;18;4;3100,0
6562;2024-09-09;5;91200;13;4;3100,0
6563;2026-02-16;4;810;21;4;1240,0
6564;2024-09-13;3;62535;12;2;3100,0
6565;2026-01-23;4;40315;19;1;1860,0
6566;2023-01-30;1;810;19;5;3100,0
6567;2025-01-08;2;810;20;1;2480,0
6568;2024-09-05;2;898;17;5;1860,0
6569;2024-10-16;3;91200;20;5;2480,0
6570;2024-11-19;4;85600;20;1;1860,0
6571;2023-10-06;5;3382;17;4;1240,0
6572;2026-07-30;3;62535;19;1;1240,0
6573;2023-05-19;3;3382;9;2;1860,0
6574;2023-05-01;1;40315;11;1;2480,0
6575;2024-05-28;5;62535;16;4;1240,0
6576;2024-11-03;5;40315;16;1;1860,0
6577;2023-12-22;4;824;13;2;1860,0
6578;2025-08-24;3;774;13;4;3100,0
6579;2024-12-19;4;824;20;4;3100,0
6580;2024-12-02;2;774;13;4;620,0
6581;2023-04-08;1;91200;20;3;3100,0
6582;2024-11-25;1;774;15;2;1860,0
6583;2023-12-06;2;774;9;5;1240,0
6584;2024-07-17;1;810;12;5;1240,0
6585;2024-09-20;3;810;15;4;620,0
6586;2024-08-18;2;824;12;5;1860,0
6587;2026-05-01;1;774;20;1;1860,0
6588;2024-12-30;1;40315;17;4;1860,0
6589;2023-03-03;5;40315;9;5;1860,0
6590;2023-07-03;3;18346;10;3;1860,0
6591;2024-03-26;4;40315;17;1;1240,0
6592;2024-07-17;1;18346;20;2;1860,0
6593;2023-04-20;4;898;8;5;1860,0
6594;2025-12-22;1;3382;16;4;2480,0
6595;2024-10-24;1;810;13;5;3100,0
6596;2023-02-05;3;3382;9;3;3100,0
6597;2023-09-21;2;824;16;2;1860,0
6598;2025-07-26;1;18346;21;3;1860,0
6599;2025-04-13;4;62535;8;2;1240,0
6600;2026-01-14;5;85600;8;1;1860,0
6601;2023-05-05;1;774;15;4;620,0
6602;2023-09-07;2;40315;8;2;3100,0
6603;2025-10-16;2;824;18;5;1240,0
6604;2023-02-22;4;18346;11;2;620,0
6605;2023-01-30;4;774;15;5;3100,0
6606;2023-07-12;3;774;11;3;620,0
6607;2025-12-31;5;810;15;1;1240,0
6608;2023-02-02;4;85600;21;2;3100,0
6609;2023-12-23;2;774;13;1;3100,0
6610;2024-05-16;5;91200;20;1;620,0
6611;2024-07-21;1;91200;14;2;2480,0
6612;2024-04-24;4;898;20;4;1240,0
6613;2023-10-02;3;810;9;3;1860,0
6614;2026-07-19;3;18346;18;5;1860,0
6615;2025-03-30;5;824;18;5;1860,0
6616;2026-01-21;3;3382;21;4;1860,0
6617;2023-11-12;4;85600;9;4;620,0
6618;2023-07-01;4;774;19;4;1860,0
6619;2025-07-05;3;85600;14;3;2480,0
6620;2025-11-11;2;898;9;4;620,0
6621;2025-10-07;3;774;13;4;3100,0
6622;2024-04-08;4;40315;9;2;3100,0
6623;2023-01-04;2;824;11;5;620,0
6624;2024-01-23;1;898;9;4;3100,0
6625;2025-03-07;1;91200;8;5;2480,0
6626;2023-10-18;1;62535;12;5;2480,0
6627;2026-08-21;3;85600;8;4;3100,0
6628;2023-01-29;4;810;15;4;620,0
6629;2024-11-21;2;824;11;5;620,0
6630;2024-04-27;4;40315;17;4;2480,0
6631;2024-05-14;3;774;21;1;620,0
6632;2025-11-22;5;40315;16;1;1240,0
6633;2025-08-28;1;18346;17;5;1860,0
6634;2026-08-30;4;824;18;5;3100,0
6635;2026-06-09;3;85600;10;2;1240,0
6636;2025-10-16;1;18346;14;5;1860,0
6637;2023-06-18;1;40315;15;3;1860,0
6638;2026-03-28;5;18346;10;2;3100,0
6639;2025-10-21;3;810;17;5;3100,0
6640;2023-11-21;3;91200;16;2;620,0
6641;2025-05-22;3;810;11;4;3100,0
6642;2024-11-03;1;18346;16;3;2480,0
6643;2026-01-23;5;898;14;3;620,0
6644;2025-03-22;1;898;18;5;2480,0
6645;2026-05-21;5;774;8;5;3100,0
6646;2025-04-05;2;91200;14;3;3100,0
6647;2024-09-29;3;898;20;5;1240,0
6648;2023-06-29;4;91200;8;1;620,0
6649;2023-09-15;5;774;10;5;1240,0
6650;2025-08-25;1;774;14;5;1240,0
6651;2025-05-18;3;824;8;4;620,0
6652;2024-03-24;1;810;21;5;1240,0
6653;2023-03-10;3;824;10;3;2480,0
6654;2026-08-14;1;810;18;4;1860,0
6655;2026-04-07;3;85600;17;1;3100,0
6656;2025-07-12;1;824;13;2;1240,0
6657;2026-07-10;2;18346;20;2;1860,0
6658;2025-06-21;2;810;21;4;1860,0
6659;2024-08-26;5;40315;12;1;620,0
6660;2026-07-07;3;40315;17;3;1240,0
6661;2025-10-26;4;85600;17;1;3100,0
6662;2025-12-26;3;91200;13;1;3100,0
6663;2024-12-04;4;40315;12;5;1240,0
6664;2023-10-28;4;824;19;3;620,0
6665;2025-02-07;5;3382;9;3;1860,0
6666;2025-02-21;5;18346;11;1;3100,0
6667;2026-01-26;4;40315;21;2;620,0
6668;2025-03-21;5;774;21;3;3100,0
6669;2025-06-19;5;898;19;5;1860,0
6670;2025-09-12;3;3382;14;5;3100,0
6671;2024-08-30;3;85600;16;2;620,0
6672;2023-05-18;5;824;17;3;3100,0
6673;2025-08-13;2;810;20;1;1240,0
6674;2026-03-31;4;85600;19;1;620,0
6675;2023-08-01;1;774;14;5;3100,0
6676;2026-08-07;1;3382;20;5;1240,0
6677;2026-04-14;4;18346;16;2;3100,0
6678;2025-05-28;4;62535;19;3;1860,0
6679;2026-01-22;3;3382;14;5;1860,0
6680;2023-05-15;4;62535;15;1;1240,0
6681;2025-09-28;2;898;14;3;1860,0
6682;2026-06-12;1;91200;21;5;2480,0
6683;2024-04-03;2;810;12;1;1240,0
6684;2023-06-17;1;40315;12;3;2480,0
6685;2023-06-22;4;3382;9;4;2480,0
6686;2023-12-30;4;3382;17;4;3100,0
6687;2024-03-03;2;774;12;3;2480,0
6688;2024-05-09;4;774;14;5;620,0
6689;2024-09-24;4;898;20;3;2480,0
6690;2026-04-21;3;774;10;4;1860,0
6691;2025-01-30;2;824;19;2;1240,0
6692;2023-04-03;5;810;12;4;620,0
6693;2025-06-11;3;40315;11;1;1240,0
6694;2026-05-19;5;18346;21;3;620,0
6695;2026-03-24;1;810;16;2;620,0
6696;2024-05-14;5;18346;16;2;3100,0
6697;2026-02-15;3;62535;14;4;2480,0
6698;2026-02-06;3;85600;13;4;1860,0
6699;2023-01-29;2;40315;20;1;1860,0
6700;2026-04-02;1;824;11;3;1240,0
6701;2026-06-13;2;40315;19;2;2480,0
6702;2025-12-24;5;3382;9;4;2480,0
6703;2026-08-03;4;62535;13;5;620,0
6704;2023-08-04;2;91200;12;5;1240,0
6705;2024-05-11;4;91200;11;5;3100,0
6706;2023-02-04;2;40315;10;4;3100,0
6707;2026-02-25;2;3382;19;1;1240,0
6708;2023-11-15;1;40315;12;2;3100,0
6709;2025-03-17;1;810;9;4;2480,0
6710;2025-01-15;4;18346;14;4;3100,0
6711;2024-06-06;5;91200;20;2;3100,0
6712;2026-06-08;2;810;11;3;1860,0
6713;2024-06-21;3;810;12;2;1860,0
6714;2025-04-05;2;810;12;4;3100,0
6715;2024-03-09;5;3382;8;4;620,0
6716;2025-05-26;2;91200;19;2;2480,0
6717;2023-01-16;3;774;16;4;3100,0
6718;2026-03-24;2;824;13;2;1240,0
6719;2025-02-22;1;824;13;4;620,0
6720;2023-10-02;2;774;19;3;1240,0
6721;2025-10-19;5;40315;18;3;1240,0
6722;2023-08-28;4;18346;13;3;1860,0
6723;2024-08-12;5;3382;9;1;1240,0
6724;2024-12-07;5;3382;19;1;620,0
6725;2026-08-06;4;85600;16;1;1240,0
6726;2025-05-15;2;3382;8;4;2480,0
6727;2024-06-24;4;62535;19;1;620,0
6728;2024-04-03;4;91200;21;4;620,0
6729;2026-01-20;5;824;19;3;1860,0
6730;2024-06-10;2;898;19;5;2480,0
6731;2023-01-27;1;3382;10;4;1240,0
6732;2025-06-18;4;18346;11;4;1240,0
6733;2026-02-27;2;824;8;5;3100,0
6734;2026-05-08;1;85600;8;5;620,0
6735;2025-08-31;4;62535;8;2;620,0
6736;2026-03-04;4;3382;21;4;1860,0
6737;2023-03-01;4;18346;9;4;620,0
6738;2023-12-27;5;898;21;4;2480,0
6739;2026-08-28;2;3382;11;5;1240,0
6740;2023-03-17;1;40315;12;5;2480,0
6741;2023-02-05;1;824;10;4;2480,0
6742;2024-03-17;5;18346;13;1;620,0
6743;2023-10-25;5;774;10;2;2480,0
6744;2023-06-16;2;824;11;4;1860,0
6745;2026-06-11;3;774;13;5;2480,0
6746;2024-07-28;1;810;20;2;1240,0
6747;2024-09-13;2;18346;17;4;620,0
6748;2025-07-26;1;40315;11;4;1240,0
6749;2025-05-16;5;3382;14;1;1860,0
6750;2023-05-04;5;40315;18;1;1860,0
6751;2023-11-23;1;898;9;5;1240,0
6752;2025-12-15;1;774;15;2;1860,0
6753;2026-07-27;4;774;16;5;1240,0
6754;2024-04-10;2;91200;21;4;2480,0
6755;2023-09-05;3;62535;17;3;620,0
6756;2025-09-26;1;824;9;3;620,0
6757;2023-09-04;3;62535;16;5;620,0
6758;2026-01-15;3;62535;8;3;620,0
6759;2023-02-10;1;18346;20;1;3100,0
6760;2023-10-16;3;774;12;3;1240,0
6761;2024-04-27;5;810;15;2;2480,0
6762;2026-01-11;3;774;14;5;620,0
6763;2024-07-09;1;824;14;5;1860,0
6764;2026-01-05;5;40315;16;3;1240,0
6765;2023-11-03;1;91200;18;5;2480,0
6766;2025-01-05;5;898;18;1;620,0
6767;2024-08-28;4;774;13;2;620,0
6768;2024-05-31;4;18346;10;3;1240,0
6769;2025-02-04;4;85600;18;3;3100,0
6770;2025-09-23;1;40315;14;5;1240,0
6771;2023-08-24;5;85600;20;5;1860,0
6772;2024-12-17;2;824;13;4;1860,0
6773;2024-04-04;2;40315;14;4;2480,0
6774;2023-07-22;2;898;12;3;1860,0
6775;2025-06-04;3;810;17;5;620,0
6776;2023-05-23;5;62535;12;3;1240,0
6777;2026-08-17;2;40315;20;1;3100,0
6778;2023-04-14;4;3382;17;5;1860,0
6779;2024-06-26;3;85600;14;1;1240,0
6780;2023-05-26;2;62535;11;2;2480,0
6781;2026-08-05;1;774;12;1;3100,0
6782;2023-04-03;3;85600;12;1;1860,0
6783;2024-07-05;3;898;8;3;1860,0
6784;2025-10-20;4;91200;21;2;3100,0
6785;2023-06-15;5;91200;16;3;1860,0
6786;2023-07-10;5;824;11;4;2480,0
6787;2023-09-03;5;774;13;4;1860,0
6788;2026-08-14;5;898;13;5;2480,0
6789;2024-02-20;3;824;16;5;2480,0
6790;2025-01-10;5;62535;11;1;1860,0
6791;2023-07-21;3;810;13;3;3100,0
6792;2024-03-20;4;898;20;5;1860,0
6793;2024-04-15;3;18346;21;3;620,0
6794;2024-05-08;5;898;17;2;620,0
6795;2023-09-04;2;40315;9;2;1240,0
6796;2025-08-14;3;62535;13;3;620,0
6797;2026-04-09;3;898;20;5;3100,0
6798;2025-08-31;3;810;8;2;620,0
6799;2026-01-30;4;62535;14;5;1860,0
6800;2024-04-20;1;91200;12;3;620,0
6801;2025-02-03;1;810;13;4;2480,0
6802;2026-02-20;5;774;11;2;620,0
6803;2023-02-07;4;774;10;3;1240,0
6804;2024-05-27;5;85600;15;1;3100,0
6805;2025-07-08;2;40315;19;1;1860,0
6806;2023-05-15;4;91200;17;2;1860,0
6807;2024-09-21;4;40315;16;2;620,0
6808;2026-05-25;5;774;9;4;2480,0
6809;2026-01-16;2;774;12;3;620,0
6810;2023-07-19;4;810;12;4;2480,0
6811;2026-03-12;1;824;10;3;3100,0
6812;2025-08-21;5;62535;18;4;1240,0
6813;2023-05-17;1;810;8;1;1860,0
6814;2026-05-21;2;62535;11;4;1860,0
6815;2026-03-10;1;898;13;5;620,0
6816;2025-11-15;4;898;14;4;3100,0
6817;2026-03-29;2;85600;21;2;3100,0
6818;2025-08-26;5;3382;14;1;2480,0
6819;2026-06-02;2;898;14;5;2480,0
6820;2025-09-11;3;40315;12;1;3100,0
6821;2026-05-07;1;3382;10;4;1240,0
6822;2023-10-20;5;810;15;3;1240,0
6823;2023-03-14;4;62535;12;5;1240,0
6824;2023-06-26;4;898;10;2;3100,0
6825;2026-01-04;3;40315;8;3;3100,0
6826;2026-08-06;5;62535;19;5;2480,0
6827;2026-06-13;3;810;15;5;1240,0
6828;2023-10-29;2;18346;9;1;3100,0
6829;2026-01-22;2;40315;15;5;3100,0
6830;2024-07-08;4;40315;15;5;3100,0
6831;2025-04-05;1;85600;19;1;620,0
6832;2025-07-31;5;85600;16;2;2480,0
6833;2025-09-15;2;18346;18;1;1240,0
6834;2026-05-10;4;810;21;5;3100,0
6835;2025-12-03;4;3382;21;1;2480,0
6836;2026-01-16;5;774;19;5;1240,0
6837;2026-07-05;2;774;15;5;2480,0
6838;2023-11-27;4;898;13;1;2480,0
6839;2026-04-04;4;810;20;2;620,0
6840;2025-09-20;4;898;19;4;2480,0
6841;2026-05-09;4;18346;16;5;620,0
6842;2025-03-20;1;40315;21;3;1240,0
6843;2026-01-05;3;40315;12;3;1240,0
6844;2026-05-04;2;40315;13;2;620,0
6845;2025-05-12;1;810;18;2;3100,0
6846;2025-10-16;2;85600;11;1;620,0
6847;2026-01-20;1;3382;11;3;1240,0
6848;2024-04-25;3;85600;21;2;1240,0
6849;2024-05-01;3;824;17;4;1240,0
6850;2024-08-13;5;824;11;2;3100,0
6851;2026-06-03;1;18346;18;5;2480,0
6852;2024-05-26;4;3382;21;3;3100,0
6853;2025-07-10;3;85600;11;4;1240,0
6854;2024-03-02;3;91200;17;1;3100,0
6855;2023-01-12;3;85600;21;4;3100,0
6856;2026-07-04;4;18346;8;4;1240,0
6857;2023-07-02;1;18346;14;3;2480,0
6858;2023-08-07;4;898;20;2;2480,0
6859;2023-01-22;2;91200;11;2;2480,0
6860;2025-09-10;2;3382;13;4;1860,0
6861;2024-09-12;1;774;18;1;620,0
6862;2024-02-17;5;824;12;5;1240,0
6863;2024-08-24;2;898;20;3;2480,0
6864;2024-02-16;1;810;9;2;3100,0
6865;2023-04-26;3;898;18;5;620,0
6866;2023-05-28;5;774;12;1;1240,0
6867;2025-03-08;5;40315;21;1;1860,0
6868;2026-04-30;2;91200;9;3;3100,0
6869;2024-04-16;1;40315;12;2;3100,0
6870;2023-08-19;5;85600;21;4;3100,0
6871;2023-07-01;1;18346;14;2;1240,0
6872;2025-06-22;2;62535;9;2;1860,0
6873;2024-05-21;5;824;8;1;620,0
6874;2025-02-20;3;85600;14;3;3100,0
6875;2026-04-25;1;40315;20;5;1240,0
6876;2023-10-17;3;898;14;5;2480,0
6877;2025-09-08;5;40315;18;3;3100,0
6878;2025-06-01;4;898;10;4;620,0
6879;2023-01-20;4;91200;9;4;1240,0
6880;2023-06-12;4;62535;9;3;620,0
6881;2025-04-07;2;40315;16;5;620,0
6882;2025-04-29;4;824;17;4;1860,0
6883;2025-10-31;1;824;19;5;1240,0
6884;2026-01-24;2;18346;19;2;2480,0
6885;2025-10-12;1;824;12;5;1240,0
6886;2024-10-06;4;3382;21;5;620,0
6887;2026-05-04;2;62535;13;2;620,0
6888;2025-08-19;4;18346;18;3;2480,0
6889;2023-05-12;3;898;9;1;3100,0
6890;2025-05-26;2;898;15;5;3100,0
6891;2026-02-24;1;85600;13;2;620,0
6892;2025-06-10;3;824;15;2;1860,0
6893;2024-02-15;1;898;20;3;3100,0
6894;2025-09-19;5;824;12;3;1860,0
6895;2024-08-25;5;774;9;2;3100,0
6896;2025-06-23;5;85600;16;5;1860,0
6897;2023-06-18;5;85600;13;2;3100,0
6898;2025-01-16;3;3382;17;2;3100,0
6899;2025-12-03;3;824;17;4;3100,0
6900;2024-09-08;4;18346;10;4;1240,0
6901;2026-03-16;5;3382;17;2;2480,0
6902;2025-11-19;2;18346;8;4;3100,0
6903;2024-09-02;4;774;13;4;1860,0
6904;2026-02-06;2;774;18;5;3100,0
6905;2024-08-21;1;824;17;3;620,0
6906;2024-06-06;5;91200;14;4;2480,0
6907;2025-04-13;5;18346;11;3;2480,0
6908;2023-02-22;2;3382;8;2;1860,0
6909;2023-07-24;3;3382;14;3;2480,0
6910;2026-03-14;2;810;12;3;1860,0
6911;2023-09-02;1;810;16;1;1240,0
6912;2023-05-07;1;824;15;4;3100,0
6913;2023-07-11;3;91200;13;3;1860,0
6914;2024-09-29;3;3382;12;1;1240,0
6915;2025-06-16;1;3382;19;4;1860,0
6916;2024-12-04;5;824;20;5;1240,0
6917;2026-03-24;4;3382;14;1;1860,0
6918;2025-05-18;2;3382;8;2;1860,0
6919;2023-04-15;3;3382;15;2;2480,0
6920;2024-01-07;1;91200;12;1;1240,0
6921;2025-05-03;2;85600;15;1;2480,0
6922;2025-03-29;5;85600;15;4;3100,0
6923;2024-12-02;3;85600;8;2;3100,0
6924;2024-10-12;5;91200;10;5;2480,0
6925;2024-07-03;4;810;10;4;3100,0
6926;2026-03-02;1;85600;18;1;2480,0
6927;2026-03-03;2;3382;13;3;2480,0
6928;2023-07-03;2;18346;16;4;1860,0
6929;2026-05-22;5;774;18;2;3100,0
6930;2023-03-21;4;62535;9;5;3100,0
6931;2024-10-18;4;91200;20;4;1240,0
6932;2025-08-31;3;62535;19;1;620,0
6933;2025-08-30;3;40315;14;1;1860,0
6934;2025-08-27;5;85600;21;4;1860,0
6935;2024-10-14;5;774;19;5;1860,0
6936;2026-02-12;2;18346;13;1;1860,0
6937;2025-03-05;1;62535;17;4;620,0
6938;2024-03-26;4;62535;12;3;1240,0
6939;2025-05-26;4;91200;21;4;2480,0
6940;2025-02-11;3;898;8;5;1860,0
6941;2025-07-17;4;85600;14;1;3100,0
6942;2024-07-26;1;810;17;3;2480,0
6943;2026-03-24;1;62535;11;4;3100,0
6944;2026-05-29;4;85600;11;4;3100,0
6945;2026-01-12;3;91200;18;1;1860,0
6946;2023-04-17;2;85600;13;2;2480,0
6947;2023-01-17;3;91200;14;5;2480,0
6948;2025-04-16;4;62535;21;2;1860,0
6949;2024-11-27;5;18346;11;3;3100,0
6950;2025-09-16;3;898;17;3;1860,0
6951;2023-05-28;5;824;9;1;1240,0
6952;2025-10-11;4;774;12;2;620,0
6953;2025-06-01;5;774;11;5;620,0
6954;2025-03-04;5;18346;20;5;2480,0
6955;2023-07-02;5;898;20;1;1860,0
6956;2024-11-13;4;85600;16;3;2480,0
6957;2025-03-25;4;18346;10;5;620,0
6958;2025-08-20;2;810;16;3;1240,0
6959;2023-11-11;1;91200;16;4;620,0
6960;2026-08-02;5;824;13;2;3100,0
6961;2023-09-18;4;18346;16;3;1240,0
6962;2024-01-26;3;898;11;4;1860,0
6963;2023-04-14;3;62535;13;1;2480,0
6964;2024-07-27;1;3382;19;2;620,0
6965;2026-04-09;5;774;9;5;2480,0
6966;2024-03-10;5;62535;9;1;2480,0
6967;2023-01-22;1;810;9;4;3100,0
6968;2025-02-15;5;18346;10;4;1860,0
6969;2025-07-22;2;85600;8;4;1240,0
6970;2023-01-28;3;824;18;3;620,0
6971;2025-09-28;4;810;13;2;620,0
6972;2023-03-25;3;3382;17;5;620,0
6973;2024-03-13;3;40315;19;4;1860,0
6974;2025-08-14;1;774;8;2;3100,0
6975;2024-01-06;5;824;21;4;3100,0
6976;2024-01-04;2;18346;21;5;620,0
6977;2025-04-11;5;91200;15;4;1240,0
6978;2024-01-21;4;898;16;4;1860,0
6979;2026-01-29;1;18346;9;3;3100,0
6980;2024-03-04;4;18346;17;1;3100,0
6981;2023-01-29;5;810;17;3;3100,0
6982;2023-01-18;3;810;16;2;3100,0
6983;2024-08-22;4;62535;16;4;620,0
6984;2025-12-31;4;898;17;5;620,0
6985;2023-04-29;2;40315;15;1;620,0
6986;2024-06-20;5;824;13;5;1240,0
6987;2026-08-12;4;824;20;5;620,0
6988;2025-01-07;1;91200;11;1;620,0
6989;2024-12-31;1;62535;21;3;2480,0
6990;2023-07-09;5;62535;13;4;1860,0
6991;2025-08-22;1;18346;16;4;3100,0
6992;2023-10-23;4;3382;14;5;2480,0
6993;2023-12-22;3;85600;14;3;1860,0
6994;2023-10-22;3;774;13;3;1240,0
6995;2026-03-11;2;3382;14;1;2480,0
6996;2023-12-15;4;810;11;5;1240,0
6997;2026-03-27;3;62535;16;3;2480,0
6998;2023-10-26;1;3382;21;4;3100,0
6999;2023-04-15;2;3382;8;4;3100,0
7000;2023-04-22;2;40315;15;2;2480,0
7001;2025-01-12;5;85600;20;2;1860,0
7002;2023-01-16;3;85600;17;4;3100,0
7003;2023-12-24;2;40315;8;1;2480,0
7004;2025-11-28;1;91200;21;3;2480,0
7005;2023-12-24;4;774;12;1;3100,0
7006;2023-01-10;5;824;14;5;1860,0
7007;2023-04-20;2;40315;21;3;1240,0
7008;2024-08-21;2;824;18;2;3100,0
7009;2026-02-05;3;91200;16;5;2480,0
7010;2023-03-19;3;898;8;4;3100,0
7011;2023-11-14;4;774;11;3;3100,0
7012;2023-02-20;5;774;19;2;620,0
7013;2023-08-12;2;810;13;5;1240,0
7014;2023-09-01;5;18346;16;2;620,0
7015;2025-08-10;4;3382;8;3;620,0
7016;2026-06-08;3;824;12;3;620,0
7017;2026-04-05;3;18346;12;1;3100,0
7018;2024-04-03;5;898;14;2;2480,0
7019;2025-05-21;2;810;8;2;3100,0
7020;2026-01-15;4;810;19;2;2480,0
7021;2025-11-19;5;898;13;2;1860,0
7022;2025-10-08;2;3382;17;2;2480,0
7023;2025-08-13;4;898;14;1;1860,0
7024;2024-03-02;2;810;21;4;3100,0
7025;2025-07-04;1;824;12;5;620,0
7026;2024-08-27;3;774;13;2;620,0
7027;2024-10-17;1;62535;15;5;1240,0
7028;2024-11-07;2;40315;21;5;1240,0
7029;2023-03-19;3;774;9;1;620,0
7030;2023-08-02;3;91200;12;4;1240,0
7031;2023-06-26;3;91200;13;4;620,0
7032;2026-06-05;1;824;14;4;3100,0
7033;2023-03-14;5;18346;14;1;1240,0
7034;2025-08-06;1;18346;17;2;1860,0
7035;2025-01-18;2;91200;15;3;2480,0
7036;2024-10-20;1;85600;12;3;2480,0
7037;2025-12-30;4;40315;8;5;1860,0
7038;2025-08-02;5;3382;10;5;3100,0
7039;2026-02-21;2;91200;16;2;2480,0
7040;2023-09-21;3;18346;8;2;1860,0
7041;2024-10-01;1;824;15;2;1860,0
7042;2026-08-02;5;810;11;2;620,0
7043;2024-02-13;4;18346;8;5;2480,0
7044;2024-07-29;4;40315;15;1;2480,0
7045;2026-05-29;1;85600;11;2;2480,0
7046;2024-02-23;1;40315;13;5;3100,0
7047;2025-11-18;1;62535;16;1;1860,0
7048;2023-12-01;1;40315;10;2;2480,0
7049;2024-08-21;2;85600;10;1;620,0
7050;2026-02-04;1;18346;9;1;2480,0
7051;2024-06-14;2;774;14;2;2480,0
7052;2026-01-04;4;824;11;2;2480,0
7053;2024-07-02;1;810;14;1;1860,0
7054;2025-04-12;3;898;9;4;620,0
7055;2023-11-06;2;62535;16;4;620,0
7056;2025-09-05;1;62535;15;2;620,0
7057;2024-03-02;5;824;16;5;1860,0
7058;2025-08-28;1;824;19;3;3100,0
7059;2026-04-26;3;810;15;2;1240,0
7060;2024-11-21;1;40315;11;4;2480,0
7061;2024-06-11;3;824;9;2;1860,0
7062;2025-10-29;2;810;18;1;1860,0
7063;2025-03-14;1;40315;14;1;2480,0
7064;2026-04-07;4;40315;11;5;620,0
7065;2025-02-14;1;824;10;5;2480,0
7066;2024-09-22;1;774;12;3;2480,0
7067;2024-08-10;5;62535;15;3;3100,0
7068;2023-01-30;3;62535;15;1;1860,0
7069;2024-03-29;5;824;11;4;1240,0
7070;2025-11-11;4;40315;12;5;1240,0
7071;2024-08-23;3;810;17;1;620,0
7072;2023-01-21;2;824;20;5;1860,0
7073;2023-06-19;1;18346;19;5;620,0
7074;2023-07-11;4;62535;12;3;620,0
7075;2026-04-01;1;62535;19;5;2480,0
7076;2023-06-15;5;91200;15;4;1240,0
7077;2024-08-09;2;824;16;4;1240,0
7078;2026-08-05;4;91200;21;4;620,0
7079;2026-07-28;4;40315;10;1;1860,0
7080;2025-07-02;3;40315;16;4;1240,0
7081;2023-02-12;1;810;8;4;2480,0
7082;2025-09-01;2;91200;14;2;2480,0
7083;2024-05-28;5;40315;10;1;620,0
7084;2023-04-14;2;810;16;1;3100,0
7085;2025-11-28;5;40315;13;3;620,0
7086;2026-05-10;3;898;21;5;1240,0
7087;2025-04-17;5;3382;14;4;1860,0
7088;2026-02-07;3;85600;12;2;2480,0
7089;2023-09-01;2;824;10;3;1860,0
7090;2025-02-13;4;91200;14;2;620,0
7091;2026-06-13;3;898;11;3;3100,0
7092;2024-07-03;4;774;10;2;620,0
7093;2024-04-29;5;40315;19;4;2480,0
7094;2023-03-12;3;40315;8;1;620,0
7095;2023-08-07;1;3382;11;3;620,0
7096;2024-07-23;1;810;15;3;620,0
7097;2023-09-02;3;18346;21;1;620,0
7098;2025-07-16;3;40315;17;4;620,0
7099;2024-03-23;3;824;8;2;620,0
7100;2023-05-31;3;3382;9;1;1240,0
7101;2024-11-08;2;898;19;3;2480,0
7102;2024-04-13;1;898;18;2;1860,0
7103;2024-09-18;5;810;18;5;1860,0
7104;2024-02-20;4;18346;11;4;3100,0
7105;2023-08-12;5;824;11;1;3100,0
7106;2025-11-30;3;85600;12;5;1240,0
7107;2025-08-16;4;40315;9;2;3100,0
7108;2024-03-27;4;40315;13;2;1860,0
7109;2023-06-23;1;3382;14;5;1240,0
7110;2023-02-18;3;810;16;2;1240,0
7111;2023-03-25;5;810;16;1;1860,0
7112;2025-11-23;2;898;21;2;2480,0
7113;2025-06-01;5;85600;15;2;3100,0
7114;2026-08-03;2;85600;11;5;1240,0
7115;2025-11-11;5;3382;19;1;3100,0
7116;2023-06-03;1;824;12;3;620,0
7117;2025-09-14;1;810;8;4;1860,0
7118;2024-05-12;2;18346;19;1;1240,0
7119;2024-11-17;3;91200;11;4;1860,0
7120;2024-04-21;3;62535;19;3;2480,0
7121;2023-12-22;3;824;12;1;2480,0
7122;2025-07-23;3;774;15;4;2480,0
7123;2025-04-25;1;810;21;2;1240,0
7124;2025-12-05;2;62535;10;1;3100,0
7125;2026-02-02;5;898;14;5;2480,0
7126;2026-06-27;1;898;14;1;3100,0
7127;2025-09-07;5;91200;15;4;620,0
7128;2024-09-22;5;898;18;4;620,0
7129;2024-11-14;1;18346;19;4;620,0
7130;2023-11-09;4;774;15;2;2480,0
7131;2025-02-25;5;774;10;4;2480,0
7132;2026-02-06;1;898;19;5;3100,0
7133;2024-03-26;5;3382;20;5;1860,0
7134;2024-09-20;1;85600;15;4;620,0
7135;2025-07-21;3;91200;20;2;3100,0
7136;2023-10-26;3;810;8;3;1240,0
7137;2026-05-08;3;85600;20;1;620,0
7138;2025-01-10;3;85600;11;1;3100,0
7139;2025-04-02;2;824;17;5;3100,0
7140;2023-12-06;3;774;11;4;1240,0
7141;2024-08-12;3;810;14;5;1860,0
7142;2025-12-23;1;810;16;5;1860,0
7143;2026-08-19;5;898;21;3;2480,0
7144;2023-10-04;4;810;21;1;3100,0
7145;2026-07-14;5;62535;11;4;1860,0
7146;2026-01-02;4;898;17;4;620,0
7147;2025-02-09;4;774;19;1;2480,0
7148;2023-05-29;5;85600;15;1;2480,0
7149;2025-12-02;5;40315;8;2;1240,0
7150;2026-01-06;1;62535;13;5;1860,0
7151;2025-12-15;1;824;8;4;2480,0
7152;2024-10-02;5;18346;9;5;620,0
7153;2025-10-18;1;824;15;2;1240,0
7154;2025-12-18;1;3382;21;5;620,0
7155;2025-12-28;1;91200;10;2;620,0
7156;2024-10-07;5;91200;18;4;2480,0
7157;2025-02-26;1;898;15;5;2480,0
7158;2024-10-26;2;85600;14;3;2480,0
7159;2026-06-06;5;85600;11;4;620,0
7160;2023-03-31;3;774;11;2;1860,0
7161;2023-07-16;4;18346;20;2;1240,0
7162;2023-10-11;5;62535;20;4;1240,0
7163;2023-12-04;4;824;10;4;1240,0
7164;2023-09-03;1;810;17;3;1240,0
7165;2023-08-13;1;3382;19;5;620,0
7166;2025-01-07;4;824;11;1;620,0
7167;2025-10-28;2;774;21;1;3100,0
7168;2024-08-23;2;3382;21;2;2480,0
7169;2025-03-28;3;898;19;5;2480,0
7170;2026-07-26;4;40315;19;3;2480,0
7171;2023-04-29;2;40315;17;2;2480,0
7172;2023-10-16;4;824;9;4;620,0
7173;2026-08-09;2;810;20;5;1240,0
7174;2024-07-31;2;40315;8;5;1860,0
7175;2025-08-25;4;898;8;5;1860,0
7176;2026-07-22;2;3382;14;4;2480,0
7177;2025-06-01;2;774;21;3;2480,0
7178;2026-02-16;4;40315;11;5;2480,0
7179;2025-12-29;5;3382;15;3;1860,0
7180;2024-05-09;5;91200;13;4;3100,0
7181;2026-04-15;3;40315;14;4;1240,0
7182;2026-08-03;4;18346;10;5;2480,0
7183;2024-06-06;4;3382;18;5;1240,0
7184;2023-08-27;1;3382;21;5;3100,0
7185;2025-05-26;4;85600;20;2;1860,0
7186;2025-08-19;3;824;12;5;1240,0
7187;2024-09-22;1;898;11;5;1240,0
7188;2024-08-30;5;824;19;5;2480,0
7189;2024-03-12;1;898;10;2;3100,0
7190;2025-02-08;2;62535;16;5;2480,0
7191;2023-04-19;3;85600;17;4;1240,0
7192;2026-01-28;3;824;14;3;1860,0
7193;2026-01-25;1;824;16;1;1860,0
7194;2025-08-08;5;40315;16;5;1240,0
7195;2026-08-21;5;810;19;4;1240,0
7196;2024-10-13;1;774;8;3;1240,0
7197;2026-06-27;3;85600;12;1;1240,0
7198;2025-11-15;2;824;8;5;620,0
7199;2024-12-20;3;85600;15;2;3100,0
7200;2023-12-04;1;40315;12;3;620,0
7201;2025-02-02;3;824;11;4;2480,0
7202;2024-06-22;3;898;14;2;1240,0
7203;2023-01-12;3;3382;12;3;1240,0
7204;2023-02-27;1;40315;10;2;1240,0
7205;2025-09-06;2;810;12;1;620,0
7206;2024-04-22;1;91200;11;3;1860,0
7207;2024-04-14;1;824;10;2;1240,0
7208;2025-10-17;4;898;15;5;3100,0
7209;2025-10-28;3;898;20;3;3100,0
7210;2024-06-16;5;3382;13;5;1240,0
7211;2026-04-08;3;810;16;4;2480,0
7212;2026-04-29;3;40315;11;3;1240,0
7213;2025-12-10;3;898;16;1;1240,0
7214;2026-05-25;4;774;20;5;2480,0
7215;2026-08-02;1;3382;8;3;1860,0
7216;2025-08-16;4;898;8;4;1240,0
7217;2026-04-01;4;824;18;3;3100,0
7218;2024-11-27;4;3382;13;5;2480,0
7219;2023-04-25;5;3382;17;1;2480,0
7220;2023-01-05;5;40315;17;1;3100,0
7221;2023-08-16;4;810;21;3;3100,0
7222;2023-01-25;4;774;12;1;1860,0
7223;2026-07-24;4;85600;8;2;3100,0
7224;2025-05-22;5;3382;10;2;3100,0
7225;2025-03-31;1;774;12;2;1860,0
7226;2024-10-20;3;62535;10;4;2480,0
7227;2026-07-13;1;18346;12;5;620,0
7228;2024-03-31;3;898;12;3;2480,0
7229;2023-01-20;5;3382;17;1;3100,0
7230;2025-05-31;2;774;14;1;2480,0
7231;2025-12-31;1;898;9;2;1240,0
7232;2024-11-26;5;810;17;4;2480,0
7233;2026-08-12;3;40315;15;5;1240,0
7234;2024-08-03;1;85600;17;4;1240,0
7235;2025-01-24;2;85600;8;3;1860,0
7236;2026-07-19;5;810;21;2;620,0
7237;2023-07-14;4;810;17;5;2480,0
7238;2025-08-23;2;810;19;4;1240,0
7239;2026-02-23;5;40315;18;1;1860,0
7240;2023-09-02;1;824;15;5;620,0
7241;2024-03-21;4;85600;11;5;1240,0
7242;2026-03-18;4;898;20;3;1240,0
7243;2025-04-22;1;3382;13;3;2480,0
7244;2023-12-13;2;898;20;3;3100,0
7245;2023-01-19;3;898;15;5;620,0
7246;2026-05-23;3;40315;13;3;1860,0
7247;2024-01-11;2;824;9;3;2480,0
7248;2023-03-11;2;62535;10;1;3100,0
7249;2026-08-21;5;810;11;4;3100,0
7250;2023-01-18;3;18346;15;1;1860,0
7251;2025-01-03;1;810;21;5;620,0
7252;2024-11-16;3;898;14;4;620,0
7253;2025-06-02;5;62535;15;4;3100,0
7254;2025-02-16;3;774;9;2;620,0
7255;2024-06-20;5;62535;16;4;1240,0
7256;2025-06-17;2;91200;19;5;1860,0
7257;2024-07-14;3;62535;15;2;3100,0
7258;2026-08-06;3;774;11;4;2480,0
7259;2025-07-24;3;40315;16;2;1860,0
7260;2025-07-12;3;85600;9;4;3100,0
7261;2026-03-18;1;824;15;5;3100,0
7262;2023-10-21;5;62535;19;1;1860,0
7263;2026-05-25;1;91200;18;5;1240,0
7264;2023-10-10;1;62535;16;2;3100,0
7265;2025-08-24;5;898;15;4;3100,0
7266;2026-03-30;1;898;18;3;2480,0
7267;2026-03-06;1;824;19;4;1860,0
7268;2023-09-13;3;3382;9;4;1240,0
7269;2026-08-02;1;824;9;5;3100,0
7270;2025-06-15;3;810;13;5;620,0
7271;2026-05-28;3;3382;16;3;620,0
7272;2024-06-23;5;91200;17;3;2480,0
7273;2024-07-28;3;824;8;1;1240,0
7274;2023-02-03;2;898;13;1;2480,0
7275;2025-09-19;4;824;17;4;3100,0
7276;2024-10-07;1;774;9;2;1240,0
7277;2023-10-03;5;810;15;5;3100,0
7278;2023-01-08;3;18346;11;2;2480,0
7279;2026-02-22;2;85600;19;5;620,0
7280;2024-10-14;4;85600;18;3;620,0
7281;2024-05-06;4;40315;15;3;1240,0
7282;2024-08-01;5;18346;20;3;2480,0
7283;2024-06-27;1;40315;13;3;620,0
7284;2026-06-30;5;40315;18;5;3100,0
7285;2026-01-27;5;898;8;1;1240,0
7286;2023-06-15;1;18346;19;3;3100,0
7287;2024-07-08;3;40315;13;1;1860,0
7288;2024-01-17;4;774;11;1;2480,0
7289;2023-07-31;2;898;15;5;3100,0
7290;2025-11-01;5;810;10;2;620,0
7291;2026-02-22;4;3382;17;4;2480,0
7292;2023-03-29;3;18346;16;3;2480,0
7293;2026-01-02;3;3382;16;3;3100,0
7294;2026-07-23;1;40315;15;1;1860,0
7295;2025-12-20;5;3382;21;1;2480,0
7296;2023-11-08;1;3382;19;5;2480,0
7297;2024-01-06;3;91200;21;3;1860,0
7298;2026-03-04;1;85600;21;3;620,0
7299;2024-05-24;2;85600;11;5;620,0
7300;2024-11-10;5;91200;9;3;3100,0
7301;2026-08-14;3;3382;15;2;620,0
7302;2023-10-09;1;3382;8;2;620,0
7303;2024-12-20;5;3382;12;4;1860,0
7304;2023-12-04;4;40315;16;5;3100,0
7305;2024-05-01;5;898;12;1;1240,0
7306;2024-04-07;3;810;20;5;1860,0
7307;2023-02-13;5;18346;19;4;1860,0
7308;2026-07-16;2;810;21;4;3100,0
7309;2023-11-03;1;898;8;4;1240,0
7310;2023-10-28;1;62535;13;2;1240,0
7311;2024-10-03;3;3382;14;1;3100,0
7312;2026-08-02;1;18346;8;5;3100,0
7313;2025-08-24;4;898;20;1;3100,0
7314;2024-09-08;1;898;8;4;1860,0
7315;2024-09-20;5;40315;20;5;3100,0
7316;2024-03-06;4;40315;13;4;1860,0
7317;2024-03-07;4;62535;10;2;620,0
7318;2024-05-25;4;810;8;3;620,0
7319;2023-08-26;3;85600;19;4;3100,0
7320;2024-10-03;2;91200;19;1;1860,0
7321;2023-01-02;2;40315;18;2;3100,0
7322;2023-09-01;1;85600;21;5;3100,0
7323;2025-09-24;4;774;16;3;1860,0
7324;2026-03-27;2;40315;12;3;2480,0
7325;2025-01-05;4;85600;11;4;1860,0
7326;2025-12-09;4;810;13;4;620,0
7327;2023-01-27;4;62535;11;3;1860,0
7328;2025-08-28;3;810;18;2;1860,0
7329;2024-05-11;3;824;15;4;1240,0
7330;2023-01-10;3;85600;17;3;620,0
7331;2024-07-12;4;810;14;5;1860,0
7332;2025-04-06;5;3382;17;1;1860,0
7333;2023-03-10;2;40315;19;4;2480,0
7334;2023-01-02;1;3382;17;5;2480,0
7335;2023-10-14;4;62535;13;5;3100,0
7336;2023-05-21;4;91200;11;5;2480,0
7337;2026-08-15;1;810;15;4;620,0
7338;2025-05-16;2;824;21;5;3100,0
7339;2026-03-04;5;62535;9;1;3100,0
7340;2024-02-28;3;62535;11;4;1860,0
7341;2023-06-18;1;18346;15;4;1860,0
7342;2025-11-03;1;898;8;5;1860,0
7343;2025-11-22;5;898;17;3;1860,0
7344;2023-11-08;3;85600;20;1;1240,0
7345;2026-02-09;5;91200;18;2;1860,0
7346;2023-09-21;3;85600;11;3;1240,0
7347;2023-01-14;1;62535;13;1;1860,0
7348;2026-03-24;4;824;18;3;620,0
7349;2023-06-08;4;85600;15;2;1240,0
7350;2023-10-17;2;40315;14;4;3100,0
7351;2025-01-22;2;91200;18;4;1240,0
7352;2025-05-27;4;18346;20;1;620,0
7353;2024-11-11;2;824;13;3;1240,0
7354;2026-02-28;3;3382;20;5;2480,0
7355;2025-01-12;5;62535;19;1;620,0
7356;2025-08-29;3;40315;13;1;620,0
7357;2024-07-18;5;91200;16;1;1860,0
7358;2025-11-30;3;810;20;5;3100,0
7359;2026-08-06;1;774;8;5;620,0
7360;2025-02-19;3;85600;18;3;1240,0
7361;2026-08-16;5;62535;9;5;620,0
7362;2026-05-19;1;18346;17;2;2480,0
7363;2023-01-15;5;18346;14;3;1240,0
7364;2024-10-19;3;91200;12;1;1860,0
7365;2026-02-03;2;3382;10;2;620,0
7366;2025-10-09;5;18346;14;1;2480,0
7367;2023-09-06;5;18346;8;1;3100,0
7368;2024-11-25;2;85600;18;4;1860,0
7369;2023-11-29;1;824;16;4;3100,0
7370;2025-05-07;3;774;8;2;1860,0
7371;2024-07-03;4;3382;9;4;1240,0
7372;2024-06-26;5;18346;11;2;3100,0
7373;2024-05-16;3;85600;11;2;2480,0
7374;2023-06-23;2;3382;17;5;3100,0
7375;2024-10-22;1;40315;8;2;1860,0
7376;2026-05-17;2;898;21;2;1240,0
7377;2024-05-15;2;774;10;5;1240,0
7378;2023-07-04;4;85600;8;5;3100,0
7379;2025-10-27;1;810;10;2;1240,0
7380;2024-01-18;4;85600;15;1;3100,0
7381;2026-06-24;1;810;10;1;1240,0
7382;2025-02-23;2;898;17;5;2480,0
7383;2026-02-12;1;91200;11;1;1860,0
7384;2023-07-18;4;91200;10;2;1860,0
7385;2025-09-15;4;62535;10;3;620,0
7386;2025-11-23;5;824;17;2;620,0
7387;2023-10-24;5;40315;20;5;1240,0
7388;2026-05-23;1;810;15;2;1860,0
7389;2026-02-06;5;85600;11;2;2480,0
7390;2023-11-28;4;774;16;2;3100,0
7391;2026-02-26;1;898;18;4;2480,0
7392;2025-09-03;5;85600;9;5;3100,0
7393;2024-05-12;2;898;9;2;2480,0
7394;2024-01-09;5;898;9;2;1240,0
7395;2026-08-14;5;91200;10;4;1860,0
7396;2024-03-16;4;91200;20;3;3100,0
7397;2024-04-03;5;824;14;2;3100,0
7398;2026-07-05;1;91200;16;4;3100,0
7399;2025-05-30;2;824;12;4;2480,0
7400;2023-09-27;5;810;11;5;1240,0
7401;2024-12-11;4;40315;19;4;2480,0
7402;2025-01-25;5;40315;8;2;1860,0
7403;2026-06-06;1;810;21;3;2480,0
7404;2023-01-21;3;18346;20;2;620,0
7405;2024-07-28;2;62535;10;4;1240,0
7406;2023-05-11;5;18346;11;3;620,0
7407;2026-07-01;3;810;12;5;1240,0
7408;2025-05-05;5;85600;14;3;1860,0
7409;2026-03-22;5;62535;13;4;620,0
7410;2024-04-13;3;40315;12;4;2480,0
7411;2026-07-21;5;810;21;3;620,0
7412;2023-02-19;4;774;15;2;1860,0
7413;2023-02-22;4;85600;13;4;620,0
7414;2023-02-26;2;91200;17;3;620,0
7415;2023-01-25;5;824;12;2;1860,0
7416;2026-06-16;2;62535;8;1;1240,0
7417;2024-08-29;2;85600;14;2;1860,0
7418;2023-06-02;3;3382;16;2;2480,0
7419;2025-06-20;3;774;8;2;2480,0
7420;2026-05-19;4;824;16;4;1860,0
7421;2024-03-03;4;85600;10;1;2480,0
7422;2026-02-11;1;85600;8;3;1860,0
7423;2023-01-26;1;774;9;1;620,0
7424;2026-05-07;2;91200;8;2;620,0
7425;2024-01-15;5;824;12;4;3100,0
7426;2024-06-30;5;91200;10;3;620,0
7427;2025-06-24;1;774;14;4;1240,0
7428;2025-08-03;4;898;12;3;1860,0
7429;2026-05-02;4;824;12;2;620,0
7430;2024-09-17;1;3382;20;5;2480,0
7431;2023-10-17;1;810;20;4;620,0
7432;2024-12-21;3;85600;17;2;2480,0
7433;2025-12-04;2;810;11;5;1240,0
7434;2025-01-16;5;40315;17;3;620,0
7435;2024-12-29;1;91200;14;5;3100,0
7436;2026-04-21;4;85600;17;4;620,0
7437;2026-01-29;2;810;17;4;3100,0
7438;2023-11-17;3;810;10;1;2480,0
7439;2025-01-25;5;824;21;5;1240,0
7440;2023-08-22;2;810;14;3;3100,0
7441;2023-10-23;2;91200;9;5;1240,0
7442;2024-11-10;1;62535;19;3;2480,0
7443;2024-06-03;2;62535;9;2;3100,0
7444;2024-01-30;2;91200;17;2;1860,0
7445;2024-09-25;3;3382;9;5;1240,0
7446;2023-12-14;4;91200;15;2;1240,0
7447;2025-08-15;2;824;10;2;2480,0
7448;2024-04-08;2;810;21;1;2480,0
7449;2024-10-06;2;3382;18;1;2480,0
7450;2023-03-06;2;810;17;1;620,0
7451;2024-07-10;2;810;14;1;1240,0
7452;2025-10-20;5;810;12;5;2480,0
7453;2023-02-26;2;824;19;2;2480,0
7454;2024-05-28;4;18346;10;4;1860,0
7455;2024-08-07;1;898;12;3;1240,0
7456;2024-10-17;1;3382;18;5;1860,0
7457;2026-07-21;3;62535;16;4;2480,0
7458;2025-11-07;4;3382;8;1;620,0
7459;2023-03-08;3;774;10;4;1240,0
7460;2026-05-13;5;18346;13;2;2480,0
7461;2025-12-31;2;3382;21;3;620,0
7462;2023-03-12;5;774;15;1;2480,0
7463;2024-02-19;1;774;9;5;1860,0
7464;2026-08-21;4;85600;16;3;1240,0
7465;2025-12-25;3;18346;20;3;2480,0
7466;2024-10-06;5;62535;21;4;620,0
7467;2026-02-24;3;824;13;1;3100,0
7468;2025-10-06;3;18346;14;4;3100,0
7469;2023-10-09;3;40315;15;1;1860,0
7470;2026-02-13;4;774;10;3;1860,0
7471;2026-07-29;5;810;15;2;3100,0
7472;2023-12-15;3;810;9;2;1860,0
7473;2025-12-07;1;824;21;5;2480,0
7474;2023-09-02;1;3382;15;1;620,0
7475;2026-02-06;5;3382;19;4;1240,0
7476;2023-10-05;4;3382;14;1;3100,0
7477;2023-05-01;3;774;13;2;1860,0
7478;2023-03-31;1;18346;19;3;620,0
7479;2024-10-13;2;85600;11;5;1860,0
7480;2023-10-26;2;810;15;1;1240,0
7481;2024-10-21;1;85600;14;4;3100,0
7482;2025-11-16;2;62535;9;5;1860,0
7483;2023-07-28;1;810;14;2;1860,0
7484;2024-02-02;3;3382;13;3;3100,0
7485;2023-01-30;3;898;9;2;2480,0
7486;2026-08-23;5;3382;12;5;620,0
7487;2024-04-09;5;898;17;3;620,0
7488;2025-06-08;1;774;20;1;1860,0
7489;2025-03-18;5;62535;11;3;1860,0
7490;2023-09-12;3;824;10;4;620,0
7491;2025-11-04;1;824;16;2;620,0
7492;2026-05-29;1;40315;21;3;1860,0
7493;2024-03-04;3;18346;18;3;1240,0
7494;2024-08-17;2;91200;20;2;620,0
7495;2025-05-18;2;898;21;5;1860,0
7496;2024-05-15;1;824;21;3;1860,0
7497;2025-06-02;1;3382;11;2;3100,0
7498;2024-12-25;5;18346;21;1;1860,0
7499;2024-04-24;5;898;10;4;1240,0
7500;2024-12-31;1;91200;20;4;620,0
7501;2025-06-25;5;810;15;3;2480,0
7502;2025-06-28;3;3382;16;4;1240,0
7503;2026-05-02;5;3382;12;3;3100,0
7504;2023-09-08;3;824;21;5;620,0
7505;2025-07-09;5;18346;14;2;3100,0
7506;2026-07-06;3;91200;8;5;620,0
7507;2023-10-11;4;774;8;4;1240,0
7508;2025-07-26;5;91200;15;2;620,0
7509;2024-10-25;3;18346;11;4;1860,0
7510;2026-08-13;1;85600;19;3;1240,0
7511;2026-06-08;1;810;14;1;2480,0
7512;2024-04-23;1;774;10;4;620,0
7513;2023-01-24;2;62535;13;5;3100,0
7514;2024-10-01;2;824;16;3;620,0
7515;2026-01-05;2;824;15;5;1240,0
7516;2024-12-27;2;85600;10;3;2480,0
7517;2023-10-23;2;91200;19;1;620,0
7518;2024-05-14;3;85600;19;2;3100,0
7519;2026-01-21;4;898;14;2;620,0
7520;2026-06-03;4;40315;18;3;1240,0
7521;2024-12-02;5;824;20;3;1860,0
7522;2025-02-09;4;898;8;2;1240,0
7523;2026-01-31;3;824;12;5;1860,0
7524;2025-03-02;2;62535;11;3;2480,0
7525;2024-02-24;1;824;14;1;620,0
7526;2026-05-11;1;40315;21;3;1860,0
7527;2023-06-30;2;824;10;2;1860,0
7528;2026-04-24;2;898;14;1;2480,0
7529;2023-12-20;5;85600;17;3;2480,0
7530;2024-10-15;3;3382;9;1;2480,0
7531;2026-04-16;4;18346;20;5;1240,0
7532;2026-06-04;4;18346;19;3;1240,0
7533;2023-05-03;4;91200;17;4;3100,0
7534;2025-11-16;4;774;18;3;3100,0
7535;2026-06-13;3;91200;15;5;3100,0
7536;2026-08-11;4;824;18;1;1240,0
7537;2024-08-05;4;85600;8;1;1860,0
7538;2026-03-11;1;824;13;4;1240,0
7539;2024-12-20;1;18346;16;3;1240,0
7540;2024-09-06;5;810;19;2;620,0
7541;2025-04-14;4;824;11;4;3100,0
7542;2023-01-30;1;91200;9;3;620,0
7543;2023-04-23;5;40315;15;5;3100,0
7544;2025-11-09;3;3382;15;4;2480,0
7545;2025-10-07;2;91200;19;1;3100,0
7546;2023-06-19;3;62535;11;4;2480,0
7547;2023-11-24;3;40315;14;4;1240,0
7548;2024-11-26;5;62535;15;5;1860,0
7549;2024-12-02;1;62535;17;3;2480,0
7550;2026-08-01;4;85600;10;1;2480,0
7551;2026-01-25;5;774;15;5;2480,0
7552;2024-06-19;1;91200;19;5;2480,0
7553;2025-11-27;4;18346;13;5;3100,0
7554;2023-10-21;3;898;21;3;3100,0
7555;2024-05-08;4;3382;19;5;3100,0
7556;2025-12-18;4;3382;8;2;3100,0
7557;2026-05-01;5;62535;14;2;1240,0
7558;2025-12-20;5;85600;19;4;1240,0
7559;2026-01-08;1;824;13;1;1240,0
7560;2025-07-24;5;824;21;2;1240,0
7561;2025-10-09;1;824;10;2;2480,0
7562;2026-07-18;1;18346;12;4;1860,0
7563;2026-08-29;1;85600;18;3;3100,0
7564;2025-01-17;3;85600;15;1;1240,0
7565;2023-08-04;1;774;11;5;3100,0
7566;2025-08-31;5;40315;10;2;1240,0
7567;2026-01-27;4;18346;20;3;620,0
7568;2025-11-16;3;40315;17;2;3100,0
7569;2024-03-24;4;774;20;5;2480,0
7570;2023-11-05;1;810;21;2;1240,0
7571;2025-01-16;4;774;18;3;1860,0
7572;2023-07-16;2;824;8;2;1860,0
7573;2023-07-18;2;91200;10;2;3100,0
7574;2025-02-09;4;774;16;5;1860,0
7575;2024-12-08;3;3382;20;5;1860,0
7576;2023-10-13;1;824;17;1;3100,0
7577;2024-11-26;2;40315;16;2;1860,0
7578;2024-08-03;1;18346;15;4;1860,0
7579;2023-07-25;5;3382;13;4;3100,0
7580;2024-04-30;4;91200;19;5;1240,0
7581;2023-04-12;1;91200;19;4;2480,0
7582;2025-08-04;2;18346;13;5;2480,0
7583;2026-01-01;4;85600;14;5;3100,0
7584;2023-09-17;4;40315;14;2;1240,0
7585;2023-01-28;5;91200;17;3;2480,0
7586;2023-06-08;1;18346;21;5;2480,0
7587;2025-09-11;3;3382;9;5;1860,0
7588;2023-07-04;5;898;10;3;3100,0
7589;2025-11-26;5;824;18;2;1860,0
7590;2026-03-13;5;62535;14;5;2480,0
7591;2025-08-23;4;85600;15;1;1240,0
7592;2023-10-26;4;3382;9;2;1860,0
7593;2023-05-27;3;85600;16;3;1860,0
7594;2026-03-23;3;18346;19;4;3100,0
7595;2025-05-30;5;3382;15;4;1860,0
7596;2024-04-09;5;3382;15;2;620,0
7597;2023-05-03;4;91200;12;3;1860,0
7598;2025-10-27;4;824;10;1;3100,0
7599;2025-01-08;1;40315;18;5;620,0
7600;2023-09-26;2;3382;15;5;1860,0
7601;2024-09-29;3;774;18;1;1240,0
7602;2024-12-30;4;85600;11;3;2480,0
7603;2023-02-11;1;810;15;4;1240,0
7604;2026-04-25;5;774;21;2;1860,0
7605;2023-04-12;4;85600;9;1;1240,0
7606;2023-08-11;3;18346;17;1;620,0
7607;2025-10-01;1;85600;12;4;3100,0
7608;2025-10-18;5;85600;17;3;3100,0
7609;2025-10-05;2;62535;18;4;1240,0
7610;2023-01-30;5;898;21;1;1860,0
7611;2024-09-07;2;91200;12;4;1240,0
7612;2026-06-28;1;40315;19;5;1240,0
7613;2024-11-26;5;3382;12;5;620,0
7614;2023-12-26;3;62535;19;4;3100,0
7615;2026-08-04;5;810;8;1;1860,0
7616;2024-07-14;4;40315;8;5;1860,0
7617;2024-06-20;4;898;18;1;2480,0
7618;2023-06-15;1;3382;15;1;3100,0
7619;2024-10-14;5;91200;17;1;1240,0
7620;2023-08-14;3;62535;18;1;2480,0
7621;2024-09-20;4;810;21;2;2480,0
7622;2025-03-13;5;62535;20;4;620,0
7623;2023-05-19;4;62535;14;5;2480,0
7624;2025-02-05;5;40315;18;5;1240,0
7625;2023-07-09;1;40315;10;1;3100,0
7626;2025-02-14;1;91200;15;2;1860,0
7627;2026-03-27;2;810;9;4;3100,0
7628;2024-08-06;2;91200;11;4;2480,0
7629;2026-05-20;4;898;8;2;3100,0
7630;2024-12-29;2;85600;13;4;1860,0
7631;2023-05-03;2;898;18;2;620,0
7632;2026-06-01;4;824;19;5;620,0
7633;2023-03-20;3;62535;21;5;620,0
7634;2024-10-17;3;3382;15;1;620,0
7635;2023-11-15;4;91200;17;2;1860,0
7636;2023-12-25;3;40315;9;1;3100,0
7637;2023-03-15;1;810;8;1;2480,0
7638;2023-10-16;1;824;9;5;2480,0
7639;2025-07-03;1;898;19;2;620,0
7640;2025-02-13;1;898;21;4;2480,0
7641;2025-09-08;4;810;18;3;1240,0
7642;2025-08-10;2;774;16;2;620,0
7643;2023-12-25;1;91200;19;4;3100,0
7644;2024-02-02;3;85600;17;3;2480,0
7645;2023-09-16;1;91200;19;1;620,0
7646;2023-09-02;2;18346;10;5;620,0
7647;2026-07-23;1;774;11;3;3100,0
7648;2025-03-14;3;3382;14;3;620,0
7649;2026-06-13;4;85600;21;3;620,0
7650;2026-06-18;4;85600;10;5;1860,0
7651;2025-05-17;3;91200;13;2;1240,0
7652;2025-09-20;4;824;18;1;3100,0
7653;2024-06-12;5;18346;11;2;2480,0
7654;2026-02-19;4;62535;11;2;1860,0
7655;2025-02-17;4;810;15;4;3100,0
7656;2023-11-16;4;85600;17;3;3100,0
7657;2024-01-13;2;810;12;2;3100,0
7658;2023-01-24;2;91200;9;3;3100,0
7659;2023-10-29;3;3382;12;2;1240,0
7660;2023-12-28;5;3382;12;5;620,0
7661;2024-11-04;2;62535;19;3;1240,0
7662;2025-11-29;1;85600;19;2;1860,0
7663;2025-11-15;4;85600;10;4;1240,0
7664;2023-06-03;1;18346;17;3;1860,0
7665;2023-10-01;3;62535;13;1;3100,0
7666;2023-12-23;5;774;10;5;3100,0
7667;2025-02-17;4;91200;17;1;3100,0
7668;2023-02-18;2;824;10;1;3100,0
7669;2026-07-23;3;91200;21;3;620,0
7670;2025-06-07;3;40315;9;4;3100,0
7671;2026-06-14;2;91200;21;3;1860,0
7672;2023-06-21;2;62535;10;5;620,0
7673;2024-09-07;1;774;8;1;3100,0
7674;2024-03-21;1;898;19;3;620,0
7675;2024-01-23;4;62535;21;2;1860,0
7676;2024-11-15;3;810;17;1;1860,0
7677;2023-11-24;4;898;12;3;3100,0
7678;2025-01-22;1;85600;17;2;1860,0
7679;2024-05-09;1;3382;11;5;3100,0
7680;2025-01-23;3;774;16;1;3100,0
7681;2026-06-19;1;40315;12;3;1240,0
7682;2024-03-07;4;62535;8;2;3100,0
7683;2025-06-05;5;91200;14;5;1240,0
7684;2025-12-22;5;824;18;2;620,0
7685;2023-05-03;2;3382;11;1;1240,0
7686;2024-01-11;5;898;20;1;1240,0
7687;2024-09-05;4;91200;21;4;3100,0
7688;2023-12-17;1;18346;18;4;1240,0
7689;2024-12-01;3;3382;15;4;1860,0
7690;2024-06-12;4;91200;15;5;2480,0
7691;2025-08-30;4;774;17;3;3100,0
7692;2025-05-05;1;85600;16;2;3100,0
7693;2024-01-06;4;85600;13;4;1860,0
7694;2026-08-14;4;40315;19;4;2480,0
7695;2024-11-19;4;3382;16;4;620,0
7696;2026-01-06;1;40315;20;5;620,0
7697;2024-11-19;4;91200;13;1;1240,0
7698;2025-02-04;3;810;17;4;620,0
7699;2024-06-03;1;40315;15;3;1240,0
7700;2024-09-08;1;824;15;5;2480,0
7701;2023-09-24;3;3382;10;2;1860,0
7702;2023-03-12;5;898;16;3;620,0
7703;2025-09-24;3;810;8;4;1860,0
7704;2025-12-23;5;3382;13;2;2480,0
7705;2026-06-16;4;91200;10;1;1860,0
7706;2025-03-23;4;40315;14;3;620,0
7707;2024-03-22;3;774;19;1;1240,0
7708;2023-10-20;1;898;13;2;620,0
7709;2025-04-29;4;85600;18;1;3100,0
7710;2025-06-24;1;3382;19;1;620,0
7711;2023-12-10;1;40315;9;1;1860,0
7712;2025-02-08;2;91200;15;2;1240,0
7713;2025-08-17;5;91200;19;2;2480,0
7714;2024-10-16;5;810;9;3;1860,0
7715;2023-07-13;4;62535;17;3;1860,0
7716;2025-06-10;2;91200;17;5;2480,0
7717;2024-08-24;2;898;14;5;620,0
7718;2025-05-22;2;40315;11;5;2480,0
7719;2023-03-21;3;40315;13;5;1860,0
7720;2024-12-02;2;62535;12;2;3100,0
7721;2023-07-01;3;91200;17;1;1860,0
7722;2026-06-09;2;810;21;2;2480,0
7723;2024-07-02;3;774;17;1;3100,0
7724;2023-07-13;4;824;15;1;2480,0
7725;2024-07-12;4;3382;20;5;2480,0
7726;2026-02-07;4;91200;8;4;2480,0
7727;2023-12-13;2;774;9;2;2480,0
7728;2024-10-03;5;40315;9;5;1860,0
7729;2026-03-29;3;774;17;4;3100,0
7730;2026-04-07;4;85600;16;5;1860,0
7731;2024-01-30;3;18346;20;1;1860,0
7732;2023-05-05;2;85600;11;4;620,0
7733;2023-03-31;2;824;21;1;3100,0
7734;2025-08-03;3;18346;16;5;620,0
7735;2026-06-28;4;40315;9;3;1240,0
7736;2024-04-15;4;40315;18;4;2480,0
7737;2024-11-16;4;62535;13;5;1240,0
7738;2023-02-01;2;824;18;2;1860,0
7739;2025-08-05;1;824;13;1;1240,0
7740;2026-02-05;3;62535;8;2;3100,0
7741;2023-01-24;2;40315;21;4;2480,0
7742;2023-07-31;1;3382;16;4;1860,0
7743;2026-01-17;4;824;20;3;620,0
7744;2025-02-27;2;91200;13;1;1860,0
7745;2026-05-22;1;774;8;2;3100,0
7746;2024-10-07;4;774;16;1;1860,0
7747;2025-03-16;1;810;15;5;2480,0
7748;2024-07-29;2;40315;8;4;620,0
7749;2023-05-11;4;3382;12;3;1240,0
7750;2024-06-29;1;85600;15;2;2480,0
7751;2024-12-26;4;62535;9;5;620,0
7752;2024-10-31;2;898;17;4;620,0
7753;2023-02-11;1;810;8;1;2480,0
7754;2024-10-14;3;62535;12;1;620,0
7755;2025-08-13;4;898;15;1;2480,0
7756;2025-07-13;2;91200;20;5;1860,0
7757;2025-02-28;1;810;9;3;1240,0
7758;2023-08-10;4;3382;17;3;2480,0
7759;2026-06-27;4;85600;15;2;1240,0
7760;2025-05-21;2;898;16;4;1240,0
7761;2025-08-14;4;40315;19;5;1860,0
7762;2025-10-22;4;91200;17;3;620,0
7763;2025-05-08;3;774;12;5;620,0
7764;2023-08-11;3;40315;20;5;1860,0
7765;2023-01-07;5;3382;19;1;620,0
7766;2026-01-10;3;3382;16;5;2480,0
7767;2025-02-13;3;898;20;4;3100,0
7768;2025-10-12;4;40315;10;1;1240,0
7769;2025-04-03;2;824;8;1;1240,0
7770;2023-03-04;3;898;12;3;1860,0
7771;2023-06-14;1;824;13;4;3100,0
7772;2025-01-13;1;824;8;2;3100,0
7773;2026-02-18;5;40315;12;5;1860,0
7774;2023-04-20;2;40315;18;2;2480,0
7775;2025-07-15;1;774;9;1;2480,0
7776;2026-08-26;1;774;20;3;2480,0
7777;2026-06-02;4;85600;9;5;1240,0
7778;2026-03-04;4;898;20;3;1860,0
7779;2024-01-30;3;40315;16;1;2480,0
7780;2026-02-06;3;810;17;3;3100,0
7781;2026-02-25;1;85600;21;3;1240,0
7782;2023-03-09;5;40315;14;5;2480,0
7783;2024-08-16;4;18346;11;4;3100,0
7784;2023-09-07;4;810;21;1;3100,0
7785;2023-01-25;2;774;13;4;3100,0
7786;2024-11-18;3;40315;16;1;620,0
7787;2025-08-27;2;824;14;3;1240,0
7788;2024-06-11;2;91200;18;2;2480,0
7789;2024-03-21;1;85600;17;1;2480,0
7790;2024-09-14;5;91200;20;1;1240,0
7791;2025-09-24;2;62535;17;4;1860,0
7792;2025-09-08;4;40315;17;3;1860,0
7793;2023-09-14;4;62535;18;4;3100,0
7794;2023-10-03;5;62535;17;2;1860,0
7795;2026-08-10;3;3382;13;4;3100,0
7796;2023-06-05;4;91200;8;5;1240,0
7797;2024-08-14;3;62535;9;3;2480,0
7798;2025-09-17;1;40315;18;5;620,0
7799;2023-01-23;3;40315;15;2;1860,0
7800;2026-02-23;4;3382;8;5;1240,0
7801;2025-10-21;2;824;9;5;3100,0
7802;2023-05-24;3;40315;14;3;1860,0
7803;2025-07-19;3;898;21;3;2480,0
7804;2026-03-17;3;18346;8;2;1240,0
7805;2026-08-06;2;91200;10;1;620,0
7806;2025-06-17;1;85600;10;4;1860,0
7807;2023-05-22;1;62535;9;3;2480,0
7808;2024-12-09;5;810;21;4;1240,0
7809;2024-06-11;2;898;15;3;1240,0
7810;2023-01-03;2;62535;10;5;1860,0
7811;2023-04-04;2;3382;17;2;1240,0
7812;2026-03-09;2;774;18;5;1240,0
7813;2023-10-30;1;18346;19;4;3100,0
7814;2025-09-25;1;40315;12;3;1860,0
7815;2023-08-02;4;91200;11;5;1240,0
7816;2025-11-12;1;18346;13;1;2480,0
7817;2023-01-17;5;810;12;1;620,0
7818;2023-07-02;5;810;19;1;1240,0
7819;2023-06-28;1;40315;21;4;620,0
7820;2024-02-18;1;3382;8;4;620,0
7821;2025-01-22;5;85600;10;1;3100,0
7822;2025-03-05;3;898;14;3;3100,0
7823;2024-12-18;4;774;8;2;1240,0
7824;2024-01-10;3;40315;16;3;2480,0
7825;2024-09-28;2;810;10;5;2480,0
7826;2023-03-14;3;91200;17;3;2480,0
7827;2026-07-15;4;91200;12;2;620,0
7828;2023-01-16;2;40315;9;5;3100,0
7829;2025-12-17;1;91200;18;1;1240,0
7830;2025-11-29;3;3382;11;2;1240,0
7831;2024-05-14;2;824;19;3;620,0
7832;2025-08-21;2;824;10;1;1240,0
7833;2026-01-31;1;898;9;5;2480,0
7834;2025-12-09;4;774;8;3;2480,0
7835;2023-07-04;4;898;13;1;620,0
7836;2026-02-28;3;824;21;4;620,0
7837;2025-03-18;3;91200;17;2;1860,0
7838;2025-01-12;1;40315;19;5;2480,0
7839;2024-11-16;5;824;21;1;3100,0
7840;2025-04-08;3;810;9;5;3100,0
7841;2024-02-04;1;91200;20;1;3100,0
7842;2026-03-26;1;810;13;5;1240,0
7843;2025-10-17;1;40315;10;2;3100,0
7844;2024-05-23;2;91200;21;1;3100,0
7845;2025-04-04;4;810;18;4;3100,0
7846;2025-12-08;1;40315;8;3;1860,0
7847;2025-12-21;3;774;20;1;1860,0
7848;2025-05-16;5;3382;20;4;1860,0
7849;2024-02-11;2;18346;18;2;620,0
7850;2026-05-16;3;824;19;4;2480,0
7851;2026-02-27;2;898;10;5;2480,0
7852;2024-12-01;1;91200;20;4;620,0
7853;2024-11-28;1;40315;9;2;2480,0
7854;2023-12-28;1;62535;15;1;1860,0
7855;2024-11-26;2;810;9;2;3100,0
7856;2024-08-27;3;810;19;2;620,0
7857;2024-11-18;4;62535;21;5;2480,0
7858;2024-11-15;5;774;11;5;1860,0
7859;2026-05-26;4;898;21;3;620,0
7860;2026-03-23;1;91200;16;3;1240,0
7861;2025-05-23;4;85600;9;1;1240,0
7862;2025-09-05;4;824;12;4;2480,0
7863;2026-03-30;5;91200;11;2;620,0
7864;2025-08-06;1;810;15;5;620,0
7865;2024-08-17;1;3382;15;4;2480,0
7866;2025-01-04;1;62535;14;4;3100,0
7867;2024-03-08;3;898;10;3;3100,0
7868;2023-04-20;2;40315;19;4;1240,0
7869;2025-05-27;2;824;16;3;1860,0
7870;2025-05-27;4;91200;10;5;1240,0
7871;2023-10-12;4;85600;10;4;620,0
7872;2025-04-03;3;810;17;1;1860,0
7873;2026-07-13;1;18346;9;1;620,0
7874;2023-04-22;2;62535;15;5;1240,0
7875;2025-10-25;2;898;12;3;3100,0
7876;2024-01-07;5;898;17;4;3100,0
7877;2024-09-20;3;810;18;5;3100,0
7878;2024-04-15;2;774;10;2;1860,0
7879;2026-07-20;5;91200;19;5;2480,0
7880;2025-11-22;5;3382;15;4;2480,0
7881;2025-12-27;5;810;16;3;2480,0
7882;2024-01-08;2;824;12;1;2480,0
7883;2025-01-19;5;62535;9;3;2480,0
7884;2023-09-15;1;91200;10;4;2480,0
7885;2024-05-15;4;85600;10;3;1240,0
7886;2024-03-31;5;3382;12;4;2480,0
7887;2026-05-24;5;91200;15;1;2480,0
7888;2024-04-03;2;3382;19;2;1860,0
7889;2026-04-02;3;91200;15;2;2480,0
7890;2023-11-26;5;898;18;3;3100,0
7891;2024-09-10;3;774;17;1;2480,0
7892;2024-12-18;2;18346;21;5;3100,0
7893;2025-03-14;4;898;17;4;1240,0
7894;2024-08-31;1;91200;15;2;1860,0
7895;2023-01-25;1;774;18;1;1860,0
7896;2024-02-08;4;774;16;5;1860,0
7897;2025-08-20;2;62535;10;1;620,0
7898;2024-11-23;4;774;8;5;2480,0
7899;2023-09-27;3;774;10;1;1860,0
7900;2024-03-17;5;91200;9;1;3100,0
7901;2025-02-08;4;3382;20;2;3100,0
7902;2024-06-13;4;3382;13;1;2480,0
7903;2024-01-23;1;3382;20;1;2480,0
7904;2024-10-02;1;62535;8;5;2480,0
7905;2023-07-10;3;91200;9;1;2480,0
7906;2025-04-03;3;824;18;1;1240,0
7907;2023-08-01;2;898;17;5;1240,0
7908;2025-10-20;4;40315;8;3;1860,0
7909;2023-09-21;1;40315;9;2;2480,0
7910;2024-08-22;3;40315;9;2;1860,0
7911;2025-10-30;2;40315;8;2;2480,0
7912;2024-11-24;5;810;15;4;620,0
7913;2024-11-07;4;3382;19;3;1240,0
7914;2026-03-17;2;91200;15;4;3100,0
7915;2026-06-29;1;774;20;3;620,0
7916;2024-11-01;3;824;11;1;1240,0
7917;2023-02-02;1;774;15;3;2480,0
7918;2025-03-04;1;62535;13;4;620,0
7919;2023-01-16;1;18346;9;3;620,0
7920;2023-05-05;2;774;8;5;3100,0
7921;2024-10-17;3;91200;20;5;3100,0
7922;2024-04-12;5;3382;20;5;620,0
7923;2026-01-05;2;824;16;4;3100,0
7924;2025-05-23;5;824;15;2;1240,0
7925;2023-05-19;4;3382;15;5;2480,0
7926;2023-01-24;3;18346;13;1;1240,0
7927;2026-08-18;2;85600;8;5;620,0
7928;2025-02-20;3;824;17;3;1860,0
7929;2024-06-15;2;91200;19;3;3100,0
7930;2023-08-12;2;85600;19;4;1240,0
7931;2026-05-29;5;898;11;1;620,0
7932;2023-02-09;3;810;14;3;1240,0
7933;2025-02-06;3;898;21;1;620,0
7934;2023-08-14;2;898;16;2;3100,0
7935;2025-05-21;5;91200;12;5;1860,0
7936;2024-12-10;3;91200;21;3;620,0
7937;2024-11-12;2;18346;17;3;1240,0
7938;2023-03-03;2;774;14;3;2480,0
7939;2023-10-08;2;810;21;3;3100,0
7940;2025-08-14;4;898;15;5;620,0
7941;2024-01-12;5;810;20;1;2480,0
7942;2024-04-03;5;40315;16;1;2480,0
7943;2023-03-14;3;774;10;5;3100,0
7944;2025-01-07;5;91200;14;2;620,0
7945;2023-12-25;3;774;9;3;620,0
7946;2024-02-07;5;91200;15;3;2480,0
7947;2023-08-27;4;774;13;1;620,0
7948;2026-06-04;3;774;19;4;1240,0
7949;2026-04-15;5;62535;10;1;2480,0
7950;2025-06-24;5;18346;16;4;1240,0
7951;2024-10-05;4;824;21;4;1860,0
7952;2025-06-06;5;824;14;2;1240,0
7953;2023-06-19;4;774;10;2;1860,0
7954;2024-11-25;3;3382;13;3;1860,0
7955;2024-03-03;3;91200;16;3;3100,0
7956;2023-12-04;4;898;18;5;2480,0
7957;2023-09-01;1;91200;19;5;2480,0
7958;2025-05-02;5;3382;12;2;1860,0
7959;2026-06-10;2;85600;10;5;620,0
7960;2025-07-01;4;91200;21;2;1240,0
7961;2023-03-05;3;774;18;5;3100,0
7962;2024-01-19;1;91200;8;2;3100,0
7963;2025-04-06;3;824;9;3;3100,0
7964;2023-10-10;4;898;11;4;620,0
7965;2024-05-06;4;774;16;3;1240,0
7966;2024-01-03;5;91200;18;5;3100,0
7967;2026-05-02;3;40315;16;2;1860,0
7968;2025-12-15;2;824;18;4;1860,0
7969;2024-12-25;2;774;9;3;2480,0
7970;2023-04-28;3;62535;11;2;1860,0
7971;2025-03-10;4;85600;10;2;1240,0
7972;2026-07-29;4;62535;11;5;1240,0
7973;2024-04-05;3;774;12;1;620,0
7974;2023-09-23;5;898;10;4;1240,0
7975;2023-04-10;4;85600;16;2;620,0
7976;2025-04-21;4;774;10;4;3100,0
7977;2026-01-15;2;3382;19;1;1240,0
7978;2024-07-04;2;898;13;5;3100,0
7979;2026-06-16;2;3382;21;2;3100,0
7980;2025-08-14;3;18346;14;1;2480,0
7981;2024-05-26;5;898;8;3;3100,0
7982;2024-03-16;1;91200;9;5;620,0
7983;2025-03-13;4;3382;14;3;1860,0
7984;2025-04-04;4;810;18;3;3100,0
7985;2026-04-06;2;824;13;4;1240,0
7986;2024-07-30;4;85600;14;3;1860,0
7987;2026-03-23;4;85600;17;4;1860,0
7988;2025-08-29;5;91200;18;2;1240,0
7989;2023-05-19;5;18346;12;2;620,0
7990;2024-08-29;5;85600;19;5;1240,0
7991;2023-09-05;1;824;16;5;2480,0
7992;2026-07-10;3;824;19;1;3100,0
7993;2023-01-13;2;774;8;3;2480,0
7994;2025-03-03;4;18346;14;2;1860,0
7995;2024-04-16;5;18346;9;2;620,0
7996;2023-09-08;4;40315;21;2;620,0
7997;2024-08-30;3;898;17;1;620,0
7998;2024-04-20;4;810;16;1;1860,0
7999;2025-05-16;3;85600;21;3;620,0
8000;2023-11-07;1;824;10;4;1240,0
8001;2024-03-22;3;40315;13;3;1860,0
8002;2023-09-25;4;810;11;3;3100,0
8003;2024-05-10;1;774;10;3;3100,0
8004;2025-12-01;2;85600;12;3;1860,0
8005;2024-03-02;1;18346;9;3;1240,0
8006;2023-10-11;4;85600;8;5;3100,0
8007;2023-03-17;5;62535;15;2;620,0
8008;2025-06-08;3;62535;18;4;3100,0
8009;2024-11-18;4;898;12;2;1860,0
8010;2025-05-12;5;774;20;3;620,0
8011;2025-09-14;3;40315;18;5;3100,0
8012;2023-11-10;3;810;13;2;3100,0
8013;2026-04-05;4;774;11;2;3100,0
8014;2025-04-13;5;774;19;4;1240,0
8015;2023-04-12;2;85600;18;1;2480,0
8016;2023-02-18;2;18346;15;4;1860,0
8017;2023-06-30;3;3382;8;4;1860,0
8018;2023-08-11;4;40315;21;2;620,0
8019;2025-07-26;1;40315;8;2;2480,0
8020;2026-07-22;1;3382;19;4;1860,0
8021;2026-03-10;2;898;18;4;1240,0
8022;2026-05-26;1;810;10;2;1860,0
8023;2024-02-19;1;3382;19;2;1860,0
8024;2024-03-31;2;824;17;4;1240,0
8025;2024-10-17;2;40315;12;2;1860,0
8026;2023-09-23;3;774;9;5;1860,0
8027;2026-07-21;3;824;20;1;1860,0
8028;2024-08-23;3;40315;21;4;1860,0
8029;2024-05-10;3;824;9;5;1240,0
8030;2025-11-13;5;3382;14;4;1240,0
8031;2026-07-01;3;85600;9;5;1240,0
8032;2025-08-06;5;3382;8;2;620,0
8033;2024-08-12;5;91200;12;2;3100,0
8034;2023-01-13;4;810;9;5;3100,0
8035;2025-09-13;5;774;16;3;1240,0
8036;2023-10-04;3;62535;21;3;620,0
8037;2026-03-12;3;40315;18;3;1240,0
8038;2025-09-26;5;85600;10;3;1240,0
8039;2026-05-01;1;774;15;3;3100,0
8040;2026-05-06;2;810;19;5;3100,0
8041;2023-03-12;2;62535;21;5;1860,0
8042;2024-08-25;5;40315;13;3;1860,0
8043;2025-01-19;4;824;12;1;1860,0
8044;2024-12-30;5;85600;8;2;620,0
8045;2025-04-20;1;774;9;4;620,0
8046;2024-01-12;4;774;10;4;3100,0
8047;2025-03-03;4;62535;16;5;2480,0
8048;2023-02-12;2;3382;10;2;2480,0
8049;2023-06-21;2;3382;20;1;620,0
8050;2023-12-12;5;91200;15;1;1860,0
8051;2026-06-05;1;18346;17;2;3100,0
8052;2024-10-12;4;774;11;5;620,0
8053;2025-10-11;2;774;19;5;3100,0
8054;2024-08-14;5;18346;14;2;1240,0
8055;2026-04-05;5;824;13;4;620,0
8056;2025-06-01;4;18346;17;5;620,0
8057;2025-12-03;3;91200;20;1;1240,0
8058;2024-01-25;1;91200;20;3;1240,0
8059;2024-01-03;3;40315;21;4;620,0
8060;2023-02-20;5;18346;19;1;620,0
8061;2026-08-24;2;62535;17;2;620,0
8062;2025-05-28;2;91200;10;1;1860,0
8063;2025-03-11;4;824;11;4;620,0
8064;2026-08-16;3;898;21;4;620,0
8065;2025-01-03;2;774;15;1;3100,0
8066;2023-11-26;2;898;17;1;2480,0
8067;2023-05-20;1;810;10;5;2480,0
8068;2026-08-22;3;810;15;1;620,0
8069;2026-01-17;3;85600;12;2;3100,0
8070;2026-04-26;5;91200;15;5;1240,0
8071;2024-05-09;4;62535;13;4;2480,0
8072;2023-08-26;1;18346;13;1;620,0
8073;2024-11-11;5;3382;16;3;1240,0
8074;2023-12-21;4;91200;15;1;2480,0
8075;2024-05-10;1;810;16;2;3100,0
8076;2023-01-04;4;85600;18;3;2480,0
8077;2024-08-22;1;810;11;3;1860,0
8078;2024-10-05;4;898;8;4;620,0
8079;2023-11-10;1;40315;18;2;3100,0
8080;2023-03-23;1;91200;15;3;2480,0
8081;2024-07-16;5;18346;16;3;1860,0
8082;2026-07-02;1;40315;20;3;3100,0
8083;2025-06-16;1;774;8;2;1240,0
8084;2026-04-19;2;898;18;2;1240,0
8085;2023-02-28;1;824;18;2;1860,0
8086;2024-04-03;2;774;8;1;1860,0
8087;2026-01-11;2;898;20;2;3100,0
8088;2026-08-22;1;3382;16;3;1240,0
8089;2023-03-13;2;40315;14;3;1860,0
8090;2024-02-28;4;774;11;2;620,0
8091;2026-01-26;1;3382;10;5;1860,0
8092;2023-05-11;4;85600;10;5;2480,0
8093;2026-04-22;5;810;19;4;1860,0
8094;2025-05-16;1;85600;19;2;2480,0
8095;2023-01-24;3;91200;9;3;1240,0
8096;2023-09-19;4;810;18;3;2480,0
8097;2023-02-22;1;40315;18;3;620,0
8098;2024-04-21;4;62535;14;4;3100,0
8099;2026-07-28;4;810;21;3;3100,0
8100;2025-11-13;1;62535;11;1;1240,0
8101;2023-03-30;1;824;17;4;1240,0
8102;2024-11-08;1;62535;12;1;2480,0
8103;2023-07-18;3;91200;13;4;3100,0
8104;2026-06-29;4;810;9;5;1860,0
8105;2024-06-26;2;810;20;2;620,0
8106;2026-02-04;4;3382;14;5;1240,0
8107;2023-05-21;5;40315;11;3;2480,0
8108;2023-03-11;2;91200;15;2;3100,0
8109;2023-10-30;5;810;15;3;620,0
8110;2024-06-11;2;18346;19;5;3100,0
8111;2025-01-08;2;91200;12;1;2480,0
8112;2025-05-06;2;3382;15;5;1240,0
8113;2023-08-21;1;18346;11;4;1860,0
8114;2024-05-12;5;18346;14;3;1860,0
8115;2025-01-08;4;3382;21;5;2480,0
8116;2026-06-10;4;3382;15;4;3100,0
8117;2024-03-06;5;3382;20;5;1240,0
8118;2024-03-12;3;824;8;4;620,0
8119;2025-11-22;5;810;20;4;2480,0
8120;2025-04-02;5;824;10;3;620,0
8121;2026-01-23;5;62535;8;4;620,0
8122;2023-11-13;2;18346;12;4;1860,0
8123;2025-03-18;4;3382;17;3;2480,0
8124;2023-11-17;4;62535;17;3;1860,0
8125;2026-03-18;2;18346;10;4;1240,0
8126;2025-12-18;4;3382;13;5;3100,0
8127;2025-04-14;3;774;11;2;2480,0
8128;2024-05-04;1;774;13;3;2480,0
8129;2023-02-05;2;3382;20;3;1860,0
8130;2026-02-19;3;774;19;2;2480,0
8131;2024-07-13;5;810;15;4;620,0
8132;2024-06-14;5;18346;12;1;2480,0
8133;2024-12-09;2;3382;19;5;1240,0
8134;2024-06-28;2;91200;10;3;620,0
8135;2026-08-20;3;91200;17;1;1240,0
8136;2025-02-26;3;18346;14;2;2480,0
8137;2023-12-17;4;774;15;5;2480,0
8138;2025-10-28;4;85600;12;1;620,0
8139;2025-05-04;3;3382;14;4;2480,0
8140;2026-04-12;4;774;13;4;620,0
8141;2023-11-26;5;91200;17;2;1240,0
8142;2025-12-29;5;40315;10;1;1240,0
8143;2024-06-04;3;824;17;1;1860,0
8144;2024-06-10;4;774;21;2;1860,0
8145;2026-08-13;5;774;8;5;620,0
8146;2023-03-02;2;774;20;1;3100,0
8147;2025-01-29;1;3382;9;4;1860,0
8148;2023-11-17;4;3382;12;5;2480,0
8149;2023-02-28;2;40315;12;5;620,0
8150;2023-12-28;1;18346;15;5;2480,0
8151;2023-01-19;2;898;10;3;1240,0
8152;2026-03-30;2;774;19;2;3100,0
8153;2023-09-14;3;40315;18;2;1860,0
8154;2026-04-15;2;898;15;3;620,0
8155;2023-08-29;5;18346;15;3;620,0
8156;2025-01-12;4;824;16;3;620,0
8157;2026-08-02;2;85600;11;5;3100,0
8158;2026-08-22;4;40315;17;3;2480,0
8159;2025-12-10;1;91200;18;3;2480,0
8160;2024-02-14;1;40315;15;2;620,0
8161;2023-07-01;4;3382;14;3;1860,0
8162;2026-06-22;2;824;10;3;1860,0
8163;2025-10-20;3;3382;18;4;2480,0
8164;2025-05-21;3;91200;16;4;3100,0
8165;2023-06-22;4;824;12;3;2480,0
8166;2025-03-08;5;40315;8;5;3100,0
8167;2023-07-31;3;85600;16;5;620,0
8168;2024-01-02;2;91200;17;4;1240,0
8169;2025-06-07;3;3382;13;3;3100,0
8170;2024-09-14;3;40315;14;2;1240,0
8171;2023-05-23;2;85600;13;3;2480,0
8172;2024-10-22;3;85600;13;4;3100,0
8173;2023-11-05;5;898;11;5;2480,0
8174;2024-04-21;4;824;8;1;620,0
8175;2025-07-22;2;91200;9;1;2480,0
8176;2025-10-27;5;3382;17;5;3100,0
8177;2024-01-31;5;824;12;2;2480,0
8178;2025-04-14;5;18346;12;4;3100,0
8179;2023-05-28;1;810;15;1;1860,0
8180;2024-03-06;1;62535;13;4;3100,0
8181;2024-01-29;3;18346;12;3;620,0
8182;2025-12-23;4;774;12;2;2480,0
8183;2024-10-01;5;18346;8;4;1240,0
8184;2026-01-28;5;18346;17;5;2480,0
8185;2023-08-26;2;91200;20;4;3100,0
8186;2025-02-24;3;824;20;2;1860,0
8187;2025-11-27;5;62535;11;4;3100,0
8188;2025-06-09;3;824;11;5;620,0
8189;2024-04-29;5;85600;18;1;620,0
8190;2024-10-24;3;40315;21;1;2480,0
8191;2025-05-07;4;85600;12;4;1860,0
8192;2024-09-12;3;3382;8;5;2480,0
8193;2023-06-28;2;91200;18;3;1860,0
8194;2024-01-30;1;40315;16;3;3100,0
8195;2026-01-02;2;85600;16;5;620,0
8196;2024-10-30;3;18346;21;3;3100,0
8197;2024-06-08;3;40315;21;1;1860,0
8198;2025-06-04;4;62535;12;2;1240,0
8199;2023-07-12;4;62535;12;1;2480,0
8200;2025-01-28;5;91200;15;4;620,0
8201;2023-12-21;1;18346;11;4;1240,0
8202;2023-02-03;2;62535;11;5;1860,0
8203;2025-12-14;4;3382;16;2;620,0
8204;2025-11-30;2;62535;12;4;2480,0
8205;2024-08-06;3;85600;8;1;3100,0
8206;2023-10-18;3;40315;19;3;1240,0
8207;2023-02-04;3;3382;11;4;1860,0
8208;2023-07-05;5;91200;8;4;1860,0
8209;2023-10-04;2;824;13;5;3100,0
8210;2025-09-20;1;85600;18;5;3100,0
8211;2026-05-17;3;85600;16;3;1860,0
8212;2026-05-14;2;40315;9;1;2480,0
8213;2024-02-23;5;18346;15;3;1860,0
8214;2023-05-14;3;810;20;5;3100,0
8215;2026-08-29;1;40315;17;3;1240,0
8216;2023-09-02;5;774;8;3;2480,0
8217;2026-04-14;2;18346;16;3;2480,0
8218;2024-11-14;1;40315;12;5;1240,0
8219;2023-07-30;1;810;17;5;2480,0
8220;2024-05-20;4;898;19;2;1860,0
8221;2025-09-03;3;3382;18;1;2480,0
8222;2023-06-24;1;898;8;5;620,0
8223;2024-02-09;4;774;19;5;620,0
8224;2023-09-17;4;62535;18;4;1860,0
8225;2024-12-24;5;898;17;5;1860,0
8226;2025-04-20;5;91200;9;1;620,0
8227;2023-10-29;2;774;18;1;2480,0
8228;2026-04-09;5;898;12;5;620,0
8229;2023-02-19;4;40315;19;5;1240,0
8230;2024-02-25;5;62535;13;4;620,0
8231;2023-06-18;5;824;10;1;1240,0
8232;2024-10-09;2;810;16;4;2480,0
8233;2026-03-26;2;898;14;5;1860,0
8234;2026-03-25;5;40315;14;3;1860,0
8235;2024-04-10;2;810;11;3;620,0
8236;2024-03-09;4;3382;10;1;620,0
8237;2023-09-01;4;62535;12;5;2480,0
8238;2024-12-18;4;91200;17;1;1240,0
8239;2025-03-15;5;898;17;1;620,0
8240;2026-07-09;2;898;9;1;1860,0
8241;2024-04-21;5;898;20;1;1860,0
8242;2024-08-08;1;85600;16;2;3100,0
8243;2026-04-14;5;3382;16;1;620,0
8244;2025-10-09;1;824;21;5;1240,0
8245;2025-03-16;3;91200;17;2;2480,0
8246;2024-07-13;2;898;11;2;3100,0
8247;2026-06-04;4;810;19;2;1860,0
8248;2025-03-14;5;62535;13;4;620,0
8249;2026-02-25;4;85600;13;1;3100,0
8250;2023-08-29;1;85600;17;5;620,0
8251;2025-07-18;3;810;20;3;2480,0
8252;2023-11-03;3;810;15;3;620,0
8253;2023-10-04;5;898;21;1;1860,0
8254;2024-04-19;1;3382;16;3;2480,0
8255;2025-01-08;1;898;21;3;1860,0
8256;2025-03-01;4;774;17;5;2480,0
8257;2024-11-19;4;898;13;4;2480,0
8258;2024-08-30;4;3382;11;5;1860,0
8259;2025-08-19;1;774;8;1;620,0
8260;2026-01-18;1;18346;17;5;1860,0
8261;2023-12-26;1;62535;21;5;620,0
8262;2025-04-03;2;824;15;1;620,0
8263;2025-07-18;4;62535;14;2;2480,0
8264;2023-09-23;5;91200;10;2;620,0
8265;2025-02-18;3;85600;17;1;620,0
8266;2025-05-15;4;898;9;5;2480,0
8267;2026-03-18;4;810;9;1;3100,0
8268;2023-07-06;5;898;14;2;2480,0
8269;2025-06-02;5;40315;14;5;2480,0
8270;2025-01-01;2;774;9;2;2480,0
8271;2025-09-27;5;85600;16;3;620,0
8272;2023-05-25;5;85600;17;2;2480,0
8273;2025-05-03;4;91200;9;2;620,0
8274;2025-04-06;5;85600;18;4;1860,0
8275;2026-04-17;5;898;18;5;3100,0
8276;2026-06-07;4;62535;15;5;620,0
8277;2024-07-23;4;774;19;5;620,0
8278;2024-07-26;3;810;18;3;620,0
8279;2023-05-08;4;824;21;5;2480,0
8280;2024-08-20;4;824;12;5;1860,0
8281;2025-12-27;4;824;21;4;2480,0
8282;2023-02-23;1;3382;14;1;3100,0
8283;2023-08-18;5;18346;10;2;620,0
8284;2026-02-13;3;40315;9;5;3100,0
8285;2023-12-21;4;774;14;5;620,0
8286;2026-08-27;5;898;12;1;620,0
8287;2025-12-29;3;824;20;4;1240,0
8288;2025-04-12;1;824;15;5;1240,0
8289;2026-03-11;5;810;20;1;2480,0
8290;2023-10-02;2;85600;13;5;1240,0
8291;2026-08-25;4;85600;19;2;1240,0
8292;2024-07-11;2;91200;15;5;1860,0
8293;2025-06-08;2;824;15;2;1240,0
8294;2025-09-19;5;898;20;2;620,0
8295;2023-05-07;1;85600;9;4;2480,0
8296;2023-09-16;3;898;13;2;1240,0
8297;2024-11-13;5;91200;14;2;1240,0
8298;2024-12-19;1;18346;10;3;620,0
8299;2026-04-27;3;91200;15;5;1240,0
8300;2025-11-08;3;774;17;4;3100,0
8301;2023-04-06;4;810;10;1;3100,0
8302;2026-08-06;2;774;12;3;620,0
8303;2025-12-06;5;91200;14;3;1240,0
8304;2024-04-12;4;3382;12;4;1240,0
8305;2024-08-26;5;774;10;1;2480,0
8306;2026-05-24;4;18346;17;1;3100,0
8307;2023-08-10;4;3382;16;2;2480,0
8308;2026-01-31;4;91200;18;2;1860,0
8309;2024-10-22;3;40315;20;3;620,0
8310;2025-09-04;5;898;17;3;1860,0
8311;2023-07-14;5;810;11;5;2480,0
8312;2023-04-27;2;62535;8;4;3100,0
8313;2026-03-28;2;810;13;3;2480,0
8314;2024-08-16;1;18346;12;1;1860,0
8315;2025-02-26;4;18346;12;4;3100,0
8316;2026-03-02;3;774;14;2;3100,0
8317;2023-11-23;1;898;8;3;1240,0
8318;2024-09-04;2;40315;19;3;620,0
8319;2023-03-27;4;824;21;2;3100,0
8320;2024-11-13;4;824;8;2;3100,0
8321;2023-06-27;4;898;10;3;620,0
8322;2025-06-19;5;40315;15;3;1240,0
8323;2023-03-06;4;40315;12;4;1240,0
8324;2023-12-28;2;898;21;5;1860,0
8325;2023-11-09;4;774;19;5;1240,0
8326;2025-01-04;4;91200;9;5;3100,0
8327;2025-03-14;5;62535;8;4;2480,0
8328;2024-04-07;1;85600;8;3;1240,0
8329;2024-12-14;4;18346;8;2;1860,0
8330;2025-07-13;3;85600;13;1;1240,0
8331;2025-03-19;3;898;21;4;3100,0
8332;2026-03-23;5;62535;8;5;1860,0
8333;2024-06-26;5;3382;11;5;620,0
8334;2023-01-12;3;18346;12;1;1860,0
8335;2023-07-07;5;898;10;3;620,0
8336;2023-02-12;4;810;19;4;3100,0
8337;2023-09-12;1;810;19;4;2480,0
8338;2024-09-12;4;824;14;1;2480,0
8339;2025-09-08;2;898;20;4;620,0
8340;2024-05-06;4;3382;16;4;620,0
8341;2023-06-24;1;898;9;3;620,0
8342;2025-09-26;2;824;11;1;1860,0
8343;2024-11-14;4;3382;21;1;2480,0
8344;2023-10-05;3;3382;16;1;1860,0
8345;2023-02-05;5;824;10;1;1860,0
8346;2024-05-23;3;85600;8;2;620,0
8347;2024-03-25;4;898;21;5;1240,0
8348;2026-01-19;2;3382;19;2;2480,0
8349;2023-11-25;4;85600;17;5;1860,0
8350;2023-04-17;3;898;17;2;3100,0
8351;2024-09-17;4;898;19;1;620,0
8352;2025-10-17;4;40315;13;3;3100,0
8353;2025-03-06;2;18346;13;2;2480,0
8354;2025-01-17;1;18346;20;4;1240,0
8355;2024-10-13;3;91200;10;3;3100,0
8356;2025-11-13;5;810;10;3;1860,0
8357;2025-10-02;5;3382;11;1;620,0
8358;2025-09-15;3;85600;17;2;620,0
8359;2023-04-19;2;3382;20;2;3100,0
8360;2023-01-28;2;810;9;1;3100,0
8361;2026-08-04;1;85600;20;2;1860,0
8362;2026-07-06;2;774;19;5;2480,0
8363;2023-06-15;5;774;13;1;1860,0
8364;2026-02-17;3;824;17;3;1240,0
8365;2025-09-07;1;774;21;2;3100,0
8366;2026-04-01;5;824;20;4;3100,0
8367;2024-09-17;2;810;17;4;1860,0
8368;2024-06-08;1;824;16;5;1860,0
8369;2023-07-16;3;898;21;5;1860,0
8370;2024-10-02;5;40315;15;2;1240,0
8371;2025-07-27;1;898;9;5;620,0
8372;2023-06-25;5;824;14;1;1860,0
8373;2026-06-20;5;774;12;4;620,0
8374;2024-10-03;2;62535;13;5;3100,0
8375;2025-09-25;2;898;8;4;1240,0
8376;2023-05-14;3;62535;17;3;1860,0
8377;2026-05-25;5;85600;14;3;1860,0
8378;2023-01-02;4;3382;17;1;1860,0
8379;2026-07-03;2;774;19;1;620,0
8380;2025-07-24;3;85600;20;3;2480,0
8381;2023-08-24;1;898;13;3;3100,0
8382;2025-02-18;3;18346;15;1;1240,0
8383;2023-04-11;4;85600;12;2;2480,0
8384;2025-11-03;5;18346;11;2;3100,0
8385;2025-02-04;1;810;10;2;620,0
8386;2024-12-29;4;774;21;1;620,0
8387;2024-12-31;2;91200;20;3;2480,0
8388;2023-11-03;1;18346;10;2;3100,0
8389;2023-04-04;1;810;11;5;620,0
8390;2025-11-20;2;898;9;1;1240,0
8391;2025-07-24;1;18346;17;3;1240,0
8392;2024-08-26;5;85600;17;4;620,0
8393;2024-07-14;3;91200;14;2;1240,0
8394;2023-07-29;3;18346;17;5;620,0
8395;2023-07-18;4;898;17;4;620,0
8396;2024-12-05;4;898;20;3;1240,0
8397;2023-03-11;5;898;11;1;2480,0
8398;2026-02-27;1;85600;12;2;2480,0
8399;2024-04-02;4;62535;16;4;1240,0
8400;2025-04-15;3;774;8;4;3100,0
8401;2025-09-21;4;18346;16;5;1240,0
8402;2023-09-13;5;40315;18;3;1240,0
8403;2025-10-24;1;62535;15;5;2480,0
8404;2023-05-12;3;62535;15;5;620,0
8405;2026-05-27;5;810;8;1;620,0
8406;2024-02-19;5;774;18;1;1860,0
8407;2026-03-22;2;62535;16;1;3100,0
8408;2024-08-23;1;810;9;5;1860,0
8409;2025-03-20;3;85600;9;4;3100,0
8410;2026-04-12;1;40315;21;3;1860,0
8411;2024-06-23;1;774;17;1;2480,0
8412;2026-01-18;4;3382;21;1;1240,0
8413;2024-02-07;5;3382;20;5;620,0
8414;2026-02-15;3;91200;19;2;1860,0
8415;2023-04-03;4;91200;20;4;3100,0
8416;2025-11-19;2;824;14;4;620,0
8417;2025-01-01;2;62535;9;3;1240,0
8418;2023-09-12;5;62535;21;5;620,0
8419;2026-02-12;2;3382;10;2;1860,0
8420;2025-08-05;3;62535;19;3;3100,0
8421;2023-08-30;5;774;15;5;1860,0
8422;2025-01-31;3;18346;11;5;2480,0
8423;2023-06-23;2;91200;21;4;2480,0
8424;2024-10-02;4;85600;19;4;620,0
8425;2025-07-01;5;774;18;1;1240,0
8426;2025-01-20;5;85600;12;2;3100,0
8427;2023-11-06;1;3382;16;3;620,0
8428;2024-11-09;3;85600;14;2;1860,0
8429;2026-06-02;3;774;9;5;620,0
8430;2026-07-07;5;824;17;1;1860,0
8431;2026-08-06;5;774;18;5;3100,0
8432;2023-06-12;4;810;19;3;1860,0
8433;2024-05-03;3;824;18;3;3100,0
8434;2023-10-11;4;824;19;2;1240,0
8435;2024-11-28;3;824;21;2;3100,0
8436;2023-12-27;2;3382;8;4;620,0
8437;2024-03-04;3;774;18;1;3100,0
8438;2026-04-25;4;62535;8;2;620,0
8439;2025-03-14;5;85600;16;1;1240,0
8440;2023-02-18;3;18346;8;4;3100,0
8441;2026-07-18;5;774;14;2;2480,0
8442;2024-10-06;3;91200;13;2;2480,0
8443;2025-03-14;3;774;10;2;1240,0
8444;2023-04-13;5;898;16;1;1240,0
8445;2025-05-04;3;774;17;1;1860,0
8446;2026-07-24;1;898;12;5;2480,0
8447;2024-09-18;4;3382;20;1;3100,0
8448;2025-05-26;2;824;19;1;1240,0
8449;2024-04-03;3;824;8;5;1240,0
8450;2024-03-20;2;62535;20;3;3100,0
8451;2023-01-25;5;810;18;2;1860,0
8452;2024-05-27;2;85600;11;5;3100,0
8453;2023-06-12;5;85600;18;2;2480,0
8454;2024-07-16;1;40315;20;4;1240,0
8455;2026-05-03;5;774;14;2;1240,0
8456;2025-02-11;1;774;18;4;1860,0
8457;2026-01-08;3;85600;12;3;1240,0
8458;2024-06-16;2;774;16;5;1240,0
8459;2024-10-02;4;824;14;3;1240,0
8460;2024-08-15;3;898;11;3;1240,0
8461;2023-01-09;2;40315;16;5;2480,0
8462;2026-07-19;2;3382;10;3;2480,0
8463;2025-10-05;3;824;14;1;620,0
8464;2024-10-09;3;62535;18;3;1860,0
8465;2024-08-31;3;40315;17;5;620,0
8466;2024-11-15;5;85600;18;3;2480,0
8467;2024-08-24;3;824;12;5;620,0
8468;2025-04-03;1;85600;16;1;3100,0
8469;2025-09-15;4;18346;11;3;1240,0
8470;2023-03-22;4;40315;9;3;1860,0
8471;2026-06-13;2;3382;8;1;620,0
8472;2024-06-25;1;40315;8;3;620,0
8473;2025-12-21;3;85600;8;2;620,0
8474;2024-10-02;3;62535;20;3;1860,0
8475;2024-04-16;2;18346;12;4;620,0
8476;2025-01-13;5;40315;17;1;2480,0
8477;2025-08-07;2;774;12;5;1240,0
8478;2024-03-27;4;774;8;2;3100,0
8479;2025-06-05;1;85600;13;4;2480,0
8480;2026-07-28;2;898;18;3;1860,0
8481;2025-02-06;3;774;12;1;620,0
8482;2025-08-31;1;824;12;5;1240,0
8483;2023-06-09;1;774;16;4;620,0
8484;2026-08-28;1;40315;16;3;3100,0
8485;2023-05-07;2;824;8;1;620,0
8486;2025-07-10;2;774;20;5;3100,0
8487;2024-01-21;5;824;21;2;1240,0
8488;2024-10-17;1;898;13;4;620,0
8489;2025-03-05;2;18346;15;4;1860,0
8490;2025-07-26;2;3382;15;3;1860,0
8491;2023-05-16;5;40315;14;5;1240,0
8492;2024-05-03;1;40315;15;4;3100,0
8493;2025-12-19;3;898;11;3;2480,0
8494;2026-02-01;5;824;18;3;1860,0
8495;2025-01-24;4;898;10;5;3100,0
8496;2025-11-04;3;3382;21;5;1240,0
8497;2026-05-22;4;18346;18;5;2480,0
8498;2023-07-24;1;40315;20;3;1860,0
8499;2025-08-11;2;18346;12;1;1860,0
8500;2023-01-05;4;810;20;5;3100,0
8501;2025-05-29;4;85600;11;4;1240,0
8502;2025-06-12;5;62535;8;1;2480,0
8503;2025-04-11;4;18346;9;1;2480,0
8504;2023-06-05;3;774;17;4;2480,0
8505;2026-03-17;5;810;13;1;2480,0
8506;2024-08-30;1;18346;16;2;2480,0
8507;2024-12-11;1;85600;15;1;1860,0
8508;2023-05-01;4;85600;13;3;1240,0
8509;2023-04-25;3;62535;17;2;620,0
8510;2024-11-05;3;774;21;4;1240,0
8511;2023-03-06;2;898;11;2;3100,0
8512;2025-02-22;4;62535;13;5;3100,0
8513;2023-11-30;5;898;12;5;3100,0
8514;2025-07-31;5;824;18;5;620,0
8515;2026-04-04;4;62535;15;4;1240,0
8516;2023-07-09;4;810;16;3;1240,0
8517;2024-06-17;5;18346;8;3;3100,0
8518;2023-04-23;5;18346;19;4;1240,0
8519;2024-05-29;3;898;13;1;620,0
8520;2024-02-05;5;774;15;1;2480,0
8521;2023-02-16;2;774;10;1;620,0
8522;2025-10-12;4;91200;8;5;3100,0
8523;2023-04-01;1;824;15;4;2480,0
8524;2023-11-10;2;3382;15;3;620,0
8525;2023-05-19;4;3382;11;2;620,0
8526;2023-03-24;2;898;14;3;2480,0
8527;2024-02-29;1;774;16;1;2480,0
8528;2023-03-28;4;3382;13;1;1240,0
8529;2026-03-30;2;91200;21;3;620,0
8530;2023-07-06;3;898;14;3;3100,0
8531;2026-08-26;2;91200;16;3;620,0
8532;2026-02-25;5;898;17;2;1240,0
8533;2025-07-31;2;62535;10;2;1240,0
8534;2024-12-07;4;62535;8;4;620,0
8535;2026-06-23;2;898;21;5;620,0
8536;2024-11-13;5;40315;12;4;620,0
8537;2023-05-06;3;3382;19;2;3100,0
8538;2023-11-07;2;774;16;2;1240,0
8539;2026-05-23;2;774;17;5;620,0
8540;2023-03-17;2;824;17;1;1240,0
8541;2023-06-28;2;85600;18;3;620,0
8542;2024-06-17;4;3382;12;4;3100,0
8543;2023-04-30;1;3382;15;2;1240,0
8544;2025-07-11;2;62535;10;5;1240,0
8545;2024-12-21;5;18346;9;4;3100,0
8546;2026-01-12;2;85600;17;2;620,0
8547;2023-10-06;2;898;14;2;1860,0
8548;2024-10-14;3;810;19;1;620,0
8549;2025-11-23;1;40315;13;3;3100,0
8550;2026-01-07;1;18346;21;5;1240,0
8551;2025-08-14;1;810;14;1;1240,0
8552;2025-09-01;5;40315;19;5;1860,0
8553;2024-09-18;2;898;14;4;620,0
8554;2025-12-09;1;18346;17;1;620,0
8555;2024-09-19;1;774;19;5;620,0
8556;2023-04-13;1;62535;14;3;2480,0
8557;2026-07-11;5;85600;8;1;3100,0
8558;2026-07-28;3;91200;21;3;1860,0
8559;2025-11-17;1;62535;15;2;3100,0
8560;2023-09-17;3;898;17;5;1240,0
8561;2026-05-09;2;40315;20;1;2480,0
8562;2025-08-09;5;18346;18;1;2480,0
8563;2023-02-11;5;898;9;3;620,0
8564;2024-01-01;5;40315;9;2;3100,0
8565;2025-07-02;1;40315;19;1;3100,0
8566;2024-12-05;4;898;16;1;2480,0
8567;2026-08-02;4;898;21;1;1860,0
8568;2024-04-07;4;3382;13;3;2480,0
8569;2026-07-28;4;810;18;1;620,0
8570;2025-04-04;3;91200;17;4;3100,0
8571;2025-12-12;3;898;11;5;1240,0
8572;2023-01-31;3;898;21;2;1860,0
8573;2025-12-03;2;85600;14;2;1860,0
8574;2026-08-28;5;898;12;5;3100,0
8575;2023-05-08;3;62535;14;3;620,0
8576;2025-09-09;2;18346;14;2;1860,0
8577;2023-08-14;2;91200;12;3;1860,0
8578;2023-01-31;2;18346;8;2;1240,0
8579;2026-02-21;1;3382;19;5;1240,0
8580;2023-12-25;5;62535;18;4;1860,0
8581;2025-03-20;5;62535;15;3;2480,0
8582;2023-06-18;4;810;8;2;2480,0
8583;2023-01-20;3;810;16;1;1240,0
8584;2023-03-30;1;774;16;3;1240,0
8585;2025-12-17;1;91200;19;5;1860,0
8586;2024-06-18;3;85600;10;3;1860,0
8587;2025-12-16;4;3382;13;5;3100,0
8588;2023-09-15;3;898;21;5;620,0
8589;2026-03-18;5;824;15;1;620,0
8590;2024-12-14;1;18346;15;5;1240,0
8591;2025-08-26;1;91200;14;2;620,0
8592;2023-04-02;3;898;14;3;620,0
8593;2026-04-25;5;3382;16;2;620,0
8594;2025-05-27;4;824;20;5;1240,0
8595;2025-05-23;4;810;16;4;3100,0
8596;2024-10-06;1;3382;8;5;1240,0
8597;2023-04-29;5;774;13;2;2480,0
8598;2025-06-17;3;824;11;4;620,0
8599;2024-10-13;3;824;18;5;620,0
8600;2024-07-24;4;824;11;3;3100,0
8601;2024-10-04;4;774;13;4;1240,0
8602;2025-03-09;2;898;16;4;620,0
8603;2026-03-24;3;810;18;4;620,0
8604;2023-03-09;3;774;14;1;1240,0
8605;2025-12-02;5;91200;19;3;3100,0
8606;2024-05-09;4;40315;17;3;620,0
8607;2024-01-16;2;62535;10;3;3100,0
8608;2024-12-21;1;18346;15;4;2480,0
8609;2025-03-13;3;18346;12;3;1240,0
8610;2023-09-25;1;18346;20;5;2480,0
8611;2025-11-26;2;774;19;3;620,0
8612;2025-07-25;5;3382;17;2;3100,0
8613;2026-01-30;1;3382;17;3;620,0
8614;2024-11-22;4;18346;9;1;3100,0
8615;2024-09-12;3;85600;11;5;620,0
8616;2023-09-07;5;3382;19;5;1860,0
8617;2026-01-02;3;40315;19;4;2480,0
8618;2025-05-04;3;18346;16;2;1240,0
8619;2025-04-30;1;85600;15;3;1860,0
8620;2025-12-15;4;91200;13;4;620,0
8621;2025-10-02;5;898;14;5;3100,0
8622;2023-10-27;2;3382;21;5;2480,0
8623;2026-03-23;1;824;18;5;3100,0
8624;2026-04-19;5;18346;15;1;620,0
8625;2024-09-03;4;91200;15;1;2480,0
8626;2025-05-03;1;91200;13;1;2480,0
8627;2025-08-29;3;91200;21;2;3100,0
8628;2025-06-02;3;40315;18;3;620,0
8629;2026-04-26;3;91200;10;1;3100,0
8630;2023-04-14;5;18346;17;5;2480,0
8631;2025-06-22;2;898;21;2;1860,0
8632;2025-03-15;4;774;12;1;2480,0
8633;2023-06-12;2;62535;17;4;3100,0
8634;2026-04-19;4;810;11;5;1240,0
8635;2025-12-07;5;898;17;5;3100,0
8636;2025-09-28;2;91200;16;4;3100,0
8637;2023-04-20;5;91200;9;3;3100,0
8638;2023-11-21;4;810;9;4;3100,0
8639;2024-01-04;2;91200;10;2;620,0
8640;2024-01-24;4;3382;15;4;2480,0
8641;2026-02-05;3;91200;16;3;2480,0
8642;2026-01-10;2;85600;17;3;620,0
8643;2025-04-02;5;3382;8;3;1860,0
8644;2025-05-09;3;3382;12;3;1860,0
8645;2025-03-03;1;824;18;2;1860,0
8646;2026-07-30;2;40315;10;1;2480,0
8647;2024-04-22;3;774;20;3;620,0
8648;2023-01-10;2;18346;12;5;2480,0
8649;2023-01-08;4;62535;21;5;3100,0
8650;2026-06-04;3;810;8;1;620,0
8651;2023-11-23;3;85600;18;1;620,0
8652;2023-08-07;3;774;13;5;1240,0
8653;2023-04-26;3;774;13;4;620,0
8654;2026-02-09;1;18346;16;1;1240,0
8655;2025-07-31;5;898;13;2;1240,0
8656;2023-05-28;5;898;16;5;620,0
8657;2025-07-09;5;18346;8;3;2480,0
8658;2026-03-12;1;774;17;5;1860,0
8659;2024-02-17;2;85600;9;4;1860,0
8660;2026-01-22;4;898;10;4;2480,0
8661;2024-07-12;2;62535;20;2;2480,0
8662;2026-05-03;5;91200;19;3;3100,0
8663;2024-04-04;1;62535;17;1;1240,0
8664;2024-02-02;1;85600;9;5;1240,0
8665;2023-06-27;1;62535;11;5;3100,0
8666;2024-05-23;3;85600;17;1;3100,0
8667;2025-07-24;1;18346;20;3;620,0
8668;2024-10-12;4;18346;12;5;1240,0
8669;2023-03-31;3;824;11;2;620,0
8670;2024-06-23;3;898;12;2;620,0
8671;2024-02-07;2;91200;18;3;1240,0
8672;2024-02-17;1;774;21;2;1240,0
8673;2025-02-25;1;91200;19;4;3100,0
8674;2023-01-23;3;62535;14;1;620,0
8675;2026-01-22;5;774;19;3;1860,0
8676;2026-02-25;4;774;12;2;2480,0
8677;2023-10-23;4;62535;17;2;2480,0
8678;2023-07-30;5;3382;21;5;3100,0
8679;2024-07-31;5;774;14;5;620,0
8680;2026-07-28;3;810;16;1;1240,0
8681;2023-06-10;1;810;11;5;620,0
8682;2023-11-23;2;40315;16;3;2480,0
8683;2026-07-28;1;898;13;3;3100,0
8684;2024-11-10;2;85600;16;5;2480,0
8685;2026-05-28;3;18346;13;3;620,0
8686;2024-08-04;1;18346;14;2;2480,0
8687;2026-03-11;4;85600;19;1;2480,0
8688;2026-02-20;4;898;13;3;1240,0
8689;2025-11-11;5;18346;18;1;620,0
8690;2025-01-27;3;62535;13;4;620,0
8691;2025-04-17;5;898;12;2;3100,0
8692;2023-06-18;1;3382;18;1;3100,0
8693;2024-01-23;3;774;14;1;1240,0
8694;2023-06-07;4;62535;18;2;3100,0
8695;2023-02-13;4;85600;10;4;1860,0
8696;2025-10-22;2;62535;13;2;2480,0
8697;2024-01-21;2;62535;9;3;3100,0
8698;2023-02-03;4;40315;13;5;620,0
8699;2024-09-18;1;62535;9;4;3100,0
8700;2023-05-12;3;810;13;1;1860,0
8701;2024-03-06;5;824;12;1;1860,0
8702;2023-06-13;3;824;11;5;2480,0
8703;2023-12-03;4;91200;12;1;2480,0
8704;2024-12-23;2;824;8;2;3100,0
8705;2023-01-10;5;774;9;1;1860,0
8706;2025-01-25;4;3382;9;4;2480,0
8707;2023-06-02;5;91200;16;1;620,0
8708;2023-07-17;1;18346;21;2;1240,0
8709;2023-05-09;4;824;16;5;620,0
8710;2025-07-03;4;898;8;5;3100,0
8711;2026-03-10;5;91200;17;2;1240,0
8712;2024-02-26;5;824;19;5;620,0
8713;2026-08-18;5;62535;13;5;3100,0
8714;2026-08-23;1;40315;20;3;1860,0
8715;2024-12-09;5;898;16;1;1860,0
8716;2024-07-09;5;3382;14;3;3100,0
8717;2026-05-05;1;898;14;3;3100,0
8718;2023-07-28;1;824;10;4;3100,0
8719;2023-06-14;4;3382;18;2;2480,0
8720;2026-04-26;5;40315;9;5;2480,0
8721;2026-01-03;1;18346;8;1;620,0
8722;2024-07-15;1;62535;13;4;1860,0
8723;2025-03-29;5;18346;16;4;3100,0
8724;2025-02-25;5;85600;10;5;2480,0
8725;2026-05-02;2;40315;20;4;1240,0
8726;2024-03-24;5;62535;21;2;1860,0
8727;2023-12-01;4;18346;13;4;2480,0
8728;2025-02-04;2;40315;16;2;3100,0
8729;2025-12-09;2;40315;19;4;620,0
8730;2023-03-29;2;91200;8;3;620,0
8731;2025-07-22;4;62535;11;4;3100,0
8732;2026-05-19;4;62535;16;2;620,0
8733;2025-11-11;1;774;9;1;1860,0
8734;2025-01-31;3;810;20;4;1860,0
8735;2026-03-26;4;898;19;2;2480,0
8736;2024-06-15;5;810;12;1;3100,0
8737;2023-10-06;2;774;21;2;620,0
8738;2023-10-08;5;3382;12;5;1240,0
8739;2023-04-12;5;3382;18;2;620,0
8740;2023-11-18;3;62535;11;1;1240,0
8741;2025-09-19;4;85600;15;4;620,0
8742;2023-02-27;3;62535;18;4;620,0
8743;2026-07-16;3;774;12;3;1240,0
8744;2024-07-20;4;898;20;4;620,0
8745;2024-08-16;5;18346;9;2;1240,0
8746;2025-12-29;3;824;14;2;620,0
8747;2026-03-23;1;3382;15;5;1240,0
8748;2026-07-12;4;85600;21;3;1240,0
8749;2025-03-29;5;18346;18;4;1860,0
8750;2024-02-09;3;62535;14;2;2480,0
8751;2024-04-05;2;40315;15;5;1240,0
8752;2026-01-04;5;62535;18;4;620,0
8753;2025-11-16;5;18346;19;2;3100,0
8754;2025-10-15;4;62535;15;5;2480,0
8755;2024-10-07;1;18346;17;4;1860,0
8756;2023-08-26;5;62535;16;1;2480,0
8757;2025-09-09;1;62535;21;2;620,0
8758;2024-10-16;2;62535;19;5;2480,0
8759;2025-11-12;3;810;11;2;620,0
8760;2024-09-30;2;40315;8;5;3100,0
8761;2025-11-18;5;824;10;3;620,0
8762;2024-08-04;3;824;14;1;620,0
8763;2026-01-12;4;3382;12;5;1860,0
8764;2023-11-29;1;18346;17;1;1860,0
8765;2025-09-29;3;824;20;2;1860,0
8766;2024-12-24;3;824;20;4;1860,0
8767;2026-07-10;3;774;13;2;620,0
8768;2025-10-01;1;62535;20;1;1860,0
8769;2024-05-13;5;40315;17;4;3100,0
8770;2024-03-11;3;40315;8;2;620,0
8771;2024-04-22;4;810;8;2;2480,0
8772;2024-06-05;3;62535;16;3;2480,0
8773;2024-09-07;3;91200;13;4;1240,0
8774;2024-02-17;4;18346;14;3;1240,0
8775;2024-06-01;2;18346;12;2;1240,0
8776;2024-01-03;3;40315;14;2;1240,0
8777;2023-10-28;4;18346;18;2;1860,0
8778;2026-03-11;4;3382;15;2;1860,0
8779;2025-12-29;5;85600;8;3;1860,0
8780;2025-03-22;1;810;16;3;1860,0
8781;2023-03-02;5;62535;18;2;1860,0
8782;2023-11-23;2;824;14;4;2480,0
8783;2025-02-19;3;824;17;5;3100,0
8784;2024-02-12;3;40315;14;2;1860,0
8785;2026-03-30;2;898;20;2;620,0
8786;2024-07-04;1;85600;21;4;3100,0
8787;2023-07-03;2;62535;15;3;620,0
8788;2023-11-14;5;3382;8;4;620,0
8789;2026-06-09;5;18346;20;1;2480,0
8790;2025-04-01;3;85600;19;3;1240,0
8791;2026-04-15;3;774;16;4;1240,0
8792;2024-07-18;3;824;21;5;1240,0
8793;2025-04-24;1;774;15;2;3100,0
8794;2023-01-02;2;824;8;1;1240,0
8795;2024-08-26;1;18346;11;3;2480,0
8796;2026-08-07;4;774;17;4;3100,0
8797;2024-06-28;5;18346;20;2;1240,0
8798;2025-02-07;3;3382;21;3;1860,0
8799;2024-11-28;3;898;16;4;3100,0
8800;2023-06-17;1;898;18;5;620,0
8801;2025-01-09;2;85600;21;5;1240,0
8802;2024-11-07;5;810;21;5;620,0
8803;2025-10-13;3;3382;17;4;1240,0
8804;2024-09-13;2;40315;12;1;1240,0
8805;2023-06-19;5;774;20;4;620,0
8806;2026-04-28;5;62535;21;1;3100,0
8807;2026-06-20;2;40315;14;5;2480,0
8808;2024-03-06;5;62535;13;1;620,0
8809;2023-12-12;1;85600;19;4;1860,0
8810;2026-07-22;3;40315;15;4;1860,0
8811;2026-03-02;3;898;8;1;3100,0
8812;2025-02-15;2;40315;10;5;1240,0
8813;2025-03-09;3;91200;17;1;620,0
8814;2026-06-24;5;62535;14;1;620,0
8815;2025-01-18;4;898;14;4;1240,0
8816;2025-11-07;1;91200;19;3;620,0
8817;2024-12-24;2;3382;16;4;1860,0
8818;2026-07-29;5;810;12;3;3100,0
8819;2026-04-18;4;810;12;1;1240,0
8820;2024-09-19;1;18346;8;2;3100,0
8821;2024-11-08;2;774;19;1;2480,0
8822;2023-10-26;3;898;9;3;2480,0
8823;2025-10-12;5;774;16;2;2480,0
8824;2025-08-29;4;85600;16;2;620,0
8825;2024-01-29;4;85600;14;3;3100,0
8826;2026-07-07;4;3382;13;1;3100,0
8827;2025-05-21;2;62535;16;4;1240,0
8828;2025-06-06;1;810;18;2;2480,0
8829;2025-01-23;3;3382;16;5;3100,0
8830;2025-10-25;2;3382;13;3;620,0
8831;2025-06-28;2;62535;21;1;3100,0
8832;2024-06-12;1;824;17;5;3100,0
8833;2025-09-03;2;824;20;1;620,0
8834;2026-04-03;3;898;8;4;3100,0
8835;2024-01-19;4;18346;21;4;1240,0
8836;2025-05-17;5;62535;15;3;3100,0
8837;2023-09-07;1;898;8;4;3100,0
8838;2023-05-13;1;774;19;2;1860,0
8839;2023-12-26;3;810;17;5;1860,0
8840;2023-09-13;3;62535;20;2;2480,0
8841;2024-08-23;4;91200;12;1;1240,0
8842;2023-04-24;4;898;21;4;1860,0
8843;2024-07-07;2;810;14;1;620,0
8844;2025-03-01;4;85600;18;2;1860,0
8845;2026-04-29;1;898;21;4;2480,0
8846;2026-07-05;3;18346;17;3;1860,0
8847;2023-06-07;4;810;20;3;3100,0
8848;2024-10-03;4;85600;10;3;1240,0
8849;2025-04-09;3;62535;14;2;2480,0
8850;2023-08-15;2;85600;14;4;1240,0
8851;2024-04-25;3;85600;10;3;2480,0
8852;2023-03-13;5;810;18;3;3100,0
8853;2025-03-28;3;3382;17;2;2480,0
8854;2024-01-29;5;18346;10;3;2480,0
8855;2024-07-24;5;824;8;5;1860,0
8856;2026-07-04;5;810;10;5;3100,0
8857;2023-12-30;3;810;9;1;1240,0
8858;2024-07-12;2;85600;8;4;2480,0
8859;2024-06-06;5;18346;13;1;3100,0
8860;2023-04-07;2;91200;18;3;3100,0
8861;2024-04-03;2;810;17;3;1240,0
8862;2026-05-18;2;91200;10;3;620,0
8863;2023-06-06;3;18346;19;2;1860,0
8864;2023-12-08;4;40315;13;1;3100,0
8865;2026-01-18;3;18346;20;1;2480,0
8866;2023-10-24;5;91200;13;4;1860,0
8867;2023-09-19;3;898;21;2;1860,0
8868;2023-01-10;5;810;20;1;1240,0
8869;2024-08-09;5;85600;14;2;1860,0
8870;2026-02-19;4;824;20;1;620,0
8871;2023-02-02;3;62535;21;2;1860,0
8872;2023-02-07;1;85600;21;5;2480,0
8873;2023-06-16;1;91200;21;2;2480,0
8874;2025-06-26;5;824;9;3;1860,0
8875;2026-02-16;1;774;18;1;620,0
8876;2024-02-26;3;3382;12;2;1240,0
8877;2023-05-27;1;18346;9;1;1860,0
8878;2025-10-10;1;810;16;3;2480,0
8879;2025-07-31;2;3382;11;3;1860,0
8880;2024-04-09;4;85600;15;1;2480,0
8881;2024-07-31;3;18346;12;3;620,0
8882;2026-07-04;1;824;18;4;3100,0
8883;2024-08-04;1;18346;20;5;1860,0
8884;2023-06-20;2;40315;8;1;3100,0
8885;2025-03-18;1;18346;18;3;2480,0
8886;2023-01-18;4;3382;13;4;3100,0
8887;2024-10-27;5;85600;18;2;3100,0
8888;2023-08-28;4;85600;20;3;2480,0
8889;2023-02-04;3;774;8;2;620,0
8890;2024-09-25;4;18346;12;5;620,0
8891;2026-06-13;2;40315;15;2;3100,0
8892;2026-06-14;3;85600;17;1;1860,0
8893;2025-01-14;1;898;8;4;620,0
8894;2025-03-16;4;898;19;2;1860,0
8895;2023-06-10;1;810;11;2;2480,0
8896;2024-01-18;3;774;11;5;1240,0
8897;2024-12-25;5;824;11;2;1240,0
8898;2023-12-27;5;774;8;5;620,0
8899;2023-06-30;2;62535;17;5;1240,0
8900;2025-02-12;1;91200;21;2;3100,0
8901;2025-09-26;5;824;17;1;620,0
8902;2025-10-17;5;810;18;2;620,0
8903;2024-02-19;3;40315;21;2;1240,0
8904;2023-04-23;2;40315;9;3;3100,0
8905;2023-08-11;1;62535;13;3;620,0
8906;2024-07-29;5;62535;20;5;3100,0
8907;2024-05-12;1;898;20;5;620,0
8908;2023-11-07;1;774;20;2;2480,0
8909;2025-03-18;4;40315;11;5;1240,0
8910;2025-06-14;2;85600;19;3;3100,0
8911;2025-09-27;5;40315;17;2;1240,0
8912;2023-01-19;1;898;11;4;1860,0
8913;2025-12-15;4;40315;11;1;3100,0
8914;2024-03-28;3;810;9;2;1240,0
8915;2023-11-27;3;91200;8;1;1240,0
8916;2025-04-26;2;898;8;1;1860,0
8917;2023-09-28;4;40315;15;2;1240,0
8918;2025-11-29;3;810;15;3;2480,0
8919;2025-12-29;5;40315;14;2;3100,0
8920;2026-02-12;1;898;12;2;1240,0
8921;2026-07-10;2;774;18;4;2480,0
8922;2024-04-17;1;3382;10;5;620,0
8923;2026-03-25;2;91200;18;5;2480,0
8924;2026-05-12;5;62535;10;4;620,0
8925;2025-09-12;2;18346;8;2;1240,0
8926;2023-04-03;1;40315;9;2;2480,0
8927;2025-05-02;4;62535;10;2;2480,0
8928;2026-07-07;2;824;13;3;1240,0
8929;2023-01-10;1;810;15;2;2480,0
8930;2026-05-29;4;91200;11;2;620,0
8931;2023-09-01;2;810;20;2;3100,0
8932;2024-02-13;4;3382;10;1;2480,0
8933;2023-07-17;1;810;16;2;3100,0
8934;2024-04-20;3;18346;8;5;2480,0
8935;2023-10-17;3;824;13;5;1860,0
8936;2023-09-21;3;85600;17;3;3100,0
8937;2023-08-19;4;810;15;1;1860,0
8938;2024-10-26;1;91200;11;4;3100,0
8939;2025-01-24;4;91200;11;3;620,0
8940;2023-09-05;5;3382;20;2;1860,0
8941;2025-04-08;2;91200;15;5;1860,0
8942;2024-12-26;2;18346;17;3;620,0
8943;2024-01-25;5;85600;19;3;1240,0
8944;2024-06-08;4;3382;11;2;1860,0
8945;2026-08-09;5;3382;14;5;3100,0
8946;2025-11-07;1;3382;21;4;2480,0
8947;2026-06-25;5;85600;13;4;1240,0
8948;2023-08-17;2;898;19;5;3100,0
8949;2023-02-12;3;898;20;4;1240,0
8950;2026-04-24;3;3382;10;3;2480,0
8951;2024-09-04;5;774;14;5;3100,0
8952;2024-07-10;1;898;17;3;3100,0
8953;2024-10-22;1;774;13;1;1240,0
8954;2026-01-27;3;898;17;5;3100,0
8955;2023-07-01;3;3382;20;5;1240,0
8956;2024-10-02;2;40315;9;4;620,0
8957;2025-07-03;4;774;17;5;1240,0
8958;2024-05-22;3;91200;11;3;1240,0
8959;2026-04-14;5;85600;11;3;2480,0
8960;2023-08-15;5;824;16;1;620,0
8961;2023-07-04;4;774;12;5;2480,0
8962;2025-09-19;3;62535;10;4;1860,0
8963;2023-05-01;4;774;21;2;1860,0
8964;2024-08-19;1;898;19;4;1860,0
8965;2025-10-05;4;824;20;4;1240,0
8966;2024-04-08;4;774;15;5;1860,0
8967;2024-04-15;4;62535;18;2;2480,0
8968;2026-01-05;2;898;13;5;1240,0
8969;2025-08-08;5;62535;12;2;2480,0
8970;2024-03-19;3;774;14;2;3100,0
8971;2023-06-05;3;85600;10;1;1860,0
8972;2024-10-27;3;3382;14;2;2480,0
8973;2026-01-19;3;810;13;5;3100,0
8974;2023-11-21;2;40315;14;4;2480,0
8975;2025-05-29;1;3382;21;2;1240,0
8976;2023-01-03;1;810;13;4;620,0
8977;2025-02-27;2;810;10;2;2480,0
8978;2023-08-20;5;898;20;3;1860,0
8979;2024-09-19;2;3382;13;4;3100,0
8980;2024-03-12;4;85600;16;4;3100,0
8981;2024-10-13;1;85600;19;5;1240,0
8982;2025-04-16;2;62535;19;1;2480,0
8983;2025-04-15;1;62535;21;2;1860,0
8984;2025-03-31;1;824;19;5;2480,0
8985;2024-07-01;2;91200;19;4;3100,0
8986;2024-10-03;2;810;9;4;1240,0
8987;2025-11-14;4;3382;14;4;3100,0
8988;2023-12-13;1;62535;15;4;620,0
8989;2024-06-26;5;62535;13;5;3100,0
8990;2024-11-07;4;824;10;2;2480,0
8991;2026-02-18;3;91200;9;1;620,0
8992;2026-01-25;4;3382;19;3;3100,0
8993;2023-07-07;1;85600;19;4;1240,0
8994;2025-03-20;4;824;16;3;1240,0
8995;2025-04-17;5;810;11;5;1860,0
8996;2024-09-01;5;91200;19;4;1240,0
8997;2026-07-01;5;898;14;5;1240,0
8998;2024-04-19;2;898;9;3;1240,0
8999;2023-01-06;3;18346;21;1;620,0
9000;2024-01-31;1;3382;10;5;1240,0
9001;2025-09-04;5;85600;21;4;3100,0
9002;2025-06-13;4;3382;14;2;2480,0
9003;2024-05-20;2;40315;10;3;3100,0
9004;2026-02-04;2;3382;9;1;3100,0
9005;2026-04-10;3;3382;13;1;620,0
9006;2024-07-08;1;898;19;3;2480,0
9007;2023-07-12;2;85600;20;1;1860,0
9008;2023-09-15;2;40315;11;5;1240,0
9009;2023-10-25;4;3382;20;3;620,0
9010;2024-01-17;4;85600;12;5;3100,0
9011;2025-09-28;4;62535;20;1;2480,0
9012;2026-04-10;3;898;8;5;1240,0
9013;2025-04-12;4;774;9;4;1860,0
9014;2025-09-13;1;3382;18;5;2480,0
9015;2025-05-20;2;40315;8;5;1240,0
9016;2024-07-05;1;774;21;2;1240,0
9017;2024-07-18;1;62535;8;5;3100,0
9018;2026-08-29;1;3382;16;2;620,0
9019;2024-07-27;4;774;12;3;620,0
9020;2025-12-08;2;824;19;3;1860,0
9021;2023-04-16;3;810;12;2;3100,0
9022;2024-05-01;1;774;8;5;3100,0
9023;2026-07-26;1;824;17;5;2480,0
9024;2025-11-30;1;3382;14;3;2480,0
9025;2026-06-21;1;91200;20;3;2480,0
9026;2023-04-09;4;824;11;4;620,0
9027;2023-06-23;2;810;15;1;1240,0
9028;2026-07-01;3;18346;16;3;620,0
9029;2024-08-30;5;3382;21;3;1860,0
9030;2025-03-18;4;18346;19;3;2480,0
9031;2026-05-22;3;91200;12;1;3100,0
9032;2026-01-18;2;62535;17;3;3100,0
9033;2023-05-05;2;824;20;3;3100,0
9034;2024-02-25;5;85600;13;3;3100,0
9035;2025-05-28;4;3382;14;4;1860,0
9036;2025-03-02;1;85600;19;1;3100,0
9037;2025-07-02;3;85600;17;3;3100,0
9038;2023-09-24;1;85600;8;1;1240,0
9039;2024-05-23;2;3382;21;1;1860,0
9040;2023-03-18;2;898;21;1;1240,0
9041;2024-08-11;4;898;8;2;2480,0
9042;2026-06-01;2;62535;8;5;2480,0
9043;2026-03-29;1;40315;10;4;3100,0
9044;2024-08-11;5;62535;13;5;3100,0
9045;2025-02-15;3;85600;10;2;2480,0
9046;2025-12-22;1;3382;11;2;3100,0
9047;2023-01-25;1;810;16;3;2480,0
9048;2023-09-27;4;85600;19;1;620,0
9049;2025-06-08;1;85600;12;2;2480,0
9050;2026-01-17;2;3382;19;1;620,0
9051;2025-06-03;2;3382;8;3;3100,0
9052;2024-01-02;1;774;17;5;620,0
9053;2023-09-05;3;62535;13;4;1240,0
9054;2023-11-11;2;85600;9;2;3100,0
9055;2026-06-17;5;40315;19;3;3100,0
9056;2026-08-23;2;91200;20;4;1240,0
9057;2023-04-11;4;40315;20;4;1240,0
9058;2023-11-01;2;898;19;1;620,0
9059;2025-07-13;4;40315;19;3;2480,0
9060;2024-06-17;5;85600;18;2;2480,0
9061;2025-09-30;4;91200;17;5;1860,0
9062;2024-08-08;1;40315;18;5;620,0
9063;2024-10-12;4;18346;9;4;1860,0
9064;2023-11-22;4;85600;17;2;2480,0
9065;2026-01-04;1;85600;18;2;620,0
9066;2023-06-23;2;18346;9;4;1240,0
9067;2026-06-26;3;91200;21;4;3100,0
9068;2025-10-28;5;810;12;4;2480,0
9069;2023-05-06;1;824;10;1;3100,0
9070;2023-10-04;4;898;18;3;1240,0
9071;2023-03-14;4;810;17;1;1240,0
9072;2026-02-03;1;824;20;4;1860,0
9073;2023-09-09;3;40315;17;2;620,0
9074;2024-06-17;2;810;16;5;1240,0
9075;2023-04-19;5;3382;8;5;3100,0
9076;2023-05-31;1;774;12;4;1240,0
9077;2024-09-12;5;824;14;3;620,0
9078;2024-12-28;5;3382;8;2;3100,0
9079;2024-04-11;5;40315;8;2;2480,0
9080;2024-06-19;4;40315;11;5;1860,0
9081;2024-07-28;4;85600;16;5;1240,0
9082;2025-08-02;3;898;8;3;1860,0
9083;2025-10-13;1;898;21;5;3100,0
9084;2026-05-29;1;62535;15;4;3100,0
9085;2025-03-05;4;91200;15;2;620,0
9086;2025-03-11;4;898;11;4;1860,0
9087;2024-12-29;3;62535;13;1;3100,0
9088;2025-03-19;4;18346;14;2;620,0
9089;2025-05-21;5;40315;14;1;1860,0
9090;2023-09-09;2;40315;15;1;2480,0
9091;2024-09-07;2;3382;9;1;3100,0
9092;2023-02-19;5;18346;20;1;1860,0
9093;2023-11-08;3;18346;19;5;620,0
9094;2024-03-01;5;85600;8;3;1860,0
9095;2024-08-01;1;91200;10;4;2480,0
9096;2026-05-25;2;40315;19;3;3100,0
9097;2025-01-25;3;824;21;4;620,0
9098;2023-01-31;1;40315;16;2;1860,0
9099;2024-06-26;1;3382;17;1;620,0
9100;2023-09-20;1;62535;15;5;3100,0
9101;2026-06-30;5;774;14;5;1240,0
9102;2023-03-20;1;85600;15;2;620,0
9103;2026-04-22;5;62535;9;4;1860,0
9104;2025-09-20;3;40315;9;4;2480,0
9105;2026-01-26;1;18346;15;1;1860,0
9106;2023-05-16;3;18346;20;1;620,0
9107;2026-01-02;1;898;11;3;1860,0
9108;2024-03-11;4;898;13;5;3100,0
9109;2025-10-27;1;62535;19;2;620,0
9110;2025-01-13;2;774;8;1;1860,0
9111;2023-03-14;2;18346;21;5;1860,0
9112;2023-01-29;4;91200;11;4;1240,0
9113;2026-02-13;1;774;12;4;1860,0
9114;2026-05-29;2;898;20;4;1240,0
9115;2025-01-16;5;91200;14;5;2480,0
9116;2024-03-08;1;85600;16;1;2480,0
9117;2025-04-30;3;62535;20;4;3100,0
9118;2025-11-28;3;85600;13;2;620,0
9119;2026-04-28;3;774;14;1;1860,0
9120;2024-08-07;2;824;13;1;1240,0
9121;2025-11-10;3;85600;18;2;620,0
9122;2026-02-26;2;774;13;1;620,0
9123;2024-06-08;1;774;16;1;2480,0
9124;2026-06-03;3;85600;13;4;620,0
9125;2025-07-13;5;62535;19;3;1240,0
9126;2026-03-07;5;774;8;4;3100,0
9127;2023-12-18;3;18346;13;4;2480,0
9128;2025-04-01;1;91200;11;5;3100,0
9129;2024-12-20;4;40315;16;2;1860,0
9130;2025-06-20;5;18346;20;2;1240,0
9131;2026-02-15;2;91200;16;5;620,0
9132;2025-07-30;3;810;15;5;2480,0
9133;2026-02-25;1;91200;18;4;3100,0
9134;2026-01-17;4;774;17;5;2480,0
9135;2023-11-12;3;91200;9;5;1860,0
9136;2025-11-01;3;40315;10;1;1240,0
9137;2023-06-02;5;774;19;5;1240,0
9138;2024-10-20;5;85600;12;2;1240,0
9139;2023-09-29;4;898;15;4;1240,0
9140;2023-04-23;5;810;15;3;1860,0
9141;2024-04-07;2;774;18;2;620,0
9142;2024-12-05;4;824;15;5;1240,0
9143;2023-03-18;3;85600;15;1;1860,0
9144;2024-10-03;4;810;20;4;620,0
9145;2023-02-15;2;18346;14;1;3100,0
9146;2024-12-14;5;824;18;1;3100,0
9147;2025-02-03;1;898;10;4;1240,0
9148;2024-02-08;5;3382;8;2;1240,0
9149;2023-04-27;3;40315;16;2;3100,0
9150;2025-09-09;3;810;9;5;1860,0
9151;2026-06-12;5;85600;20;3;620,0
9152;2026-07-30;4;774;9;1;2480,0
9153;2024-12-20;2;824;17;1;3100,0
9154;2023-07-11;1;85600;10;5;1240,0
9155;2024-05-30;4;91200;8;3;620,0
9156;2024-07-09;3;774;15;2;620,0
9157;2023-02-15;2;40315;9;3;620,0
9158;2023-02-02;5;62535;18;2;3100,0
9159;2023-10-26;3;774;10;4;3100,0
9160;2026-04-29;1;810;10;2;3100,0
9161;2025-01-29;1;40315;8;3;620,0
9162;2025-01-02;3;62535;15;3;2480,0
9163;2024-04-12;3;774;9;3;3100,0
9164;2024-03-20;2;18346;17;2;2480,0
9165;2023-04-20;4;824;21;3;1240,0
9166;2023-08-25;1;85600;12;1;620,0
9167;2026-02-09;4;62535;9;1;3100,0
9168;2026-02-18;1;40315;17;3;2480,0
9169;2024-04-10;5;810;9;5;620,0
9170;2024-09-02;1;898;12;1;1860,0
9171;2023-09-14;5;3382;12;4;620,0
9172;2025-01-01;5;898;14;3;1860,0
9173;2026-02-04;4;824;19;1;620,0
9174;2024-08-27;1;898;19;4;620,0
9175;2024-03-09;1;85600;15;1;1860,0
9176;2024-03-19;5;774;11;1;1860,0
9177;2024-10-31;3;824;16;2;620,0
9178;2023-07-11;4;824;12;2;2480,0
9179;2026-07-03;2;824;21;3;620,0
9180;2025-12-29;4;85600;20;5;620,0
9181;2025-04-12;4;62535;14;4;2480,0
9182;2024-08-04;5;824;12;5;2480,0
9183;2023-01-17;1;40315;14;4;620,0
9184;2025-08-01;5;85600;17;1;1240,0
9185;2026-06-11;1;18346;14;3;1860,0
9186;2025-02-28;3;85600;10;2;620,0
9187;2025-03-17;4;3382;11;5;620,0
9188;2024-11-29;2;18346;11;5;1860,0
9189;2026-03-29;5;91200;15;2;620,0
9190;2024-10-22;4;810;19;4;3100,0
9191;2023-03-02;1;898;13;5;1240,0
9192;2025-04-26;5;774;21;2;1860,0
9193;2023-08-02;2;40315;14;2;1860,0
9194;2024-08-01;5;85600;17;2;620,0
9195;2024-12-10;2;85600;18;5;1860,0
9196;2023-08-20;2;91200;11;3;3100,0
9197;2023-11-22;3;18346;9;2;2480,0
9198;2023-04-17;2;62535;10;5;1860,0
9199;2024-01-20;1;40315;12;5;1860,0
9200;2024-03-12;2;62535;11;3;1860,0
9201;2026-07-01;4;774;9;4;3100,0
9202;2024-05-09;2;898;10;2;1860,0
9203;2025-04-11;1;3382;20;5;2480,0
9204;2024-06-22;2;774;13;1;2480,0
9205;2024-01-11;2;91200;16;3;1240,0
9206;2024-11-11;2;85600;11;2;2480,0
9207;2026-07-12;2;18346;16;3;2480,0
9208;2026-08-27;3;18346;19;1;2480,0
9209;2026-06-16;1;824;15;3;1860,0
9210;2025-11-25;5;824;12;1;1240,0
9211;2025-05-17;4;898;9;1;1240,0
9212;2024-02-10;4;91200;10;3;1240,0
9213;2026-01-04;1;898;21;1;1240,0
9214;2025-07-18;1;774;21;1;1860,0
9215;2025-02-07;2;91200;11;2;1240,0
9216;2026-05-26;2;898;8;4;2480,0
9217;2025-09-29;1;18346;17;1;2480,0
9218;2023-09-18;4;85600;18;4;3100,0
9219;2024-09-28;2;62535;12;3;1240,0
9220;2025-09-17;5;91200;20;1;620,0
9221;2023-04-22;2;898;11;4;1240,0
9222;2024-01-13;5;898;17;3;1860,0
9223;2023-12-26;5;810;10;3;1860,0
9224;2025-04-28;1;62535;11;5;2480,0
9225;2023-08-16;2;774;11;4;1860,0
9226;2023-04-17;2;810;8;2;1860,0
9227;2024-07-09;4;85600;11;3;3100,0
9228;2026-07-15;5;91200;8;4;2480,0
9229;2025-09-18;1;18346;13;2;1860,0
9230;2023-09-09;1;91200;13;5;3100,0
9231;2024-09-07;5;91200;20;4;620,0
9232;2026-03-27;3;810;14;3;3100,0
9233;2026-01-14;4;40315;14;1;1860,0
9234;2026-08-27;3;18346;14;5;3100,0
9235;2023-11-06;1;898;15;5;2480,0
9236;2025-06-13;2;18346;10;5;2480,0
9237;2023-10-30;5;824;14;2;1240,0
9238;2025-06-05;4;62535;8;3;2480,0
9239;2026-03-20;5;40315;13;5;620,0
9240;2023-11-16;1;40315;12;3;1240,0
9241;2023-02-22;4;3382;14;2;1860,0
9242;2026-04-14;5;85600;9;1;1240,0
9243;2024-07-20;1;774;18;3;1860,0
9244;2024-12-28;4;85600;17;5;620,0
9245;2024-12-28;5;62535;16;4;2480,0
9246;2024-06-02;4;40315;11;5;1240,0
9247;2025-12-03;2;18346;13;1;2480,0
9248;2023-02-11;4;18346;14;4;3100,0
9249;2023-01-24;5;62535;19;3;3100,0
9250;2025-01-02;5;774;19;4;1860,0
9251;2023-01-05;4;810;13;4;1860,0
9252;2023-02-06;4;810;17;1;3100,0
9253;2023-01-15;2;774;18;3;1860,0
9254;2026-02-23;3;62535;19;3;620,0
9255;2025-11-07;2;62535;16;4;3100,0
9256;2024-04-30;3;40315;9;4;1240,0
9257;2024-08-10;1;40315;17;3;1860,0
9258;2025-09-08;5;62535;16;4;620,0
9259;2025-10-17;5;824;10;1;1240,0
9260;2025-11-01;5;3382;9;4;2480,0
9261;2023-02-18;2;91200;12;5;3100,0
9262;2023-08-31;1;810;14;5;1240,0
9263;2023-11-28;2;810;11;5;1240,0
9264;2024-03-16;4;85600;12;1;3100,0
9265;2023-09-19;3;62535;17;1;620,0
9266;2025-07-27;1;40315;16;3;3100,0
9267;2023-02-18;2;85600;16;4;1860,0
9268;2023-01-06;2;898;13;5;3100,0
9269;2025-03-10;5;898;8;2;2480,0
9270;2024-10-22;5;824;10;5;620,0
9271;2025-04-19;2;898;11;5;620,0
9272;2023-03-29;4;40315;20;4;620,0
9273;2023-02-05;2;774;10;5;1860,0
9274;2025-12-27;5;898;15;5;2480,0
9275;2025-06-24;1;3382;19;4;2480,0
9276;2024-06-28;5;18346;18;1;1860,0
9277;2025-02-09;2;18346;9;3;1860,0
9278;2024-04-22;3;40315;10;4;3100,0
9279;2025-07-18;4;18346;10;1;1860,0
9280;2026-04-14;1;85600;17;5;620,0
9281;2023-08-26;4;824;18;2;620,0
9282;2024-12-27;5;3382;21;2;3100,0
9283;2025-06-08;1;810;17;1;2480,0
9284;2026-07-15;2;40315;11;4;1860,0
9285;2024-02-18;5;898;20;1;1860,0
9286;2023-02-01;4;810;16;4;1240,0
9287;2024-07-04;5;62535;14;3;2480,0
9288;2024-03-24;4;774;20;3;1240,0
9289;2023-01-16;3;824;16;2;2480,0
9290;2024-12-09;4;85600;15;4;2480,0
9291;2026-01-31;5;91200;18;1;3100,0
9292;2026-02-08;5;40315;8;4;1240,0
9293;2023-10-26;5;898;17;4;1860,0
9294;2024-10-05;5;824;16;4;1860,0
9295;2023-07-23;5;18346;9;4;1860,0
9296;2023-09-09;5;40315;12;2;1240,0
9297;2023-10-17;1;91200;16;2;1860,0
9298;2023-07-02;2;824;20;3;2480,0
9299;2025-04-07;5;91200;8;4;620,0
9300;2023-01-12;5;3382;13;2;2480,0
9301;2023-11-14;5;3382;18;5;3100,0
9302;2024-02-06;2;85600;10;4;620,0
9303;2026-08-06;3;3382;17;4;1240,0
9304;2023-09-26;3;85600;18;1;1860,0
9305;2025-07-09;4;774;15;1;620,0
9306;2025-10-16;2;62535;21;3;1860,0
9307;2025-06-13;1;3382;16;4;620,0
9308;2025-09-04;2;18346;18;3;620,0
9309;2025-10-06;3;774;13;4;1240,0
9310;2024-06-24;2;40315;18;4;620,0
9311;2023-04-15;2;824;11;2;3100,0
9312;2025-12-23;4;40315;19;5;1240,0
9313;2023-05-18;3;40315;16;5;1240,0
9314;2025-10-21;3;774;20;1;1240,0
9315;2024-02-25;2;824;15;5;2480,0
9316;2024-12-18;2;18346;8;2;620,0
9317;2024-04-13;2;810;16;4;3100,0
9318;2026-01-12;3;91200;14;1;2480,0
9319;2026-01-12;5;3382;19;2;2480,0
9320;2023-03-12;3;824;12;1;1860,0
9321;2023-12-16;5;810;17;1;620,0
9322;2025-12-22;4;85600;21;3;1240,0
9323;2025-08-26;4;62535;18;1;3100,0
9324;2025-12-27;4;91200;11;1;1860,0
9325;2024-04-11;2;85600;16;2;2480,0
9326;2024-04-26;3;810;10;3;2480,0
9327;2023-12-28;4;774;11;4;1240,0
9328;2023-07-20;3;774;21;3;1860,0
9329;2024-03-01;3;3382;17;1;1240,0
9330;2026-02-08;1;774;18;1;620,0
9331;2024-03-04;3;898;15;2;620,0
9332;2026-04-18;2;774;13;5;1240,0
9333;2025-12-26;3;810;15;1;3100,0
9334;2026-01-20;2;3382;15;2;1240,0
9335;2025-10-21;2;18346;11;5;1860,0
9336;2026-06-23;4;18346;14;5;3100,0
9337;2025-07-24;5;18346;21;4;1240,0
9338;2023-12-21;4;824;21;4;1860,0
9339;2023-01-12;5;18346;21;2;2480,0
9340;2024-01-17;5;810;11;2;1240,0
9341;2023-05-26;4;40315;8;1;3100,0
9342;2023-01-16;4;40315;17;4;2480,0
9343;2025-11-13;4;91200;18;5;620,0
9344;2024-03-18;1;824;17;1;1240,0
9345;2026-06-06;5;898;18;5;1860,0
9346;2025-07-08;1;824;17;3;2480,0
9347;2023-07-28;2;824;13;2;2480,0
9348;2026-07-18;3;62535;21;5;620,0
9349;2024-09-26;4;810;21;3;1860,0
9350;2025-12-26;2;91200;13;2;620,0
9351;2024-07-26;5;91200;8;2;3100,0
9352;2023-10-31;4;91200;15;5;2480,0
9353;2025-03-04;3;774;15;4;1240,0
9354;2024-04-13;3;3382;14;1;1240,0
9355;2023-03-01;4;40315;12;3;3100,0
9356;2024-08-24;5;810;12;4;2480,0
9357;2023-12-17;2;810;8;2;620,0
9358;2025-09-20;1;898;11;5;1240,0
9359;2025-07-25;5;40315;16;1;1860,0
9360;2025-10-20;5;85600;9;5;1860,0
9361;2025-01-15;5;40315;16;2;620,0
9362;2023-12-15;2;62535;19;1;620,0
9363;2025-07-26;3;774;16;5;2480,0
9364;2026-08-08;1;898;12;4;2480,0
9365;2023-12-27;2;774;21;3;1860,0
9366;2025-08-23;4;824;11;3;1860,0
9367;2025-11-07;3;91200;12;4;1240,0
9368;2023-04-01;5;91200;11;3;2480,0
9369;2025-08-08;5;91200;13;4;620,0
9370;2024-08-16;5;824;10;1;3100,0
9371;2023-08-08;5;18346;13;2;1240,0
9372;2023-02-17;2;91200;20;3;3100,0
9373;2023-08-07;4;898;20;1;620,0
9374;2026-04-29;4;774;14;5;1240,0
9375;2023-12-31;4;40315;21;5;1240,0
9376;2025-07-02;4;774;20;1;620,0
9377;2025-04-07;1;62535;9;3;1240,0
9378;2023-06-01;1;62535;20;5;2480,0
9379;2025-04-20;3;18346;16;4;3100,0
9380;2025-10-07;2;3382;12;2;2480,0
9381;2025-03-19;2;85600;11;5;2480,0
9382;2026-08-26;5;810;16;5;1860,0
9383;2024-10-15;4;40315;11;5;1240,0
9384;2025-01-04;4;18346;19;2;1860,0
9385;2023-05-31;2;40315;13;2;620,0
9386;2023-02-08;1;774;13;1;620,0
9387;2023-10-19;4;40315;12;2;620,0
9388;2026-05-15;5;91200;21;3;1860,0
9389;2025-10-28;4;898;15;3;2480,0
9390;2026-07-29;3;62535;12;4;1860,0
9391;2025-01-05;2;824;20;2;620,0
9392;2025-05-24;1;774;11;4;1860,0
9393;2023-12-21;5;898;16;5;2480,0
9394;2025-05-17;1;824;16;3;1240,0
9395;2024-06-21;1;85600;21;5;1240,0
9396;2025-12-03;3;774;11;4;1240,0
9397;2024-05-26;2;3382;8;3;620,0
9398;2026-02-10;2;824;17;2;3100,0
9399;2025-02-14;1;62535;19;5;620,0
9400;2024-04-01;4;62535;13;1;3100,0
9401;2025-04-21;3;40315;11;4;1240,0
9402;2025-01-01;3;40315;20;5;1860,0
9403;2024-04-29;2;810;21;5;1240,0
9404;2023-09-03;3;40315;15;4;1860,0
9405;2026-08-01;2;62535;9;1;2480,0
9406;2025-05-23;1;91200;9;5;3100,0
9407;2026-04-19;5;91200;16;2;1860,0
9408;2023-03-31;1;62535;19;3;3100,0
9409;2023-01-17;2;3382;20;4;620,0
9410;2026-03-25;3;85600;17;1;2480,0
9411;2023-07-26;3;810;18;1;2480,0
9412;2023-07-27;1;62535;17;2;3100,0
9413;2024-11-17;5;824;14;1;3100,0
9414;2023-09-15;4;18346;21;1;1860,0
9415;2023-05-30;2;91200;21;4;1240,0
9416;2025-04-09;2;810;13;2;1240,0
9417;2026-06-08;3;91200;13;5;3100,0
9418;2026-03-06;5;85600;15;1;1240,0
9419;2023-05-03;2;85600;18;5;1240,0
9420;2025-11-11;5;18346;14;1;1860,0
9421;2024-02-12;3;3382;11;1;620,0
9422;2024-08-30;3;40315;16;2;1860,0
9423;2024-08-26;2;3382;20;1;2480,0
9424;2026-05-11;5;40315;16;3;1860,0
9425;2023-10-09;1;810;15;3;3100,0
9426;2026-04-13;4;810;13;1;3100,0
9427;2025-01-28;1;62535;13;4;1240,0
9428;2024-04-04;2;898;8;1;3100,0
9429;2026-02-26;1;3382;14;5;1860,0
9430;2025-03-11;2;810;14;5;2480,0
9431;2025-01-13;5;3382;20;3;620,0
9432;2026-02-08;4;62535;14;2;1240,0
9433;2024-01-29;1;62535;19;4;1240,0
9434;2023-10-22;4;810;18;2;1240,0
9435;2023-06-27;2;810;17;3;1860,0
9436;2024-08-18;1;62535;21;3;3100,0
9437;2025-10-19;2;898;12;1;3100,0
9438;2024-06-13;2;18346;17;3;1240,0
9439;2024-02-23;4;91200;21;2;1240,0
9440;2025-09-30;3;824;8;3;1240,0
9441;2023-09-13;4;810;15;1;3100,0
9442;2025-11-30;3;40315;8;5;1240,0
9443;2023-05-08;5;40315;10;2;2480,0
9444;2025-05-15;4;3382;19;4;620,0
9445;2024-04-22;2;85600;13;5;3100,0
9446;2026-01-08;3;18346;17;2;1860,0
9447;2025-08-02;2;62535;15;2;2480,0
9448;2025-03-06;4;40315;14;1;1860,0
9449;2025-05-28;4;91200;12;2;620,0
9450;2024-03-28;1;91200;15;5;1860,0
9451;2023-10-05;5;91200;19;4;1240,0
9452;2026-05-27;2;91200;11;4;1860,0
9453;2023-12-04;1;898;16;3;1240,0
9454;2024-12-25;2;898;9;2;1860,0
9455;2025-12-24;3;810;16;1;1860,0
9456;2026-05-02;5;91200;13;3;620,0
9457;2024-04-09;5;3382;14;4;620,0
9458;2024-08-10;5;85600;12;4;1860,0
9459;2023-08-14;2;91200;15;3;1860,0
9460;2023-07-28;2;774;16;2;1240,0
9461;2025-01-12;3;810;20;1;1240,0
9462;2024-01-23;5;18346;13;5;620,0
9463;2025-11-07;4;62535;21;4;620,0
9464;2024-12-29;3;3382;9;1;1860,0
9465;2024-10-24;2;18346;8;3;620,0
9466;2023-06-01;3;3382;8;1;1240,0
9467;2024-05-20;4;91200;18;5;620,0
9468;2024-03-04;4;810;9;3;620,0
9469;2023-06-28;4;62535;16;1;3100,0
9470;2025-05-21;1;810;15;1;1240,0
9471;2023-11-13;5;898;17;5;1860,0
9472;2024-10-23;5;824;21;2;2480,0
9473;2025-11-01;3;774;14;3;2480,0
9474;2023-12-17;1;40315;14;5;3100,0
9475;2023-10-16;5;91200;8;3;620,0
9476;2023-10-25;2;898;11;3;1860,0
9477;2026-02-04;1;40315;15;3;1240,0
9478;2025-08-13;2;898;8;3;1860,0
9479;2026-03-23;1;62535;19;5;620,0
9480;2024-10-20;3;898;19;5;620,0
9481;2026-04-22;5;810;16;1;1860,0
9482;2024-12-22;1;810;16;2;1860,0
9483;2024-11-15;3;62535;16;2;1860,0
9484;2024-12-02;4;85600;20;1;1240,0
9485;2024-04-15;2;774;8;4;3100,0
9486;2023-07-25;2;898;20;2;1860,0
9487;2024-03-17;2;85600;20;2;1860,0
9488;2024-04-21;2;91200;16;5;2480,0
9489;2023-06-14;5;62535;10;2;1860,0
9490;2025-09-12;2;810;21;3;620,0
9491;2024-10-10;4;824;17;3;1860,0
9492;2023-01-12;3;774;20;3;1240,0
9493;2023-02-24;4;824;15;3;620,0
9494;2025-10-17;3;810;11;4;1240,0
9495;2025-06-17;2;810;14;3;3100,0
9496;2023-11-20;3;898;9;4;620,0
9497;2026-02-19;3;91200;12;2;3100,0
9498;2025-04-03;5;898;21;5;3100,0
9499;2024-09-18;5;85600;12;4;3100,0
9500;2023-01-08;2;774;11;3;1860,0
9501;2023-08-22;2;3382;12;1;3100,0
9502;2023-11-16;2;810;10;4;620,0
9503;2024-05-09;3;40315;19;3;1240,0
9504;2023-05-25;2;810;20;3;2480,0
9505;2026-05-12;5;91200;10;3;2480,0
9506;2024-01-18;5;40315;21;5;620,0
9507;2024-02-18;1;898;15;4;3100,0
9508;2024-08-07;4;810;9;4;620,0
9509;2025-09-09;5;774;12;1;1240,0
9510;2024-05-05;3;898;17;3;1240,0
9511;2025-11-30;2;810;10;2;3100,0
9512;2023-12-06;5;40315;12;1;1240,0
9513;2024-02-06;2;824;18;5;3100,0
9514;2026-05-02;4;62535;21;3;3100,0
9515;2023-12-06;1;824;18;4;620,0
9516;2025-10-06;3;774;12;2;1860,0
9517;2024-09-21;3;3382;9;5;2480,0
9518;2024-06-12;2;3382;18;5;2480,0
9519;2026-04-29;3;898;12;4;620,0
9520;2024-04-24;3;824;10;3;1240,0
9521;2024-05-11;4;824;16;3;2480,0
9522;2025-12-07;2;824;10;4;2480,0
9523;2024-03-23;5;898;19;5;3100,0
9524;2024-02-17;5;774;19;1;3100,0
9525;2024-02-01;1;824;19;2;2480,0
9526;2026-08-13;3;824;11;5;3100,0
9527;2025-07-14;2;898;12;1;1860,0
9528;2024-03-24;5;824;8;1;3100,0
9529;2025-07-16;1;810;9;5;1860,0
9530;2026-03-30;2;91200;10;5;1860,0
9531;2025-04-02;2;898;9;5;620,0
9532;2023-11-11;2;18346;11;2;2480,0
9533;2023-05-11;4;774;12;4;1860,0
9534;2025-12-30;2;898;15;3;3100,0
9535;2023-11-24;4;898;8;5;3100,0
9536;2025-08-31;4;40315;9;4;3100,0
9537;2024-07-17;5;898;12;1;2480,0
9538;2024-01-12;2;898;14;3;1240,0
9539;2026-08-27;2;3382;8;2;620,0
9540;2026-03-27;2;18346;13;3;3100,0
9541;2024-12-17;4;898;18;1;1860,0
9542;2024-12-15;4;810;12;3;1860,0
9543;2026-07-12;4;898;16;5;620,0
9544;2026-08-12;4;85600;16;4;3100,0
9545;2025-12-23;5;3382;11;3;3100,0
9546;2023-09-12;2;824;19;3;1860,0
9547;2026-02-05;3;85600;20;4;1240,0
9548;2025-06-12;2;810;21;2;1240,0
9549;2025-05-18;1;18346;21;5;1860,0
9550;2024-06-28;5;91200;11;1;1860,0
9551;2026-05-22;2;18346;16;5;1240,0
9552;2025-11-01;3;810;14;2;2480,0
9553;2023-12-28;4;40315;17;5;3100,0
9554;2023-01-31;3;85600;19;4;1240,0
9555;2023-02-20;3;91200;21;4;2480,0
9556;2025-03-31;3;824;19;2;2480,0
9557;2025-07-28;1;898;16;2;2480,0
9558;2023-03-05;5;91200;21;2;620,0
9559;2023-06-12;1;62535;17;1;620,0
9560;2025-08-19;4;824;21;3;3100,0
9561;2025-03-13;2;898;20;3;1240,0
9562;2025-02-07;3;774;8;5;1860,0
9563;2024-10-24;3;18346;18;1;1860,0
9564;2024-03-13;2;774;15;1;1240,0
9565;2023-06-13;4;40315;12;4;1240,0
9566;2024-12-15;4;85600;17;3;2480,0
9567;2025-08-05;3;774;14;5;1240,0
9568;2024-09-29;1;62535;17;3;1860,0
9569;2024-12-03;2;3382;17;1;1860,0
9570;2025-11-08;4;18346;16;5;1860,0
9571;2024-01-26;1;40315;18;3;3100,0
9572;2025-08-18;1;85600;9;4;620,0
9573;2023-04-19;3;91200;8;3;1860,0
9574;2023-01-19;3;40315;20;1;1240,0
9575;2023-03-31;5;18346;17;1;2480,0
9576;2025-03-30;1;3382;13;3;620,0
9577;2025-05-02;5;824;9;3;3100,0
9578;2026-06-25;4;85600;10;5;2480,0
9579;2026-08-05;1;774;14;2;2480,0
9580;2023-05-11;2;898;18;2;1860,0
9581;2026-06-19;4;774;9;4;1240,0
9582;2023-02-04;2;774;13;1;3100,0
9583;2025-11-23;5;62535;15;5;3100,0
9584;2025-09-08;4;810;21;2;3100,0
9585;2023-03-01;3;824;12;5;2480,0
9586;2025-03-31;4;85600;11;3;2480,0
9587;2023-03-06;4;91200;17;1;3100,0
9588;2023-12-08;3;18346;18;3;1240,0
9589;2025-03-05;2;40315;16;3;3100,0
9590;2025-05-29;2;18346;8;2;2480,0
9591;2024-08-12;3;18346;17;5;620,0
9592;2024-08-18;5;810;10;1;2480,0
9593;2025-08-27;5;824;16;5;620,0
9594;2026-07-11;1;3382;19;2;1860,0
9595;2025-10-14;4;824;12;4;1240,0
9596;2024-10-12;5;91200;17;3;1860,0
9597;2026-02-10;4;774;16;3;2480,0
9598;2025-10-04;4;85600;13;5;3100,0
9599;2024-02-07;4;774;10;2;3100,0
9600;2023-11-03;3;62535;13;3;3100,0
9601;2025-10-20;1;40315;20;4;1240,0
9602;2026-01-26;3;85600;21;4;620,0
9603;2023-10-31;2;810;11;4;1240,0
9604;2025-07-04;3;810;8;3;2480,0
9605;2025-06-09;2;62535;8;5;1240,0
9606;2024-08-16;1;18346;13;4;1240,0
9607;2024-11-07;5;824;9;2;2480,0
9608;2024-07-17;1;40315;12;5;1240,0
9609;2024-02-22;4;3382;18;3;1860,0
9610;2025-12-16;3;62535;17;4;2480,0
9611;2023-08-14;3;3382;14;2;1860,0
9612;2025-02-16;2;898;16;3;2480,0
9613;2025-01-30;3;62535;12;1;3100,0
9614;2025-05-08;3;810;10;1;1860,0
9615;2023-11-16;4;774;18;3;2480,0
9616;2024-06-15;3;18346;17;1;2480,0
9617;2023-05-25;5;3382;10;2;3100,0
9618;2024-06-25;5;85600;10;4;2480,0
9619;2023-04-20;2;810;12;4;2480,0
9620;2024-11-25;3;3382;18;2;2480,0
9621;2026-02-21;2;774;19;1;1860,0
9622;2023-08-01;5;3382;13;2;1860,0
9623;2026-06-02;5;3382;19;4;3100,0
9624;2024-10-07;1;824;15;4;3100,0
9625;2024-04-30;4;18346;10;2;3100,0
9626;2026-07-14;5;85600;21;4;620,0
9627;2025-04-10;1;91200;8;4;3100,0
9628;2025-11-17;1;40315;8;1;3100,0
9629;2026-08-22;1;40315;14;4;1860,0
9630;2023-02-15;3;40315;20;4;2480,0
9631;2023-05-24;4;774;12;3;620,0
9632;2026-01-10;4;810;8;2;2480,0
9633;2026-04-04;1;774;15;2;1860,0
9634;2025-01-20;4;898;9;3;1240,0
9635;2025-02-11;3;824;9;4;620,0
9636;2026-02-13;3;774;10;1;1240,0
9637;2023-11-05;3;774;14;1;2480,0
9638;2024-11-05;3;18346;20;2;3100,0
9639;2024-09-15;4;824;16;2;3100,0
9640;2025-06-25;2;18346;9;4;3100,0
9641;2024-10-11;1;91200;15;3;1240,0
9642;2023-06-02;1;898;17;5;3100,0
9643;2023-12-24;3;774;12;4;620,0
9644;2024-11-23;5;824;9;1;620,0
9645;2026-04-26;5;18346;16;2;1860,0
9646;2023-08-05;2;40315;15;5;620,0
9647;2025-05-05;2;91200;20;2;2480,0
9648;2025-11-23;5;40315;12;1;1240,0
9649;2023-06-26;2;774;12;5;3100,0
9650;2025-09-22;1;85600;15;4;620,0
9651;2024-01-01;3;91200;19;1;1860,0
9652;2023-05-08;2;40315;13;3;1240,0
9653;2024-09-10;2;810;12;2;1240,0
9654;2026-08-13;3;898;8;2;620,0
9655;2025-03-08;3;810;20;3;2480,0
9656;2025-06-03;2;810;18;3;620,0
9657;2025-09-14;5;824;11;3;3100,0
9658;2023-08-25;4;774;8;2;2480,0
9659;2024-03-02;5;898;11;2;620,0
9660;2026-01-18;3;810;13;3;1240,0
9661;2026-06-06;4;40315;13;3;1240,0
9662;2024-01-13;4;3382;12;1;620,0
9663;2025-06-30;2;3382;14;1;3100,0
9664;2024-08-24;2;18346;9;4;3100,0
9665;2024-02-12;4;3382;14;3;1240,0
9666;2023-03-03;1;810;19;3;1240,0
9667;2025-12-13;5;898;13;1;3100,0
9668;2024-12-15;4;62535;10;3;1860,0
9669;2025-02-12;5;810;10;5;2480,0
9670;2025-04-26;2;85600;17;3;1860,0
9671;2025-11-14;2;824;17;1;1860,0
9672;2023-05-21;4;898;9;3;3100,0
9673;2025-05-12;3;774;9;2;1240,0
9674;2025-05-27;4;810;21;3;620,0
9675;2025-11-06;2;18346;18;1;620,0
9676;2024-02-28;1;810;20;4;1240,0
9677;2025-02-14;5;62535;10;5;2480,0
9678;2024-10-22;3;18346;14;1;3100,0
9679;2023-02-19;3;898;9;3;1860,0
9680;2023-05-07;2;18346;14;1;3100,0
9681;2024-02-20;3;898;17;3;1860,0
9682;2026-05-19;4;898;11;1;620,0
9683;2026-04-24;5;3382;19;3;2480,0
9684;2025-09-15;3;62535;9;5;3100,0
9685;2024-03-27;1;824;20;3;620,0
9686;2024-08-10;4;91200;12;4;3100,0
9687;2026-04-21;2;824;10;4;1860,0
9688;2024-11-05;5;774;12;3;1860,0
9689;2024-02-21;1;3382;13;5;2480,0
9690;2024-06-04;4;91200;15;1;2480,0
9691;2023-10-30;1;91200;11;5;3100,0
9692;2025-11-23;5;898;10;1;3100,0
9693;2023-11-15;5;3382;14;1;620,0
9694;2023-10-27;4;40315;12;3;2480,0
9695;2026-05-05;2;40315;17;1;2480,0
9696;2025-11-28;1;3382;8;4;1860,0
9697;2025-06-20;4;3382;14;4;2480,0
9698;2025-06-27;5;810;12;5;1860,0
9699;2023-10-23;4;85600;17;5;2480,0
9700;2024-09-27;3;898;15;2;1240,0
9701;2023-11-30;3;91200;16;3;620,0
9702;2026-05-26;4;91200;21;2;1860,0
9703;2023-12-26;1;40315;9;3;2480,0
9704;2023-08-31;3;91200;14;5;2480,0
9705;2025-03-24;4;3382;8;2;1240,0
9706;2024-07-14;2;18346;8;1;2480,0
9707;2023-03-08;5;40315;16;5;3100,0
9708;2026-06-12;3;40315;9;2;3100,0
9709;2026-07-10;1;824;16;2;1240,0
9710;2023-01-04;3;774;13;3;1860,0
9711;2025-08-07;4;774;17;4;1240,0
9712;2025-05-17;2;824;15;4;1860,0
9713;2024-04-13;4;62535;15;5;1240,0
9714;2024-04-01;3;898;15;5;1860,0
9715;2025-12-01;5;18346;14;4;2480,0
9716;2024-05-09;3;774;20;4;620,0
9717;2024-05-28;1;62535;18;4;2480,0
9718;2026-07-05;5;85600;13;3;1240,0
9719;2023-03-12;2;40315;11;4;2480,0
9720;2026-01-02;3;810;12;2;620,0
9721;2025-06-10;4;810;12;2;1240,0
9722;2023-06-08;4;898;9;4;1240,0
9723;2026-02-19;4;3382;9;2;2480,0
9724;2025-07-06;1;3382;17;1;3100,0
9725;2024-04-04;3;824;11;2;620,0
9726;2023-04-08;1;18346;13;1;620,0
9727;2023-08-26;2;62535;18;5;620,0
9728;2024-03-23;3;91200;12;5;3100,0
9729;2024-08-01;4;40315;15;4;620,0
9730;2025-12-02;2;3382;10;4;1240,0
9731;2025-10-10;3;62535;14;2;620,0
9732;2025-01-12;3;40315;13;2;1860,0
9733;2025-01-09;4;824;12;3;1240,0
9734;2024-04-28;4;62535;12;3;2480,0
9735;2024-07-26;5;91200;20;4;1240,0
9736;2025-07-24;3;62535;17;3;620,0
9737;2024-07-04;3;91200;18;4;620,0
9738;2025-05-01;2;3382;21;2;2480,0
9739;2023-08-11;5;91200;11;3;3100,0
9740;2024-11-11;4;810;12;2;1860,0
9741;2024-02-22;2;824;13;1;620,0
9742;2024-07-08;4;85600;11;2;3100,0
9743;2026-06-26;4;85600;14;4;2480,0
9744;2023-07-06;5;62535;13;3;1860,0
9745;2025-01-28;2;898;19;3;1860,0
9746;2023-11-30;3;85600;19;4;3100,0
9747;2024-02-02;2;3382;8;1;1860,0
9748;2025-09-01;5;18346;18;3;1240,0
9749;2024-11-11;5;810;18;1;1240,0
9750;2023-09-18;1;898;20;5;3100,0
9751;2025-06-01;1;62535;15;2;1240,0
9752;2025-02-08;4;18346;14;1;2480,0
9753;2025-05-12;4;898;8;4;2480,0
9754;2023-04-09;3;810;11;5;2480,0
9755;2026-03-04;1;18346;21;4;1860,0
9756;2026-05-21;2;40315;8;4;1860,0
9757;2025-07-09;3;3382;12;4;1860,0
9758;2024-12-13;5;824;9;5;1860,0
9759;2026-02-14;5;91200;10;3;620,0
9760;2025-07-25;2;810;8;3;2480,0
9761;2024-02-01;4;774;18;3;1240,0
9762;2025-02-04;4;824;12;4;2480,0
9763;2025-11-12;4;810;14;5;1860,0
9764;2025-12-30;2;18346;12;4;2480,0
9765;2024-09-14;3;810;14;1;1240,0
9766;2025-04-02;1;810;14;5;2480,0
9767;2026-07-31;1;3382;21;3;2480,0
9768;2024-09-02;2;85600;14;3;620,0
9769;2025-01-31;5;40315;20;1;1240,0
9770;2025-12-16;3;824;8;4;620,0
9771;2025-07-30;2;3382;17;4;3100,0
9772;2024-06-14;5;824;12;3;1860,0
9773;2024-07-08;4;3382;19;5;1240,0
9774;2025-12-19;5;91200;15;2;1240,0
9775;2024-12-13;2;40315;10;5;1860,0
9776;2025-11-27;3;18346;14;3;620,0
9777;2024-04-23;4;40315;13;1;2480,0
9778;2023-06-01;4;810;11;5;1860,0
9779;2024-09-15;4;898;18;3;3100,0
9780;2025-08-01;3;3382;17;4;1860,0
9781;2025-04-28;3;18346;10;3;3100,0
9782;2024-11-06;5;85600;20;3;1860,0
9783;2026-07-19;2;18346;17;4;1860,0
9784;2026-06-10;5;91200;20;4;620,0
9785;2023-06-13;4;85600;13;1;1860,0
9786;2023-08-06;3;810;10;5;1860,0
9787;2023-07-30;5;810;15;4;2480,0
9788;2025-01-09;3;898;21;2;2480,0
9789;2024-01-31;2;898;20;3;2480,0
9790;2024-11-23;2;40315;9;2;3100,0
9791;2026-04-01;2;3382;17;4;1860,0
9792;2023-04-22;5;824;16;2;1860,0
9793;2026-03-01;4;18346;21;2;3100,0
9794;2025-05-10;1;898;13;3;2480,0
9795;2024-05-17;3;3382;8;3;1240,0
9796;2024-06-10;4;810;8;3;620,0
9797;2024-11-11;5;85600;8;1;1240,0
9798;2025-11-10;4;898;16;1;1860,0
9799;2023-12-11;3;62535;19;3;2480,0
9800;2023-04-06;3;810;18;3;1240,0
9801;2024-04-03;5;810;21;4;1240,0
9802;2023-12-18;3;898;18;1;620,0
9803;2024-07-01;4;18346;10;3;2480,0
9804;2023-11-29;3;85600;12;2;1240,0
9805;2026-06-24;5;898;20;1;3100,0
9806;2026-07-01;2;85600;12;3;1860,0
9807;2025-11-08;3;62535;21;2;620,0
9808;2024-09-18;5;40315;19;5;2480,0
9809;2023-01-26;5;810;16;2;620,0
9810;2025-12-07;5;774;16;1;1860,0
9811;2025-08-29;3;85600;16;3;620,0
9812;2024-08-21;2;40315;19;1;1240,0
9813;2024-06-26;4;774;17;4;1860,0
9814;2025-07-30;5;898;17;4;1240,0
9815;2024-12-10;4;774;21;4;1240,0
9816;2023-10-09;3;824;19;4;2480,0
9817;2025-10-25;1;824;14;3;2480,0
9818;2026-02-18;4;85600;13;4;3100,0
9819;2023-12-08;1;824;11;1;2480,0
9820;2025-05-06;4;824;15;1;1240,0
9821;2023-02-23;3;18346;18;3;1860,0
9822;2024-10-01;3;40315;8;4;620,0
9823;2025-10-26;3;85600;21;1;1240,0
9824;2023-01-14;3;824;10;1;2480,0
9825;2026-05-07;5;91200;13;5;3100,0
9826;2023-04-23;3;91200;21;5;620,0
9827;2023-06-03;2;40315;18;3;3100,0
9828;2025-01-17;3;774;11;2;3100,0
9829;2025-07-29;3;3382;16;5;2480,0
9830;2026-06-19;1;40315;10;1;1860,0
9831;2025-05-15;4;91200;14;5;1240,0
9832;2024-06-02;3;85600;14;4;620,0
9833;2026-03-17;5;40315;13;1;2480,0
9834;2024-07-03;4;62535;21;4;1240,0
9835;2024-05-31;1;898;9;5;1240,0
9836;2026-01-15;5;810;11;3;1860,0
9837;2024-05-23;3;18346;17;2;2480,0
9838;2024-12-08;2;3382;8;1;1240,0
9839;2026-05-17;5;85600;15;5;620,0
9840;2025-09-02;2;40315;15;5;1240,0
9841;2024-04-12;4;40315;9;3;1240,0
9842;2026-03-28;2;62535;15;2;2480,0
9843;2023-07-11;4;85600;16;3;1860,0
9844;2024-04-05;1;40315;20;4;2480,0
9845;2023-06-06;3;898;11;4;1860,0
9846;2026-08-01;5;91200;10;1;620,0
9847;2023-08-17;3;91200;12;1;2480,0
9848;2024-10-31;5;810;19;3;3100,0
9849;2024-01-11;5;898;20;1;3100,0
9850;2024-05-06;3;40315;8;5;2480,0
9851;2024-06-20;4;810;20;4;1860,0
9852;2025-06-16;2;824;8;3;2480,0
9853;2025-06-30;5;824;17;2;2480,0
9854;2023-09-16;2;62535;19;5;2480,0
9855;2025-12-28;5;85600;10;2;1240,0
9856;2023-11-24;1;62535;12;4;2480,0
9857;2023-03-19;3;85600;14;1;1240,0
9858;2025-03-11;2;85600;14;4;3100,0
9859;2025-07-22;5;85600;18;3;2480,0
9860;2024-12-24;3;62535;20;5;2480,0
9861;2024-01-02;2;810;10;3;620,0
9862;2024-11-09;3;810;19;1;620,0
9863;2025-08-19;3;85600;10;2;1240,0
9864;2024-04-08;5;898;14;4;2480,0
9865;2024-04-11;2;91200;13;3;2480,0
9866;2025-09-16;5;3382;21;1;1860,0
9867;2024-11-11;1;810;11;5;1240,0
9868;2026-06-19;3;810;19;5;1860,0
9869;2026-02-01;4;40315;17;2;3100,0
9870;2024-07-01;4;898;13;3;1240,0
9871;2023-08-01;4;85600;10;5;620,0
9872;2024-04-09;1;40315;11;1;620,0
9873;2023-07-17;3;18346;18;2;1860,0
9874;2023-05-15;1;40315;21;1;2480,0
9875;2025-12-12;5;3382;18;1;3100,0
9876;2023-02-03;4;810;13;2;2480,0
9877;2024-12-07;1;18346;10;4;3100,0
9878;2023-12-26;4;18346;9;3;1860,0
9879;2026-07-13;1;18346;8;1;2480,0
9880;2026-03-03;5;85600;21;4;1240,0
9881;2025-05-21;5;824;9;2;1860,0
9882;2025-02-21;5;40315;12;1;1240,0
9883;2024-02-13;4;62535;18;3;620,0
9884;2026-07-13;2;62535;12;5;2480,0
9885;2025-06-08;4;824;20;2;1860,0
9886;2023-01-21;1;824;10;3;2480,0
9887;2024-05-26;5;91200;12;2;1240,0
9888;2024-03-15;5;810;15;4;620,0
9889;2023-12-18;5;824;21;1;2480,0
9890;2024-06-30;2;85600;10;1;1860,0
9891;2025-05-21;2;774;15;1;3100,0
9892;2025-02-04;5;18346;19;3;1860,0
9893;2023-08-21;5;774;15;1;2480,0
9894;2023-01-12;2;85600;15;4;620,0
9895;2026-02-11;1;91200;21;1;2480,0
9896;2024-01-06;2;62535;13;5;1240,0
9897;2025-06-29;5;85600;14;2;1240,0
9898;2026-06-24;1;824;21;1;2480,0
9899;2023-03-01;4;85600;10;5;1240,0
9900;2024-02-11;5;774;21;1;1860,0
9901;2024-07-27;1;91200;11;4;1860,0
9902;2023-02-17;1;3382;14;2;3100,0
9903;2025-09-07;3;18346;13;1;3100,0
9904;2023-09-08;4;40315;12;5;1860,0
9905;2025-04-05;2;810;9;4;620,0
9906;2025-11-22;3;85600;12;5;2480,0
9907;2025-02-19;2;91200;16;2;1240,0
9908;2025-03-21;4;91200;17;3;620,0
9909;2024-08-12;3;898;10;4;1240,0
9910;2023-08-03;3;91200;16;2;2480,0
9911;2024-02-13;2;62535;14;3;3100,0
9912;2025-04-27;3;3382;18;5;1860,0
9913;2023-10-16;5;3382;9;3;1240,0
9914;2024-01-26;1;774;16;2;620,0
9915;2025-01-26;2;774;19;2;3100,0
9916;2024-12-16;3;824;9;2;3100,0
9917;2024-10-23;1;810;20;5;3100,0
9918;2023-10-20;3;774;17;4;3100,0
9919;2023-06-12;2;774;18;1;2480,0
9920;2025-04-19;3;3382;12;3;3100,0
9921;2026-04-30;2;62535;10;1;620,0
9922;2025-08-14;3;91200;15;2;1860,0
9923;2025-11-13;3;40315;21;2;1240,0
9924;2024-12-19;2;62535;19;3;3100,0
9925;2026-05-15;4;18346;11;4;3100,0
9926;2025-09-13;1;62535;16;5;2480,0
9927;2024-02-28;4;91200;14;4;2480,0
9928;2024-10-09;4;898;17;5;3100,0
9929;2023-03-12;3;18346;9;4;3100,0
9930;2023-05-28;1;85600;20;5;1240,0
9931;2025-10-31;2;3382;19;4;1240,0
9932;2024-05-19;3;824;11;4;1240,0
9933;2024-01-05;3;62535;8;5;620,0
9934;2025-10-12;3;810;18;5;3100,0
9935;2025-11-07;1;810;19;5;1240,0
9936;2026-08-08;1;774;8;1;1860,0
9937;2023-07-05;2;85600;18;1;1240,0
9938;2026-03-29;4;85600;12;3;1860,0
9939;2024-12-01;3;62535;20;2;1860,0
9940;2024-02-17;2;91200;19;1;1860,0
9941;2025-01-25;1;824;13;3;3100,0
9942;2025-03-24;1;40315;14;3;1240,0
9943;2023-01-09;1;62535;15;1;620,0
9944;2026-07-21;2;40315;10;1;620,0
9945;2025-03-14;2;810;13;5;1860,0
9946;2026-05-06;3;85600;20;5;2480,0
9947;2025-12-05;3;810;18;1;620,0
9948;2023-09-05;4;18346;15;1;1240,0
9949;2023-01-01;5;91200;11;2;620,0
9950;2025-03-26;1;62535;18;1;3100,0
9951;2024-02-15;5;824;12;4;3100,0
9952;2023-10-28;4;62535;8;1;1240,0
9953;2025-08-30;4;62535;19;2;2480,0
9954;2023-08-11;1;774;21;5;3100,0
9955;2025-04-07;4;40315;13;3;620,0
9956;2026-03-01;3;824;8;3;620,0
9957;2024-04-14;3;824;17;2;2480,0
9958;2024-07-12;4;40315;14;5;2480,0
9959;2026-06-02;1;18346;9;4;3100,0
9960;2023-09-03;4;62535;15;4;1860,0
9961;2025-03-03;3;3382;16;5;1860,0
9962;2025-06-05;4;824;20;4;620,0
9963;2023-06-24;4;40315;10;1;1860,0
9964;2023-12-28;5;824;21;2;3100,0
9965;2025-01-10;2;91200;21;1;620,0
9966;2025-10-04;3;898;12;2;2480,0
9967;2025-01-27;5;898;14;3;3100,0
9968;2023-08-31;1;898;13;3;1860,0
9969;2025-04-26;3;40315;12;4;1240,0
9970;2024-12-20;5;85600;10;1;2480,0
9971;2025-12-03;1;810;17;4;1860,0
9972;2026-03-04;5;774;21;2;620,0
9973;2023-04-07;2;3382;20;4;620,0
9974;2025-01-24;3;810;21;2;3100,0
9975;2026-06-15;3;898;19;2;3100,0
9976;2024-02-21;5;810;12;3;620,0
9977;2024-05-08;1;774;12;3;3100,0
9978;2026-06-28;1;40315;17;4;3100,0
9979;2023-10-27;2;40315;12;5;620,0
9980;2025-07-14;5;774;14;2;1860,0
9981;2026-07-16;3;85600;9;1;1860,0
9982;2023-03-20;1;62535;17;3;2480,0
9983;2024-03-23;2;18346;10;1;3100,0
9984;2023-01-27;1;91200;8;3;3100,0
9985;2025-06-16;1;85600;14;3;620,0
9986;2024-07-22;2;3382;9;2;2480,0
9987;2026-01-28;1;18346;16;4;3100,0
9988;2026-06-26;4;62535;10;2;2480,0
9989;2025-10-18;1;40315;19;1;620,0
9990;2025-04-05;2;824;14;1;620,0
9991;2023-09-12;2;774;10;4;620,0
9992;2025-01-14;1;62535;16;3;1240,0
9993;2025-08-27;1;774;15;2;2480,0
9994;2024-05-28;4;810;9;5;1860,0
9995;2023-05-05;4;824;18;1;620,0
9996;2026-02-06;4;18346;11;5;1860,0
9997;2023-06-19;5;824;9;3;2480,0
9998;2026-05-21;2;85600;9;3;1240,0
9999;2023-12-12;1;18346;13;1;1860,0
10000;2023-06-15;3;898;20;2;620,0
10001;2025-06-04;1;91200;12;3;620,0
10002;2025-07-02;1;18346;14;1;1860,0
10003;2023-08-11;4;898;13;2;620,0
10004;2024-07-15;3;91200;8;1;1240,0
10005;2026-06-26;2;810;8;4;620,0
